record_id,fecha_de_inicio,fecha_de_fin,fecha_del_registro,nombre_de_la_actividad,tipo_de_actividad,qu_tem_tica_s_aborda_la_ac,en_qu_estrategia_plan_inte,asist_total,asist_hombres,asist_mujeres,n_mero_de_horas,n_mero_de_sesiones,apellidos_y_nombre,distrito0,unidad_asistencial,unidad_asistencial_2,sexo,categor_a_profesional,especialidad_de_enfermer_a,horario,localidad_donde_se_realiza,es_una_zona_desfavorecidas,lugar_de_realizaci_n_de_la,poblaci_n_destinataria
1,03/06/2024,01/07/2024,04/06/2024,Rehabilitación respiratoria,10,21,22,13,9,4,8.0,5,"Cortés Torres, Sara",0,0,,F,5,,1,Albayzín,0,3,2
2,22/03/2025,29/03/2025,25/03/2025,Sesión formativa: dolor crónico,22,8,23,20,7,13,3.2,2,"Jiménez Castro, Laura",0,0,,F,5,,0,Albayzín,0,13,2
3,22/05/2025,05/06/2025,23/05/2025,Sesión formativa: higiene postural,22,12,5,13,5,8,5.1,3,"Díaz Castro, Lucía",0,0,,F,5,,1,Albayzín,0,2,7
4,10/10/2025,14/11/2025,11/10/2025,Taller de primeros auxilios,23,22,2,27,11,16,17.4,6,"Cortés Torres, Sara",0,0,,F,5,,0,Albayzín,0,8,4
5,08/05/2024,12/06/2024,12/05/2024,Programa educación maternal,11,3,17,13,2,11,10.2,6,"Vargas Ruiz, Irene",0,0,,F,7,,2,Albayzín,0,12,0
6,30/01/2024,13/02/2024,30/01/2024,Sesión formativa: voluntades vitales,22,29,6,5,3,2,5.1,3,"Suárez Cruz, Miguel",0,0,,M,6,,2,Albayzín,0,13,6
7,09/04/2025,09/04/2025,14/04/2025,Charla sobre consumo alcohol,0,6,15,30,14,16,0.8,1,"Suárez Cruz, Miguel",0,0,,M,6,,0,Albayzín,0,6,14
8,31/12/2024,14/01/2025,31/12/2024,Taller de parentalidad positiva,23,20,7,16,5,11,6.0,3,"Vargas Ruiz, Irene",0,0,,F,7,,0,Albayzín,0,5,0
9,21/07/2025,20/10/2025,21/07/2025,Grupo diabetológico,7,29,14,14,5,9,35.0,14,"Ramos Delgado, Patricia",0,0,,F,2,3,1,Albayzín,0,5,0
10,20/04/2024,01/06/2024,23/04/2024,Taller de prev. accidentes,23,21,9,17,6,11,18.2,7,"Cortés Aguilar, Miguel",0,0,,M,5,,0,Albayzín,0,14,4
11,20/03/2025,10/04/2025,24/03/2025,Taller de lactancia materna,23,15,10,21,5,16,8.8,4,"Ortiz Suárez, Carmen",0,0,,F,2,7,1,Albayzín,0,2,1
12,07/04/2024,09/06/2024,10/04/2024,Grupo cuidadoras,5,6,12,13,5,8,21.0,10,"Ramos Delgado, Patricia",0,0,,F,2,3,0,Albayzín,1,12,8
13,04/09/2025,27/11/2025,06/09/2025,Grupo EPOC/asma,8,12,18,11,4,7,20.8,13,"Jiménez Castro, Laura",0,0,,F,5,,1,Albayzín,0,8,5
14,01/04/2025,29/04/2025,02/04/2025,Grupo diabetológico,7,1,17,25,9,16,8.5,5,"Ramos Delgado, Patricia",0,0,,F,2,3,2,Albayzín,0,14,7
15,15/10/2024,22/10/2024,19/10/2024,Sesión formativa: higiene postural,22,12,19,8,3,5,2.8,2,"Cortés Aguilar, Miguel",0,0,,M,5,,0,Albayzín,0,3,11
16,17/07/2024,17/07/2024,21/07/2024,Charla sobre incontinencia,0,13,19,53,16,37,1.0,1,"Jiménez Castro, Laura",0,0,,F,5,,0,Albayzín,0,4,12
17,04/07/2025,19/09/2025,05/07/2025,Programa educación maternal,11,15,14,18,3,15,19.2,12,"Vargas Ruiz, Irene",0,0,,F,7,,0,Albayzín,0,8,7
18,06/05/2025,27/05/2025,06/05/2025,Mapeo de activos: consumo alcohol,18,6,8,16,3,13,6.8,4,"González Molina, Elena",0,0,,F,13,,2,Albayzín,0,10,12
19,18/03/2024,18/03/2024,20/03/2024,Charla sobre parentalidad positiva,0,20,4,30,14,16,1.1,1,"Montero Lara, Lucía",0,0,,F,13,,0,Albayzín,0,12,8
20,07/05/2024,18/06/2024,09/05/2024,Programa educación maternal,11,27,6,16,3,13,15.4,7,"Vargas Vega, Carlos",0,0,,M,7,,0,Albayzín,0,11,12
21,29/01/2025,05/02/2025,30/01/2025,Reunión coordinación — consumo alcohol,3,6,8,4,1,3,2.4,2,"Ramos Delgado, Patricia",0,0,,F,2,3,1,Albayzín,0,6,10
22,22/05/2024,22/05/2024,23/05/2024,Mesa informativa: bienestar emocional,19,4,25,48,22,26,0.9,1,"Vargas Vega, Carlos",0,0,,M,7,,2,Albayzín,0,12,8
23,13/05/2024,20/05/2024,14/05/2024,Sesión clínica: dolor crónico,21,8,23,11,6,5,3.4,2,"Jiménez Castro, Laura",0,0,,F,5,,1,Albayzín,0,0,3
24,25/10/2024,08/11/2024,30/10/2024,Taller de act. física,23,1,16,21,8,13,5.7,3,"Romero Torres, Sergio",0,0,,M,7,,2,Albayzín,0,7,1
25,07/01/2025,08/04/2025,07/01/2025,Grupo cuidadoras,5,20,13,19,7,12,33.6,14,"Vargas Vega, Carlos",0,0,,M,7,,2,Albayzín,0,11,8
26,09/03/2025,04/05/2025,14/03/2025,Rehabilitación cardiaca,9,13,15,12,6,6,18.9,9,"Jiménez Castro, Laura",0,0,,F,5,,2,Albayzín,1,1,2
27,09/11/2025,31/12/2025,13/11/2025,IAHS,14,9,7,15,5,10,24.0,12,"Vargas Vega, Carlos",0,0,,M,7,,2,Albayzín,0,4,15
28,12/11/2024,11/02/2025,14/11/2024,Grupo dolor crónico,6,22,7,23,7,16,30.8,14,"Díaz Castro, Lucía",0,0,,F,5,,1,Albayzín,0,5,1
29,19/11/2024,03/12/2024,20/11/2024,Reunión coordinación — higiene manos,3,11,12,7,4,3,3.6,3,"Ortiz Suárez, Carmen",0,0,,F,2,7,0,Albayzín,0,14,9
30,06/02/2025,13/03/2025,07/02/2025,Programa educación maternal,11,29,2,23,2,21,9.6,6,"Ramos Delgado, Patricia",0,0,,F,2,3,2,Albayzín,1,2,4
31,17/09/2025,31/12/2025,17/09/2025,Grupo dolor crónico,6,13,12,15,8,7,30.4,16,"Cortés Torres, Sara",0,0,,F,5,,2,Albayzín,0,10,13
32,09/02/2025,09/03/2025,14/02/2025,GRUSE,13,28,5,21,8,13,10.0,5,"Montero Lara, Lucía",0,0,,F,13,,0,Albayzín,0,14,1
33,02/07/2025,20/08/2025,02/07/2025,IAHS,14,4,3,11,5,6,19.2,8,"Vargas Ruiz, Irene",0,0,,F,7,,1,Albayzín,0,14,15
34,20/09/2024,11/10/2024,20/09/2024,Ponencia: tabaco,20,7,21,68,25,43,9.6,4,"Suárez Cruz, Miguel",0,0,,M,6,,0,Albayzín,0,13,13
35,08/12/2024,29/12/2024,09/12/2024,PIOBIN,15,7,7,16,8,8,9.2,4,"Ortiz Suárez, Carmen",0,0,,F,2,7,0,Albayzín,0,14,8
36,14/01/2025,04/03/2025,14/01/2025,Grupo cuidadoras,5,7,2,19,10,9,19.2,8,"Ramos Delgado, Patricia",0,0,,F,2,3,1,Albayzín,0,4,0
37,23/11/2025,31/12/2025,25/11/2025,PIOBIN,15,29,25,15,4,11,22.8,12,"Ramos Delgado, Patricia",0,0,,F,2,3,1,Albayzín,0,8,0
38,05/05/2024,12/05/2024,10/05/2024,Taller de IRAS,23,14,15,20,11,9,3.4,2,"González Molina, Elena",0,0,,F,13,,0,Albayzín,0,3,0
39,22/02/2025,03/05/2025,26/02/2025,Grupo cuidadoras,5,8,21,14,7,7,18.7,11,"Ramos Delgado, Patricia",0,0,,F,2,3,0,Albayzín,0,12,13
40,26/05/2024,02/06/2024,31/05/2024,Sesión formativa: parentalidad positiva,22,20,17,25,7,18,3.6,2,"Ramos Delgado, Patricia",0,0,,F,2,3,0,Albayzín,0,2,15
41,12/02/2025,16/04/2025,13/02/2025,IAHS,14,7,9,15,5,10,22.0,10,"Torres Hidalgo, Raquel",0,0,,F,2,2,1,Albayzín,0,6,14
42,13/11/2025,20/11/2025,15/11/2025,Sesión formativa: tabaco,22,7,18,15,8,7,3.2,2,"Suárez Cruz, Miguel",0,0,,M,6,,1,Albayzín,0,1,6
43,31/07/2025,31/07/2025,05/08/2025,Sesión formativa: tabaco,22,7,15,17,7,10,1.6,1,"Ortiz Suárez, Carmen",0,0,,F,2,7,1,Albayzín,0,14,15
44,27/02/2025,13/03/2025,02/03/2025,Taller de prev. accidentes,23,21,17,17,6,11,8.4,3,"Cortés Torres, Sara",0,0,,F,5,,2,Albayzín,1,8,11
45,29/11/2025,31/12/2025,04/12/2025,Grupo EPOC/asma,8,8,23,15,5,10,23.4,13,"Torres Hidalgo, Raquel",0,0,,F,2,2,1,Albayzín,0,5,2
46,24/03/2025,31/03/2025,24/03/2025,Mapeo de activos: IRAS,18,14,1,18,6,12,3.4,2,"González Molina, Elena",0,0,,F,13,,0,Albayzín,0,7,13
47,07/07/2025,14/07/2025,11/07/2025,Sesión formativa: prev. accidentes,22,21,24,9,4,5,3.6,2,"Díaz Castro, Lucía",0,0,,F,5,,0,Albayzín,0,9,15
48,02/07/2025,30/07/2025,07/07/2025,Programa educación maternal,11,20,6,12,0,12,9.0,5,"Vargas Vega, Carlos",0,0,,M,7,,1,Albayzín,0,10,10
49,14/02/2024,21/02/2024,16/02/2024,Sesión formativa: manejo enf. crónicas,22,16,8,21,6,15,3.0,2,"González Molina, Elena",0,0,,F,13,,0,Albayzín,1,10,6
50,10/07/2024,10/07/2024,10/07/2024,Sesión clínica: alimentación saludable,21,3,19,7,2,5,1.6,1,"Vargas Ruiz, Irene",0,0,,F,7,,1,Albayzín,0,0,3
51,08/11/2024,24/01/2025,10/11/2024,Rehabilitación respiratoria,10,21,20,23,15,8,24.0,12,"Cortés Aguilar, Miguel",0,0,,M,5,,1,Albayzín,0,12,8
52,08/07/2025,21/10/2025,11/07/2025,Grupo cuidadoras,5,29,23,18,7,11,30.4,16,"Torres Hidalgo, Raquel",0,0,,F,2,2,0,Albayzín,0,1,9
53,24/06/2025,24/06/2025,27/06/2025,Charla sobre parentalidad positiva,0,20,22,24,8,16,1.5,1,"Montero Lara, Lucía",0,0,,F,13,,0,Albayzín,0,13,11
54,27/01/2024,27/04/2024,27/01/2024,Grupo diabetológico,7,7,13,13,6,7,30.8,14,"Ramos Delgado, Patricia",0,0,,F,2,3,2,Albayzín,0,9,7
55,10/08/2024,10/08/2024,13/08/2024,Mesa informativa: lactancia materna,19,15,7,51,27,24,0.6,1,"González Molina, Elena",0,0,,F,13,,2,Albayzín,0,12,6
56,12/06/2025,26/06/2025,13/06/2025,Sesión clínica: prev. accidentes,21,21,3,13,4,9,3.6,3,"Vargas Vega, Carlos",0,0,,M,7,,2,Albayzín,0,8,11
57,23/03/2024,06/04/2024,28/03/2024,Sesión formativa: alimentación saludable,22,3,15,18,7,11,4.2,3,"Torres Hidalgo, Raquel",0,0,,F,2,2,2,Albayzín,0,9,8
58,14/11/2025,31/12/2025,17/11/2025,PSIA,17,7,22,11,1,10,33.6,16,"Ramos Delgado, Patricia",0,0,,F,2,3,0,Albayzín,0,0,12
59,05/07/2025,05/07/2025,05/07/2025,Actividad PS: primeros auxilios,1,22,20,84,17,67,2.5,1,"López Torres, Amparo",0,1,,F,11,,0,Almanjáyar,1,9,13
60,02/10/2025,02/10/2025,02/10/2025,Sesión clínica: alimentación saludable,21,3,11,18,8,10,1.1,1,"Molina Jiménez, Víctor",0,1,,M,6,,2,Almanjáyar,1,1,13
61,27/01/2025,27/01/2025,31/01/2025,Mesa informativa: salud bucodental,19,23,16,39,20,19,1.2,1,"López Lara, Irene",0,1,,F,14,,0,Almanjáyar,1,3,12
62,07/02/2025,21/03/2025,12/02/2025,Programa educación maternal,11,7,7,24,0,24,10.5,7,"Vega Morales, Amparo",0,1,,F,2,1,0,Almanjáyar,1,13,14
63,14/01/2024,28/01/2024,16/01/2024,Sesión clínica: consumo alcohol,21,6,19,6,2,4,4.5,3,"Alonso Guerrero, Virginia",0,1,,F,4,,1,Almanjáyar,1,13,4
64,22/07/2024,22/07/2024,26/07/2024,Charla sobre vacunación,0,27,1,54,11,43,0.7,1,"Alonso Guerrero, Virginia",0,1,,F,4,,1,Almanjáyar,1,4,6
65,07/09/2025,19/10/2025,12/09/2025,Taller de violencia género,23,28,16,10,5,5,17.5,7,"Fernández González, Ana",0,1,,F,13,,0,Almanjáyar,1,10,0
66,08/12/2025,29/12/2025,11/12/2025,Mapeo de activos: higiene manos,18,11,9,32,15,17,6.4,4,"Fuentes García, Andrés",0,1,,M,11,,0,Almanjáyar,1,2,14
67,07/02/2025,28/02/2025,09/02/2025,Reunión coordinación — tabaco,3,7,16,4,1,3,4.8,4,"Alonso Guerrero, Virginia",0,1,,F,4,,0,Almanjáyar,1,5,10
68,07/03/2024,07/03/2024,09/03/2024,Actividad PS: IRAS,24,14,13,24,6,18,1.9,1,"Fuentes García, Andrés",0,1,,M,11,,2,Almanjáyar,1,6,15
69,16/09/2025,14/10/2025,18/09/2025,Taller de vacunación,23,27,12,11,2,9,8.0,5,"Molina Jiménez, Víctor",0,1,,M,6,,1,Almanjáyar,1,12,6
70,15/06/2025,15/06/2025,20/06/2025,Sesión formativa: alimentación saludable,22,3,3,26,6,20,1.3,1,"Alonso Carmona, Carlos",0,1,,M,9,,2,Almanjáyar,1,3,3
71,23/02/2024,01/03/2024,24/02/2024,Taller de alimentación saludable,23,3,24,21,11,10,3.4,2,"Alonso Carmona, Carlos",0,1,,M,9,,2,Almanjáyar,1,4,8
72,21/11/2024,19/12/2024,26/11/2024,PSIA,17,26,16,25,3,22,11.0,5,"Alonso Carmona, Carlos",0,1,,M,9,,1,Almanjáyar,1,3,14
73,23/04/2024,23/04/2024,26/04/2024,Actividad PS: enf. transmisibles,24,9,15,8,3,5,1.8,1,"Fuentes García, Andrés",0,1,,M,11,,0,Almanjáyar,1,2,5
74,25/01/2025,22/02/2025,25/01/2025,PSIA,17,8,7,15,0,15,9.5,5,"Vega Morales, Amparo",0,1,,F,2,1,2,Almanjáyar,1,1,14
75,11/05/2025,06/07/2025,16/05/2025,GRAFA,12,2,12,19,6,13,17.1,9,"Alonso Carmona, Carlos",0,1,,M,9,,1,Almanjáyar,1,10,4
76,30/12/2025,31/12/2025,03/01/2026,PSIA,17,6,20,19,2,17,16.0,8,"Alonso Carmona, Carlos",0,1,,M,9,,1,Almanjáyar,1,9,8
77,09/02/2025,16/02/2025,09/02/2025,Sesión formativa: salud bucodental,22,23,17,14,3,11,2.0,2,"López García, Virginia",0,1,,F,14,,0,Almanjáyar,1,14,9
78,06/04/2024,27/04/2024,07/04/2024,Reunión coordinación — lactancia materna,3,15,19,4,2,2,5.2,4,"Fernández González, Ana",0,1,,F,13,,1,Almanjáyar,1,12,1
79,03/01/2025,17/01/2025,06/01/2025,Sesión clínica: otras temáticas,21,30,18,19,8,11,4.8,3,"Alonso Guerrero, Virginia",0,1,,F,4,,2,Almanjáyar,1,6,12
80,14/11/2025,14/11/2025,16/11/2025,Mesa informativa: conducta suicida,19,5,24,23,6,17,1.6,1,"Fernández González, Ana",0,1,,F,13,,0,Almanjáyar,1,10,7
81,07/10/2025,07/10/2025,08/10/2025,Mesa informativa: menopausia,19,17,5,21,6,15,1.6,1,"Alonso Guerrero, Virginia",0,1,,F,4,,1,Almanjáyar,1,13,11
82,12/09/2024,12/09/2024,15/09/2024,Charla sobre act. física,0,1,15,10,4,6,0.8,1,"Vega Morales, Amparo",0,1,,F,2,1,1,Almanjáyar,1,5,1
83,08/09/2024,17/11/2024,13/09/2024,GRUSE,13,24,23,12,3,9,20.9,11,"Fernández González, Ana",0,1,,F,13,,0,Almanjáyar,1,7,11
84,24/06/2024,19/08/2024,25/06/2024,Grupo EPOC/asma,8,3,19,17,4,13,21.6,9,"Vega Morales, Amparo",0,1,,F,2,1,1,Almanjáyar,1,5,6
85,06/01/2025,31/03/2025,11/01/2025,PSIA,17,27,21,11,2,9,19.5,13,"Vega Morales, Amparo",0,1,,F,2,1,1,Almanjáyar,1,7,14
86,25/09/2025,16/10/2025,29/09/2025,Actividad PS: tabaco,4,7,5,7,4,3,8.0,4,"Molina Jiménez, Víctor",0,1,,M,6,,2,Almanjáyar,1,1,10
87,13/03/2025,13/03/2025,13/03/2025,Charla sobre salud bucodental,0,23,7,16,8,8,0.7,1,"López Lara, Irene",0,1,,F,14,,2,Almanjáyar,1,6,9
88,17/10/2024,17/10/2024,22/10/2024,Sesión formativa: prev. accidentes,22,21,3,26,11,15,1.9,1,"Alonso Carmona, Carlos",0,1,,M,9,,0,Almanjáyar,1,10,1
89,03/05/2025,03/05/2025,04/05/2025,Sesión formativa: act. física,22,1,10,21,8,13,1.1,1,"Molina Jiménez, Víctor",0,1,,M,6,,2,Almanjáyar,1,1,11
90,29/10/2025,29/10/2025,01/11/2025,Mesa informativa: consumo alcohol,19,6,10,29,13,16,0.6,1,"Alonso Carmona, Carlos",0,1,,M,9,,2,Almanjáyar,1,11,8
91,20/04/2024,27/04/2024,23/04/2024,Actividad PS: act. física,24,1,11,23,6,17,3.4,2,"Molina Jiménez, Víctor",0,1,,M,6,,0,Almanjáyar,1,8,15
92,27/09/2024,27/09/2024,01/10/2024,Actividad PS: higiene manos,24,11,21,7,3,4,2.0,1,"López Torres, Amparo",0,1,,F,11,,1,Almanjáyar,1,3,11
93,20/01/2024,17/02/2024,25/01/2024,Ponencia: otras temáticas,20,30,2,100,33,67,7.0,5,"Fuentes García, Andrés",0,1,,M,11,,2,Almanjáyar,1,7,4
94,28/04/2024,26/05/2024,30/04/2024,Ponencia: prev. accidentes,20,21,15,120,60,60,10.5,5,"Fuentes García, Andrés",0,1,,M,11,,1,Almanjáyar,1,13,1
95,23/07/2025,23/07/2025,26/07/2025,Mesa informativa: salud bucodental,19,23,7,36,12,24,1.7,1,"López García, Virginia",0,1,,F,14,,2,Almanjáyar,1,14,0
96,07/09/2024,21/12/2024,11/09/2024,PSIA,17,4,13,23,4,19,28.8,16,"Alonso Carmona, Carlos",0,1,,M,9,,1,Almanjáyar,1,12,6
97,21/02/2024,28/02/2024,25/02/2024,Actividad PS: enf. transmisibles,24,9,14,19,4,15,3.2,2,"Fuentes García, Andrés",0,1,,M,11,,0,Almanjáyar,1,3,12
98,10/12/2024,11/03/2025,11/12/2024,IAHS,14,12,4,16,8,8,28.0,14,"Vega Morales, Amparo",0,1,,F,2,1,0,Almanjáyar,1,7,13
99,04/04/2024,11/04/2024,08/04/2024,Sesión formativa: alimentación saludable,22,3,21,29,15,14,3.2,2,"López García, Virginia",0,1,,F,14,,2,Almanjáyar,1,10,14
100,22/04/2024,22/04/2024,25/04/2024,Mesa informativa: otras temáticas,19,30,18,20,10,10,0.9,1,"Molina Jiménez, Víctor",0,1,,M,6,,2,Almanjáyar,1,10,3
101,30/11/2024,11/01/2025,04/12/2024,Grupo diabetológico,7,21,10,11,3,8,12.6,7,"Vega Morales, Amparo",0,1,,F,2,1,0,Almanjáyar,1,5,15
102,02/02/2024,23/02/2024,07/02/2024,Grupo dolor crónico,6,20,22,15,7,8,10.0,4,"Vega Morales, Amparo",0,1,,F,2,1,1,Almanjáyar,1,4,7
103,15/06/2024,22/06/2024,15/06/2024,Sesión formativa: enf. transmisibles,22,9,18,6,3,3,2.4,2,"López Torres, Amparo",0,1,,F,11,,0,Almanjáyar,1,11,5
104,03/12/2025,17/12/2025,05/12/2025,Sesión formativa: primeros auxilios,22,22,6,14,8,6,4.8,3,"Fuentes García, Andrés",0,1,,M,11,,1,Almanjáyar,1,12,11
105,23/04/2024,07/05/2024,26/04/2024,Sesión clínica: salud bucodental,21,23,9,23,5,18,3.3,3,"López Lara, Irene",0,1,,F,14,,2,Almanjáyar,1,9,11
106,30/03/2025,27/04/2025,04/04/2025,Ponencia: bienestar emocional,20,4,21,100,25,75,10.5,5,"Molina Jiménez, Víctor",0,1,,M,6,,2,Almanjáyar,1,0,3
107,27/05/2024,10/06/2024,30/05/2024,Sesión formativa: vacunación,22,27,25,6,2,4,3.0,3,"López García, Virginia",0,1,,F,14,,0,Almanjáyar,1,14,5
108,17/06/2024,17/06/2024,21/06/2024,Mesa informativa: consumo alcohol,19,6,20,21,10,11,1.3,1,"Alonso Guerrero, Virginia",0,1,,F,4,,0,Almanjáyar,1,3,4
109,25/12/2025,31/12/2025,28/12/2025,PSIA,17,1,16,17,3,14,19.8,11,"Alonso Carmona, Carlos",0,1,,M,9,,2,Almanjáyar,1,13,14
110,28/08/2025,28/08/2025,30/08/2025,Charla sobre voluntades vitales,0,29,12,34,12,22,1.6,1,"Molina Jiménez, Víctor",0,1,,M,6,,2,Almanjáyar,1,13,0
111,20/09/2025,20/09/2025,25/09/2025,Mesa informativa: salud bucodental,19,23,15,16,4,12,1.9,1,"López García, Virginia",0,1,,F,14,,0,Almanjáyar,1,8,6
112,01/01/2025,19/02/2025,02/01/2025,IAHS,14,19,6,12,5,7,14.4,8,"Alonso Carmona, Carlos",0,1,,M,9,,2,Almanjáyar,1,0,2
113,14/10/2025,14/10/2025,17/10/2025,Mesa informativa: bienestar emocional,19,4,19,56,23,33,1.3,1,"Molina Jiménez, Víctor",0,1,,M,6,,0,Almanjáyar,1,2,2
114,28/10/2024,06/01/2025,28/10/2024,GRAFA,12,4,5,14,3,11,19.8,11,"Alonso Carmona, Carlos",0,1,,M,9,,2,Almanjáyar,1,11,1
115,18/10/2024,25/10/2024,18/10/2024,Sesión formativa: uso medicamento,22,25,6,29,15,14,2.6,2,"Alonso Guerrero, Virginia",0,1,,F,4,,2,Almanjáyar,1,14,6
116,10/04/2024,24/04/2024,15/04/2024,Taller de uso medicamento,23,25,22,18,4,14,8.1,3,"López Lara, Irene",0,1,,F,14,,2,Almanjáyar,1,7,12
117,12/04/2024,03/05/2024,13/04/2024,Reunión coordinación — otras temáticas,3,30,8,8,2,6,7.6,4,"Molina Jiménez, Víctor",0,1,,M,6,,0,Almanjáyar,1,2,11
118,19/08/2025,19/08/2025,21/08/2025,Mesa informativa: IRAS,19,14,7,40,22,18,0.6,1,"Fuentes García, Andrés",0,1,,M,11,,0,Almanjáyar,1,1,7
119,04/04/2024,25/04/2024,09/04/2024,Reunión coordinación — sexualidad,3,24,15,6,2,4,7.2,4,"Fernández González, Ana",0,1,,F,13,,1,Almanjáyar,1,12,7
120,19/04/2025,19/04/2025,19/04/2025,Mesa informativa: vacunación,19,27,20,49,17,32,0.6,1,"López García, Virginia",0,1,,F,14,,2,Almanjáyar,1,4,5
121,16/03/2025,16/03/2025,20/03/2025,Mapeo de activos: violencia género,18,28,23,32,17,15,1.7,1,"Fernández González, Ana",0,1,,F,13,,1,Almanjáyar,1,13,9
122,01/05/2024,15/05/2024,04/05/2024,Sesión formativa: higiene postural,22,12,24,21,9,12,4.8,3,"Vega Morales, Amparo",0,1,,F,2,1,0,Almanjáyar,1,14,12
123,23/10/2024,13/11/2024,23/10/2024,Reunión coordinación — vacunación,3,27,17,5,1,4,5.2,4,"Molina Jiménez, Víctor",0,1,,M,6,,0,Almanjáyar,1,9,4
124,23/05/2025,22/08/2025,26/05/2025,IAHS,14,19,22,17,5,12,32.2,14,"Alonso Carmona, Carlos",0,1,,M,9,,0,Almanjáyar,1,7,1
125,05/01/2024,12/01/2024,06/01/2024,Actividad PS: alimentación saludable,4,3,11,28,7,21,3.6,2,"Molina Jiménez, Víctor",0,1,,M,6,,2,Almanjáyar,1,0,15
126,08/12/2024,15/12/2024,08/12/2024,Sesión formativa: higiene manos,22,11,1,14,5,9,3.2,2,"Fuentes García, Andrés",0,1,,M,11,,2,Almanjáyar,1,14,15
127,29/06/2025,13/07/2025,30/06/2025,Sesión formativa: uso medicamento,22,25,1,10,4,6,4.2,3,"López García, Virginia",0,1,,F,14,,2,Almanjáyar,1,14,12
128,26/06/2025,28/08/2025,26/06/2025,IAHS,14,27,25,19,10,9,21.0,10,"Rubio Montero, Pilar",0,2,,F,2,8,2,Cartuja,0,0,9
129,05/02/2025,21/05/2025,08/02/2025,Grupo diabetológico,7,4,20,8,3,5,33.6,16,"Molina Reyes, Silvia",0,2,,F,2,9,1,Cartuja,0,11,4
130,19/03/2025,02/04/2025,22/03/2025,Sesión formativa: vacunación,22,27,18,22,5,17,3.9,3,"Flores Carmona, Carmen",0,2,,F,4,,0,Cartuja,0,1,8
131,01/09/2025,29/09/2025,05/09/2025,Ponencia: manejo enf. crónicas,20,16,15,34,15,19,7.0,5,"Ortiz Fernández, Carmen",0,2,,F,6,,2,Cartuja,0,9,8
132,10/07/2025,21/08/2025,15/07/2025,PSIA,17,7,13,22,2,20,10.5,7,"Rubio Montero, Pilar",0,2,,F,2,8,2,Cartuja,0,6,10
133,07/07/2025,18/08/2025,07/07/2025,PSIA,17,20,4,22,0,22,11.2,7,"Gutiérrez Suárez, Irene",0,2,,F,9,,1,Cartuja,0,13,14
134,04/06/2024,23/07/2024,08/06/2024,Programa educación maternal,11,21,15,8,0,8,16.8,8,"Molina Reyes, Silvia",0,2,,F,2,9,2,Cartuja,0,3,15
135,19/02/2025,19/02/2025,24/02/2025,Reunión coordinación — menopausia,3,17,1,9,3,6,1.8,1,"Flores Carmona, Carmen",0,2,,F,4,,2,Cartuja,0,14,13
136,23/10/2025,13/11/2025,24/10/2025,Reunión coordinación — envejecimiento,3,10,22,10,2,8,6.0,4,"Rubio Gutiérrez, Carmen",0,2,,F,2,5,1,Cartuja,0,13,3
137,13/03/2024,13/03/2024,15/03/2024,Sesión formativa: sexualidad,22,24,20,7,2,5,1.3,1,"Gutiérrez Suárez, Irene",0,2,,F,9,,0,Cartuja,0,6,12
138,09/04/2025,09/04/2025,14/04/2025,Mesa informativa: otras temáticas,19,30,1,31,13,18,2.0,1,"Rubio García, Raquel",0,2,,F,9,,0,Cartuja,0,9,12
139,06/06/2025,27/06/2025,08/06/2025,Rehabilitación respiratoria,10,6,12,14,8,6,9.2,4,"Molina Reyes, Silvia",0,2,,F,2,9,2,Cartuja,0,5,0
140,12/09/2025,26/09/2025,16/09/2025,Reunión coordinación — act. física,3,1,15,2,1,1,3.9,3,"Blanco Vega, Inmaculada",0,2,,F,6,,1,Cartuja,0,14,7
141,19/11/2025,31/12/2025,22/11/2025,PITA,16,7,18,22,8,14,15.4,7,"Gutiérrez Suárez, Irene",0,2,,F,9,,0,Cartuja,0,3,8
142,23/10/2024,27/11/2024,26/10/2024,PITA,16,18,22,8,4,4,12.0,6,"Rubio García, Raquel",0,2,,F,9,,0,Cartuja,0,11,11
143,31/05/2024,31/05/2024,04/06/2024,Sesión formativa: otras formas fumar,22,19,24,13,6,7,1.3,1,"Rubio García, Raquel",0,2,,F,9,,1,Cartuja,0,9,3
144,20/05/2025,27/05/2025,23/05/2025,Reunión coordinación — bienestar emocional,3,4,8,6,2,4,3.2,2,"Molina Reyes, Silvia",0,2,,F,2,9,2,Cartuja,0,9,14
145,30/01/2025,20/02/2025,04/02/2025,Programa educación maternal,11,15,3,15,2,13,9.6,4,"Molina Reyes, Silvia",0,2,,F,2,9,1,Cartuja,0,8,13
146,16/06/2024,16/06/2024,20/06/2024,Mesa informativa: otras adicciones,19,18,19,14,5,9,1.2,1,"Flores Carmona, Carmen",0,2,,F,4,,2,Cartuja,0,10,14
147,22/06/2025,29/06/2025,27/06/2025,Taller de otras temáticas,23,30,1,17,4,13,3.6,2,"Blanco Vega, Inmaculada",0,2,,F,6,,1,Cartuja,0,0,8
148,03/06/2024,02/09/2024,05/06/2024,Grupo cuidadoras,5,7,2,14,6,8,33.6,14,"Molina Reyes, Silvia",0,2,,F,2,9,1,Cartuja,0,4,6
149,03/06/2024,22/07/2024,06/06/2024,Taller de uso medicamento,23,25,11,21,11,10,12.8,8,"Flores Carmona, Carmen",0,2,,F,4,,1,Cartuja,0,12,10
150,15/05/2025,21/08/2025,20/05/2025,Programa educación maternal,11,29,25,14,2,12,24.0,15,"Rubio Montero, Pilar",0,2,,F,2,8,0,Cartuja,0,14,7
151,26/07/2024,16/08/2024,29/07/2024,Taller de menopausia,23,17,25,24,10,14,6.8,4,"Flores Carmona, Carmen",0,2,,F,4,,1,Cartuja,0,2,11
152,07/11/2024,07/11/2024,10/11/2024,Mesa informativa: tabaco,19,7,13,35,8,27,1.7,1,"Blanco Vega, Inmaculada",0,2,,F,6,,1,Cartuja,0,5,12
153,02/05/2025,04/07/2025,02/05/2025,IAHS,14,16,19,23,8,15,21.0,10,"Rubio Montero, Pilar",0,2,,F,2,8,0,Cartuja,0,13,6
154,20/04/2024,27/04/2024,21/04/2024,Sesión clínica: manejo enf. crónicas,21,16,1,13,3,10,3.0,2,"Ortiz Fernández, Carmen",0,2,,F,6,,2,Cartuja,0,5,2
155,31/08/2025,28/09/2025,01/09/2025,Taller de menopausia,23,17,8,25,13,12,8.5,5,"Flores Carmona, Carmen",0,2,,F,4,,2,Cartuja,0,2,8
156,22/12/2025,22/12/2025,22/12/2025,Charla sobre manejo enf. crónicas,0,16,13,49,10,39,0.8,1,"Flores Carmona, Carmen",0,2,,F,4,,1,Cartuja,0,1,15
157,16/01/2024,23/04/2024,17/01/2024,Grupo diabetológico,7,1,1,14,4,10,25.5,15,"Rubio Montero, Pilar",0,2,,F,2,8,0,Cartuja,0,2,1
158,02/07/2025,02/07/2025,07/07/2025,Mesa informativa: menopausia,19,17,11,46,24,22,1.8,1,"Flores Carmona, Carmen",0,2,,F,4,,2,Cartuja,0,14,12
159,02/06/2025,04/08/2025,02/06/2025,Rehabilitación respiratoria,10,21,14,22,15,7,25.0,10,"Molina Reyes, Silvia",0,2,,F,2,9,2,Cartuja,0,10,15
160,29/06/2024,10/08/2024,30/06/2024,IAHS,14,3,7,25,12,13,17.5,7,"Rubio Montero, Pilar",0,2,,F,2,8,1,Cartuja,0,4,3
161,08/08/2024,14/11/2024,08/08/2024,IAHS,14,16,21,25,9,16,25.5,15,"Rubio Gutiérrez, Carmen",0,2,,F,2,5,2,Cartuja,0,5,3
162,04/02/2025,04/03/2025,04/02/2025,Rehabilitación cardiaca,9,1,12,8,5,3,11.5,5,"Rubio Montero, Pilar",0,2,,F,2,8,1,Cartuja,0,13,10
163,18/03/2025,24/06/2025,22/03/2025,IAHS,14,6,8,11,3,8,27.0,15,"Rubio Montero, Pilar",0,2,,F,2,8,2,Cartuja,0,6,9
164,02/07/2025,16/07/2025,07/07/2025,Sesión formativa: bienestar emocional,22,4,6,26,12,14,5.4,3,"Gutiérrez Suárez, Irene",0,2,,F,9,,1,Cartuja,0,8,14
165,19/02/2024,19/02/2024,22/02/2024,Actividad PS: uso medicamento,4,25,19,30,10,20,1.1,1,"Blanco Vega, Inmaculada",0,2,,F,6,,0,Cartuja,0,10,11
166,27/12/2025,27/12/2025,30/12/2025,Charla sobre alimentación saludable,0,3,5,15,8,7,0.9,1,"Rubio Montero, Pilar",0,2,,F,2,8,2,Cartuja,0,3,10
167,04/12/2024,04/12/2024,08/12/2024,Charla sobre consumo alcohol,0,6,2,45,20,25,0.6,1,"Blanco Vega, Inmaculada",0,2,,F,6,,0,Cartuja,0,0,13
168,23/02/2025,13/04/2025,27/02/2025,Grupo diabetológico,7,4,4,21,11,10,17.6,8,"Rubio Montero, Pilar",0,2,,F,2,8,2,Cartuja,0,14,3
169,13/04/2024,13/07/2024,14/04/2024,Grupo cuidadoras,5,3,12,24,13,11,21.0,14,"Molina Reyes, Silvia",0,2,,F,2,9,2,Cartuja,0,12,13
170,05/07/2025,05/07/2025,08/07/2025,Ponencia: salud bucodental,20,23,17,54,27,27,2.3,1,"Gutiérrez Suárez, Irene",0,2,,F,9,,1,Cartuja,0,4,2
171,14/11/2024,21/11/2024,15/11/2024,Reunión coordinación — otras temáticas,3,30,10,5,1,4,3.8,2,"Flores Carmona, Carmen",0,2,,F,4,,0,Cartuja,0,3,3
172,29/05/2024,29/05/2024,31/05/2024,Charla sobre consumo alcohol,0,6,21,24,5,19,0.7,1,"Flores Carmona, Carmen",0,2,,F,4,,0,Cartuja,0,4,1
173,28/12/2024,15/02/2025,30/12/2024,GRAFA,12,30,16,24,10,14,15.2,8,"Rubio García, Raquel",0,2,,F,9,,0,Cartuja,1,12,6
174,10/02/2024,16/03/2024,14/02/2024,Taller de alimentación saludable,23,3,21,20,10,10,13.8,6,"Rubio García, Raquel",0,2,,F,9,,1,Cartuja,0,11,10
175,23/05/2024,30/05/2024,23/05/2024,Actividad PS: manejo enf. crónicas,24,16,24,35,17,18,2.2,2,"Ortiz Fernández, Carmen",0,2,,F,6,,1,Cartuja,0,8,7
176,25/07/2025,25/07/2025,28/07/2025,Ponencia: prev. accidentes,20,21,12,59,20,39,2.7,1,"Gutiérrez Suárez, Irene",0,2,,F,9,,0,Cartuja,0,0,4
177,16/04/2025,02/07/2025,21/04/2025,Rehabilitación cardiaca,9,15,8,13,6,7,28.8,12,"Molina Reyes, Silvia",0,2,,F,2,9,1,Cartuja,0,0,2
178,09/09/2024,16/09/2024,13/09/2024,Sesión clínica: vacunación,21,27,17,7,4,3,2.4,2,"Flores Carmona, Carmen",0,2,,F,4,,2,Cartuja,1,3,15
179,16/04/2024,16/04/2024,16/04/2024,Sesión formativa: tabaco,22,7,5,7,2,5,1.3,1,"Rubio Montero, Pilar",0,2,,F,2,8,1,Cartuja,0,5,13
180,13/07/2024,03/08/2024,15/07/2024,IAHS,14,29,23,8,4,4,9.6,4,"Molina Reyes, Silvia",0,2,,F,2,9,2,Cartuja,0,4,0
181,07/05/2025,07/05/2025,08/05/2025,Actividad PS: voluntades vitales,4,29,22,40,14,26,1.5,1,"Ortiz Fernández, Carmen",0,2,,F,6,,2,Cartuja,0,8,1
182,13/02/2025,13/02/2025,17/02/2025,Actividad PS: tabaco,4,7,20,34,11,23,1.6,1,"Ortiz Fernández, Carmen",0,2,,F,6,,2,Cartuja,0,0,4
183,28/02/2025,28/02/2025,01/03/2025,Mesa informativa: act. física,19,1,12,36,9,27,1.7,1,"Ortiz Fernández, Carmen",0,2,,F,6,,2,Cartuja,0,1,2
184,09/01/2025,16/01/2025,12/01/2025,Sesión formativa: bienestar emocional,22,4,18,16,7,9,2.2,2,"Blanco Vega, Inmaculada",0,2,,F,6,,2,Cartuja,0,3,4
185,16/07/2024,03/09/2024,17/07/2024,PIOBIN,15,15,5,15,4,11,14.4,8,"Molina Reyes, Silvia",0,2,,F,2,9,2,Cartuja,0,8,0
186,28/07/2024,04/08/2024,30/07/2024,Actividad PS: tabaco,24,7,16,33,15,18,3.6,2,"Ortiz Fernández, Carmen",0,2,,F,6,,2,Cartuja,0,6,1
187,27/12/2025,31/12/2025,30/12/2025,Sesión formativa: prev. accidentes,22,21,18,20,6,14,3.3,3,"Gutiérrez Suárez, Irene",0,2,,F,9,,0,Cartuja,0,12,15
188,13/05/2024,13/05/2024,15/05/2024,Sesión formativa: vacunación,22,27,22,9,2,7,1.6,1,"Ortiz Fernández, Carmen",0,2,,F,6,,1,Cartuja,1,1,13
189,26/09/2025,10/10/2025,27/09/2025,Reunión coordinación — manejo enf. crónicas,3,16,20,2,1,1,4.8,3,"Blanco Vega, Inmaculada",0,2,,F,6,,2,Cartuja,1,8,8
190,22/12/2024,05/01/2025,23/12/2024,Sesión formativa: menopausia,22,17,11,7,2,5,5.7,3,"Flores Carmona, Carmen",0,2,,F,4,,1,Cartuja,0,13,8
191,06/04/2025,22/06/2025,07/04/2025,Rehabilitación respiratoria,10,20,10,8,5,3,27.6,12,"Rubio Montero, Pilar",0,2,,F,2,8,0,Cartuja,0,9,10
192,11/08/2024,25/08/2024,15/08/2024,Reunión coordinación — voluntades vitales,3,29,18,7,3,4,3.3,3,"Blanco Vega, Inmaculada",0,2,,F,6,,2,Cartuja,0,13,3
193,21/08/2024,27/11/2024,26/08/2024,PIOBIN,15,30,11,23,5,18,27.0,15,"Rubio García, Raquel",0,2,,F,9,,2,Cartuja,0,10,8
194,21/11/2024,12/12/2024,24/11/2024,Reunión coordinación — act. física,3,1,21,4,1,3,8.0,4,"Blanco Vega, Inmaculada",0,2,,F,6,,1,Cartuja,0,3,6
195,20/03/2024,20/03/2024,25/03/2024,Charla sobre uso medicamento,0,25,13,59,17,42,1.3,1,"Flores Carmona, Carmen",0,2,,F,4,,0,Cartuja,0,10,0
196,17/04/2024,17/04/2024,18/04/2024,Mesa informativa: manejo enf. crónicas,19,16,4,43,9,34,0.6,1,"Blanco Vega, Inmaculada",0,2,,F,6,,1,Cartuja,0,14,13
197,16/07/2024,15/10/2024,17/07/2024,GRUSE,13,6,22,14,5,9,32.2,14,"Rubio García, Raquel",0,2,,F,9,,0,Cartuja,0,4,12
198,19/07/2025,19/07/2025,21/07/2025,Charla sobre primeros auxilios,0,22,10,40,20,20,2.0,1,"Gutiérrez Suárez, Irene",0,2,,F,9,,1,Cartuja,0,5,9
199,22/03/2024,12/04/2024,24/03/2024,Grupo cuidadoras,5,12,12,12,4,8,10.0,4,"Rubio Gutiérrez, Carmen",0,2,,F,2,5,1,Cartuja,0,0,7
200,31/12/2024,28/01/2025,04/01/2025,Ponencia: violencia género,20,28,25,95,51,44,11.0,5,"Gutiérrez Suárez, Irene",0,2,,F,9,,2,Cartuja,0,13,13
201,04/05/2024,17/08/2024,09/05/2024,Programa educación maternal,11,9,15,20,1,19,35.2,16,"Rubio Montero, Pilar",0,2,,F,2,8,2,Cartuja,1,12,5
202,27/11/2025,31/12/2025,02/12/2025,PIOBIN,15,29,14,21,8,13,11.2,7,"Rubio Gutiérrez, Carmen",0,2,,F,2,5,2,Cartuja,0,5,6
203,06/07/2025,19/10/2025,10/07/2025,Grupo dolor crónico,6,3,16,16,8,8,38.4,16,"Rubio Ruiz, Mercedes",0,3,,F,2,1,2,Casería de Montijo,1,7,5
204,10/12/2025,10/12/2025,11/12/2025,Mesa informativa: higiene manos,19,11,13,17,4,13,1.9,1,"Serrano Morales, José",0,3,,M,11,,0,Casería de Montijo,1,13,4
205,05/02/2024,05/02/2024,08/02/2024,Sesión formativa: uso medicamento,22,25,17,23,8,15,1.1,1,"Espinosa Torres, Inmaculada",0,3,,F,14,,0,Casería de Montijo,1,5,8
206,05/03/2025,23/04/2025,06/03/2025,Taller de vacunación,23,27,4,12,5,7,17.6,8,"Espinosa Torres, Inmaculada",0,3,,F,14,,1,Casería de Montijo,1,1,14
207,01/09/2025,15/09/2025,05/09/2025,Reunión coordinación — enf. transmisibles,3,9,25,10,2,8,3.3,3,"Cabrera Ramos, José",0,3,,M,2,8,2,Casería de Montijo,1,4,6
208,03/08/2025,14/09/2025,03/08/2025,Rehabilitación cardiaca,9,15,10,14,7,7,14.0,7,"Cabrera Ramos, José",0,3,,M,2,8,0,Casería de Montijo,1,11,15
209,01/02/2024,15/02/2024,02/02/2024,Sesión clínica: manejo enf. crónicas,21,16,10,10,2,8,3.0,3,"Alonso Ortiz, Elena",0,3,,F,6,,2,Casería de Montijo,1,3,5
210,14/12/2025,14/12/2025,17/12/2025,Charla sobre vacunación,0,27,13,59,15,44,1.7,1,"Montero García, Rafael",0,3,,M,14,,1,Casería de Montijo,1,3,7
211,26/11/2025,31/12/2025,26/11/2025,Grupo dolor crónico,6,11,24,9,4,5,27.3,13,"Delgado González, Ramón",0,3,,M,2,4,1,Casería de Montijo,1,14,1
212,25/11/2025,30/12/2025,27/11/2025,Taller de sexualidad,23,24,12,23,10,13,14.4,6,"Díaz Ortiz, Laura",0,3,,F,8,,0,Casería de Montijo,1,13,15
213,15/10/2024,15/10/2024,19/10/2024,Charla sobre vacunación,0,27,18,40,13,27,1.3,1,"Espinosa Torres, Inmaculada",0,3,,F,14,,1,Casería de Montijo,1,8,2
214,20/08/2025,03/09/2025,21/08/2025,Taller de otras adicciones,23,18,7,30,10,20,5.4,3,"Díaz Ortiz, Laura",0,3,,F,8,,1,Casería de Montijo,1,0,3
215,15/05/2025,31/07/2025,17/05/2025,Rehabilitación respiratoria,10,1,8,21,11,10,19.2,12,"Delgado González, Ramón",0,3,,M,2,4,0,Casería de Montijo,1,11,9
216,16/12/2025,31/12/2025,20/12/2025,PITA,16,9,7,11,5,6,11.0,5,"Cabrera Ramos, José",0,3,,M,2,8,1,Casería de Montijo,1,0,5
217,07/09/2024,12/10/2024,12/09/2024,Taller de bienestar emocional,23,4,23,12,3,9,17.4,6,"Díaz Ortiz, Laura",0,3,,F,8,,2,Casería de Montijo,1,7,6
218,01/05/2025,08/05/2025,03/05/2025,Mapeo de activos: prev. accidentes,18,21,1,28,7,21,3.2,2,"Serrano Morales, José",0,3,,M,11,,0,Casería de Montijo,1,0,12
219,22/05/2025,22/05/2025,22/05/2025,Charla sobre tabaco,0,7,22,54,20,34,2.0,1,"Flores Guerrero, Cristina",0,3,,F,9,,0,Casería de Montijo,1,11,12
220,02/02/2025,27/04/2025,06/02/2025,GRAFA,12,26,25,24,13,11,23.4,13,"Flores Guerrero, Cristina",0,3,,F,9,,0,Casería de Montijo,1,3,13
221,30/05/2025,15/08/2025,31/05/2025,Grupo diabetológico,7,3,23,17,4,13,28.8,12,"Delgado González, Ramón",0,3,,M,2,4,0,Casería de Montijo,1,5,3
222,07/10/2024,28/10/2024,10/10/2024,Reunión coordinación — higiene postural,3,12,8,5,3,2,6.8,4,"Delgado González, Ramón",0,3,,M,2,4,1,Casería de Montijo,1,13,15
223,01/05/2024,01/05/2024,06/05/2024,Charla sobre vacunación,0,27,7,51,18,33,1.6,1,"Montero García, Rafael",0,3,,M,14,,2,Casería de Montijo,1,10,5
224,10/02/2025,26/05/2025,15/02/2025,Grupo dolor crónico,6,20,13,16,5,11,35.2,16,"Cabrera Ramos, José",0,3,,M,2,8,2,Casería de Montijo,1,1,11
225,01/07/2024,15/07/2024,06/07/2024,Actividad PS: enf. transmisibles,24,9,22,35,19,16,5.7,3,"Serrano Morales, José",0,3,,M,11,,1,Casería de Montijo,1,2,12
226,30/12/2025,30/12/2025,30/12/2025,Mesa informativa: higiene manos,19,11,16,11,6,5,1.4,1,"Serrano Morales, José",0,3,,M,11,,1,Casería de Montijo,1,0,6
227,06/08/2024,20/08/2024,11/08/2024,Mapeo de activos: primeros auxilios,18,22,22,38,15,23,3.6,3,"Serrano Morales, José",0,3,,M,11,,1,Casería de Montijo,1,12,15
228,12/02/2024,08/04/2024,14/02/2024,PSIA,17,21,17,14,0,14,17.1,9,"Rubio Ruiz, Mercedes",0,3,,F,2,1,2,Casería de Montijo,1,4,10
229,06/10/2024,27/10/2024,11/10/2024,Reunión coordinación — alimentación saludable,3,3,5,9,3,6,4.4,4,"Alonso Ortiz, Elena",0,3,,F,6,,2,Casería de Montijo,1,5,14
230,11/12/2025,31/12/2025,13/12/2025,Programa educación maternal,11,6,13,12,1,11,24.2,11,"Delgado González, Ramón",0,3,,M,2,4,2,Casería de Montijo,1,6,4
231,01/08/2025,01/08/2025,05/08/2025,Mesa informativa: act. física,19,1,21,31,15,16,1.2,1,"Flores Guerrero, Cristina",0,3,,F,9,,2,Casería de Montijo,1,4,15
232,05/11/2025,31/12/2025,05/11/2025,Grupo diabetológico,7,27,9,13,7,6,33.6,14,"Cabrera Ramos, José",0,3,,M,2,8,0,Casería de Montijo,1,2,12
233,14/06/2025,19/07/2025,17/06/2025,Actividad PS: vacunación,1,27,14,40,21,19,14.4,6,"Serrano Morales, José",0,3,,M,11,,0,Casería de Montijo,1,7,2
234,24/09/2025,08/10/2025,24/09/2025,Sesión clínica: uso medicamento,21,25,22,14,7,7,4.5,3,"Espinosa Torres, Inmaculada",0,3,,F,14,,2,Casería de Montijo,1,12,3
235,22/03/2024,19/04/2024,22/03/2024,Taller de salud bucodental,23,23,6,22,9,13,7.5,5,"Montero García, Rafael",0,3,,M,14,,2,Casería de Montijo,1,10,15
236,27/11/2024,01/01/2025,29/11/2024,Taller de uso medicamento,23,25,20,25,11,14,9.6,6,"Montero García, Rafael",0,3,,M,14,,1,Casería de Montijo,1,3,2
237,02/11/2024,16/11/2024,03/11/2024,Sesión formativa: alimentación saludable,22,3,5,8,2,6,5.1,3,"Alonso Ortiz, Elena",0,3,,F,6,,0,Casería de Montijo,1,6,1
238,30/10/2024,30/10/2024,31/10/2024,Mesa informativa: tabaco,19,7,1,10,2,8,0.5,1,"Alonso Ortiz, Elena",0,3,,F,6,,0,Casería de Montijo,1,11,15
239,18/01/2024,18/04/2024,20/01/2024,PITA,16,23,4,12,7,5,32.2,14,"Flores Guerrero, Cristina",0,3,,F,9,,2,Casería de Montijo,1,1,13
240,30/10/2024,20/11/2024,01/11/2024,Mapeo de activos: vacunación,18,27,5,22,6,16,4.0,4,"Serrano Morales, José",0,3,,M,11,,1,Casería de Montijo,1,14,1
241,20/08/2025,22/10/2025,22/08/2025,PSIA,17,9,1,21,1,20,16.0,10,"Delgado González, Ramón",0,3,,M,2,4,2,Casería de Montijo,1,3,2
242,25/05/2025,01/06/2025,30/05/2025,Reunión coordinación — consumo alcohol,3,6,15,10,5,5,3.6,2,"Cabrera Ramos, José",0,3,,M,2,8,0,Casería de Montijo,1,0,0
243,19/01/2024,09/02/2024,24/01/2024,Reunión coordinación — voluntades vitales,3,29,19,6,3,3,5.2,4,"Rubio Ruiz, Mercedes",0,3,,F,2,1,1,Casería de Montijo,1,2,11
244,13/04/2025,18/05/2025,13/04/2025,Taller de uso medicamento,23,25,18,28,13,15,10.8,6,"Espinosa Torres, Inmaculada",0,3,,F,14,,0,Casería de Montijo,1,9,8
245,03/09/2024,10/09/2024,07/09/2024,Sesión formativa: envejecimiento,22,10,15,27,8,19,3.6,2,"Cabrera Ramos, José",0,3,,M,2,8,0,Casería de Montijo,1,14,9
246,21/06/2025,02/08/2025,22/06/2025,Rehabilitación respiratoria,10,6,17,23,11,12,13.3,7,"Delgado González, Ramón",0,3,,M,2,4,1,Casería de Montijo,1,2,8
247,05/09/2024,05/09/2024,05/09/2024,Charla sobre otras adicciones,0,18,16,26,10,16,1.5,1,"Díaz Ortiz, Laura",0,3,,F,8,,0,Casería de Montijo,1,13,1
248,20/03/2025,01/05/2025,21/03/2025,Grupo cuidadoras,5,7,10,17,8,9,15.4,7,"Rubio Ruiz, Mercedes",0,3,,F,2,1,1,Casería de Montijo,1,11,7
249,15/02/2025,15/02/2025,15/02/2025,Sesión formativa: higiene postural,22,12,17,9,4,5,1.9,1,"Rubio Ruiz, Mercedes",0,3,,F,2,1,1,Casería de Montijo,1,3,10
250,15/02/2025,15/02/2025,18/02/2025,Charla sobre primeros auxilios,0,22,24,18,4,14,1.7,1,"Cabrera Ramos, José",0,3,,M,2,8,0,Casería de Montijo,1,11,13
251,01/03/2024,01/03/2024,01/03/2024,Charla sobre salud bucodental,0,23,13,16,6,10,0.8,1,"Espinosa Torres, Inmaculada",0,3,,F,14,,2,Casería de Montijo,1,7,1
252,11/03/2025,13/05/2025,12/03/2025,IAHS,14,29,13,25,12,13,22.0,10,"Delgado González, Ramón",0,3,,M,2,4,1,Casería de Montijo,1,2,13
253,04/08/2025,01/09/2025,08/08/2025,Taller de higiene postural,23,12,11,22,5,17,14.5,5,"Rubio Ruiz, Mercedes",0,3,,F,2,1,0,Casería de Montijo,1,2,12
254,28/06/2024,28/06/2024,03/07/2024,Mesa informativa: uso medicamento,19,25,10,51,17,34,0.7,1,"Montero García, Rafael",0,3,,M,14,,0,Casería de Montijo,1,1,6
255,08/05/2024,12/06/2024,10/05/2024,Grupo diabetológico,7,6,7,23,6,17,13.2,6,"Cabrera Ramos, José",0,3,,M,2,8,0,Casería de Montijo,1,1,4
256,04/01/2025,04/01/2025,09/01/2025,Sesión formativa: alimentación saludable,22,3,9,7,3,4,1.9,1,"Montero García, Rafael",0,3,,M,14,,0,Casería de Montijo,1,2,3
257,22/01/2025,05/02/2025,22/01/2025,Sesión formativa: alimentación saludable,22,3,10,24,8,16,3.0,3,"Montero García, Rafael",0,3,,M,14,,2,Casería de Montijo,1,7,12
258,12/04/2024,12/04/2024,15/04/2024,Mesa informativa: uso medicamento,19,25,4,20,7,13,1.7,1,"Espinosa Torres, Inmaculada",0,3,,F,14,,1,Casería de Montijo,1,13,12
259,02/06/2024,09/06/2024,03/06/2024,Sesión clínica: vacunación,21,27,17,30,8,22,2.2,2,"Alonso Ortiz, Elena",0,3,,F,6,,1,Casería de Montijo,1,13,3
260,04/10/2024,27/12/2024,06/10/2024,Programa educación maternal,11,20,4,13,2,11,27.3,13,"Domínguez Ortiz, Mercedes",0,4,,F,7,,0,Caleta,1,14,2
261,05/01/2024,19/01/2024,10/01/2024,Ponencia: prev. accidentes,20,21,23,105,24,81,9.0,3,"Cruz Castro, Verónica",0,4,,F,11,,0,Caleta,0,4,4
262,24/02/2024,02/03/2024,26/02/2024,Mapeo de activos: primeros auxilios,18,22,17,38,19,19,3.2,2,"Cruz Castro, Verónica",0,4,,F,11,,1,Caleta,1,0,9
263,24/10/2024,19/12/2024,25/10/2024,Grupo cuidadoras,5,20,5,12,5,7,19.8,9,"Domínguez Ortiz, Mercedes",0,4,,F,7,,2,Caleta,0,2,4
264,20/07/2024,03/08/2024,23/07/2024,Reunión coordinación — incontinencia,3,13,23,2,0,2,3.9,3,"Espinosa Romero, Amparo",0,4,,F,5,,2,Caleta,0,10,13
265,12/01/2024,15/03/2024,12/01/2024,IAHS,14,23,21,10,4,6,17.0,10,"Ruiz Delgado, Mónica",0,4,,F,9,,1,Caleta,0,2,8
266,03/08/2024,16/11/2024,05/08/2024,GRUSE,13,21,20,19,4,15,36.8,16,"Ruiz Delgado, Mónica",0,4,,F,9,,2,Caleta,0,13,1
267,10/10/2025,10/10/2025,11/10/2025,Charla sobre salud bucodental,0,23,21,50,13,37,1.9,1,"Ruiz Delgado, Mónica",0,4,,F,9,,0,Caleta,0,0,11
268,02/07/2024,02/07/2024,04/07/2024,Ponencia: voluntades vitales,20,29,16,41,14,27,2.5,1,"Fernández Delgado, Ana",0,4,,F,6,,0,Caleta,0,11,6
269,24/03/2024,14/04/2024,27/03/2024,Taller de alimentación saludable,23,3,16,11,4,7,8.8,4,"Domínguez Ortiz, Mercedes",0,4,,F,7,,1,Caleta,0,13,15
270,15/10/2025,15/10/2025,17/10/2025,Mesa informativa: parentalidad positiva,19,20,20,25,13,12,1.5,1,"Domínguez Ortiz, Mercedes",0,4,,F,7,,1,Caleta,1,5,3
271,13/06/2024,20/06/2024,14/06/2024,Ponencia: otras temáticas,20,30,19,65,32,33,5.6,2,"Ruiz Hidalgo, Amparo",0,4,,F,6,,2,Caleta,0,10,15
272,31/12/2024,07/01/2025,01/01/2025,Sesión formativa: incontinencia,22,13,8,25,12,13,3.6,2,"Espinosa Romero, Amparo",0,4,,F,5,,0,Caleta,0,7,2
273,06/07/2025,13/07/2025,06/07/2025,Mapeo de activos: activos salud,18,2,1,8,2,6,2.6,2,"Ruiz Delgado, Mónica",0,4,,F,9,,2,Caleta,0,10,11
274,23/07/2024,13/08/2024,25/07/2024,IAHS,14,6,6,22,9,13,9.6,4,"Vargas Cortés, Patricia",0,4,,F,2,6,2,Caleta,0,9,13
275,21/06/2024,12/07/2024,24/06/2024,Ponencia: vacunación,20,27,25,26,9,17,11.6,4,"Rodríguez Cruz, Isabel",0,4,,F,6,,2,Caleta,0,5,2
276,22/09/2025,29/09/2025,25/09/2025,Actividad PS: enf. transmisibles,1,9,12,65,28,37,3.0,2,"Cruz Castro, Verónica",0,4,,F,11,,1,Caleta,0,13,6
277,27/07/2024,14/09/2024,31/07/2024,Taller de vacunación,23,27,10,13,4,9,22.4,8,"Fernández Delgado, Ana",0,4,,F,6,,0,Caleta,0,13,12
278,24/07/2025,24/07/2025,27/07/2025,Actividad PS: bienestar emocional,24,4,11,21,5,16,1.6,1,"Rodríguez Cruz, Isabel",0,4,,F,6,,2,Caleta,0,12,12
279,21/07/2024,11/08/2024,25/07/2024,Reunión coordinación — act. física,3,1,22,6,2,4,7.2,4,"Vargas Cortés, Patricia",0,4,,F,2,6,2,Caleta,0,12,8
280,08/04/2025,08/04/2025,13/04/2025,Actividad PS: vacunación,24,27,11,9,3,6,1.3,1,"Ruiz Hidalgo, Amparo",0,4,,F,6,,1,Caleta,0,13,0
281,04/11/2025,04/11/2025,07/11/2025,Mesa informativa: enf. transmisibles,19,9,4,53,24,29,0.8,1,"Carmona Fuentes, Sofía",0,4,,F,11,,0,Caleta,0,10,0
282,24/07/2024,14/08/2024,24/07/2024,Actividad PS: otras temáticas,24,30,25,32,14,18,4.4,4,"Cruz Castro, Verónica",0,4,,F,11,,1,Caleta,0,12,3
283,11/03/2024,11/03/2024,13/03/2024,Reunión coordinación — prev. accidentes,3,21,11,9,3,6,1.6,1,"Domínguez Fernández, Roberto",0,4,,M,2,7,2,Caleta,0,2,2
284,29/08/2025,29/08/2025,30/08/2025,Charla sobre manejo enf. crónicas,0,16,16,37,18,19,1.2,1,"Rodríguez Cruz, Isabel",0,4,,F,6,,0,Caleta,0,12,11
285,24/05/2025,07/06/2025,27/05/2025,Sesión formativa: otras temáticas,22,30,3,19,5,14,3.6,3,"Ruiz Hidalgo, Amparo",0,4,,F,6,,0,Caleta,0,3,1
286,09/03/2025,09/03/2025,13/03/2025,Sesión formativa: lactancia materna,22,15,20,21,5,16,2.0,1,"Domínguez Ortiz, Mercedes",0,4,,F,7,,0,Caleta,0,0,10
287,24/11/2025,15/12/2025,25/11/2025,Taller de parentalidad positiva,23,20,10,23,11,12,10.8,4,"Lara Cruz, Ignacio",0,4,,M,8,,1,Caleta,0,13,0
288,08/12/2025,08/12/2025,12/12/2025,Mesa informativa: uso medicamento,19,25,14,40,9,31,1.2,1,"Rodríguez Cruz, Isabel",0,4,,F,6,,1,Caleta,0,11,2
289,21/06/2025,21/06/2025,23/06/2025,Sesión formativa: primeros auxilios,22,22,2,23,9,14,1.8,1,"Cruz Castro, Verónica",0,4,,F,11,,2,Caleta,0,14,10
290,10/07/2024,07/08/2024,11/07/2024,PSIA,17,26,5,23,4,19,7.5,5,"Ruiz Delgado, Mónica",0,4,,F,9,,0,Caleta,0,12,10
291,12/06/2024,07/08/2024,12/06/2024,GRUSE,13,5,13,10,3,7,15.3,9,"Torres Sánchez, Tomás",0,4,,M,8,,0,Caleta,0,0,5
292,29/07/2025,19/08/2025,01/08/2025,Taller de consumo alcohol,23,6,6,27,7,20,6.4,4,"Lara Cruz, Ignacio",0,4,,M,8,,2,Caleta,0,6,1
293,22/04/2024,13/05/2024,23/04/2024,Actividad PS: otras temáticas,24,30,2,19,8,11,4.4,4,"Cruz Castro, Verónica",0,4,,F,11,,0,Caleta,0,9,15
294,04/12/2025,31/12/2025,07/12/2025,PSIA,17,3,8,18,1,17,8.0,5,"Domínguez Fernández, Roberto",0,4,,M,2,7,1,Caleta,0,13,14
295,01/11/2025,08/11/2025,05/11/2025,Sesión formativa: enf. transmisibles,22,9,25,25,8,17,2.2,2,"Cruz Castro, Verónica",0,4,,F,11,,2,Caleta,0,3,11
296,07/01/2025,25/02/2025,08/01/2025,Taller de consumo alcohol,23,6,21,17,8,9,12.0,8,"Lara Cruz, Ignacio",0,4,,M,8,,1,Caleta,0,4,3
297,26/07/2024,02/08/2024,26/07/2024,Sesión formativa: primeros auxilios,22,22,2,23,11,12,4.0,2,"Carmona Fuentes, Sofía",0,4,,F,11,,1,Caleta,0,6,8
298,30/09/2024,30/09/2024,04/10/2024,Charla sobre act. física,0,1,3,27,14,13,0.9,1,"Domínguez Ortiz, Mercedes",0,4,,F,7,,0,Caleta,0,7,2
299,14/02/2025,09/05/2025,15/02/2025,IAHS,14,27,11,14,6,8,23.4,13,"Domínguez Fernández, Roberto",0,4,,M,2,7,1,Caleta,0,7,10
300,14/08/2025,28/08/2025,18/08/2025,Sesión formativa: primeros auxilios,22,22,7,25,10,15,5.7,3,"Carmona Fuentes, Sofía",0,4,,F,11,,1,Caleta,0,1,8
301,01/01/2025,29/01/2025,04/01/2025,Taller de violencia género,23,28,4,22,6,16,10.0,5,"Lara Cruz, Ignacio",0,4,,M,8,,2,Caleta,0,13,0
302,01/04/2024,15/04/2024,06/04/2024,Actividad PS: violencia género,24,28,24,10,4,6,5.7,3,"Torres Sánchez, Tomás",0,4,,M,8,,0,Caleta,0,14,12
303,17/02/2024,23/03/2024,21/02/2024,Taller de vacunación,23,27,10,21,9,12,16.2,6,"Ruiz Hidalgo, Amparo",0,4,,F,6,,1,Caleta,0,0,8
304,05/01/2025,26/01/2025,07/01/2025,PSIA,17,4,13,16,2,14,10.0,4,"Domínguez Fernández, Roberto",0,4,,M,2,7,1,Caleta,0,0,0
305,29/04/2025,06/05/2025,03/05/2025,Actividad PS: conducta suicida,24,5,2,25,9,16,3.4,2,"Lara Cruz, Ignacio",0,4,,M,8,,1,Caleta,0,14,15
306,09/05/2024,23/05/2024,12/05/2024,Sesión clínica: uso medicamento,21,25,20,11,4,7,3.6,3,"Hernández García, Beatriz",0,4,,F,6,,0,Caleta,0,4,3
307,09/06/2025,15/09/2025,09/06/2025,PSIA,17,7,11,20,1,19,31.5,15,"Ruiz Delgado, Mónica",0,4,,F,9,,1,Caleta,0,12,8
308,21/05/2025,21/05/2025,24/05/2025,Charla sobre consumo alcohol,0,6,24,10,3,7,1.1,1,"Domínguez Fernández, Roberto",0,4,,M,2,7,2,Caleta,0,8,10
309,30/12/2024,13/01/2025,02/01/2025,Actividad PS: act. física,4,1,19,24,13,11,4.8,3,"Fernández Delgado, Ana",0,4,,F,6,,2,Caleta,1,4,8
310,06/10/2024,06/10/2024,08/10/2024,Charla sobre incontinencia,0,13,4,48,15,33,1.1,1,"Espinosa Romero, Amparo",0,4,,F,5,,1,Caleta,0,5,2
311,14/01/2025,14/01/2025,18/01/2025,Charla sobre dolor crónico,0,8,20,37,18,19,0.9,1,"Espinosa Romero, Amparo",0,4,,F,5,,2,Caleta,0,8,2
312,28/12/2024,01/03/2025,30/12/2024,Rehabilitación respiratoria,10,13,23,12,6,6,15.0,10,"Espinosa Romero, Amparo",0,4,,F,5,,0,Caleta,0,10,14
313,18/11/2025,09/12/2025,18/11/2025,Actividad PS: sexualidad,24,24,21,12,6,6,4.8,4,"Torres Sánchez, Tomás",0,4,,M,8,,0,Caleta,0,12,1
314,26/11/2024,26/11/2024,01/12/2024,Charla sobre bienestar emocional,0,4,8,44,20,24,0.6,1,"Domínguez Ortiz, Mercedes",0,4,,F,7,,2,Caleta,0,7,14
315,03/10/2024,03/10/2024,04/10/2024,Charla sobre act. física,0,1,14,17,7,10,1.1,1,"Hernández Lara, Lucía",0,5,,F,5,,1,Chana,1,11,9
316,02/12/2024,30/12/2024,05/12/2024,Taller de higiene postural,23,12,20,21,7,14,14.0,5,"Castro Guerrero, Beatriz",0,5,,F,2,1,2,Chana,1,8,3
317,22/12/2025,31/12/2025,23/12/2025,Ponencia: consumo alcohol,20,6,2,25,8,17,11.4,6,"Navarro Aguilar, David",0,5,,M,6,,2,Chana,1,14,9
318,27/08/2025,10/09/2025,28/08/2025,Taller de dolor crónico,23,8,15,16,8,8,6.3,3,"Hernández Lara, Lucía",0,5,,F,5,,2,Chana,1,10,3
319,02/05/2024,25/07/2024,02/05/2024,PSIA,17,6,20,16,3,13,29.9,13,"Castro Guerrero, Beatriz",0,5,,F,2,1,0,Chana,1,9,5
320,27/12/2024,11/04/2025,01/01/2025,PSIA,17,3,7,18,1,17,27.2,16,"Gutiérrez Ruiz, Verónica",0,5,,F,2,8,2,Chana,1,12,7
321,23/07/2024,15/10/2024,28/07/2024,Grupo EPOC/asma,8,27,1,23,6,17,28.6,13,"Gutiérrez Ruiz, Verónica",0,5,,F,2,8,0,Chana,1,4,13
322,10/02/2024,11/05/2024,12/02/2024,Rehabilitación respiratoria,10,29,25,11,6,5,35.0,14,"Aguilar Fernández, Rocío",0,5,,F,2,3,1,Chana,1,7,7
323,01/07/2025,15/07/2025,04/07/2025,Sesión formativa: salud bucodental,22,23,21,7,2,5,5.1,3,"Martínez Romero, Alejandro",0,5,,M,14,,2,Chana,1,14,10
324,04/06/2025,11/06/2025,06/06/2025,Sesión formativa: parentalidad positiva,22,20,12,27,9,18,3.2,2,"Delgado Cortés, Lucía",0,5,,F,13,,2,Chana,1,11,2
325,01/05/2024,31/07/2024,04/05/2024,Grupo cuidadoras,5,12,10,14,4,10,26.6,14,"Vega Gutiérrez, Jorge",0,5,,M,2,3,1,Chana,1,5,8
326,25/12/2024,12/02/2025,27/12/2024,PIOBIN,15,15,1,9,2,7,19.2,8,"Cabrera Cruz, Dolores",0,5,,F,2,4,0,Chana,1,1,10
327,01/11/2025,13/12/2025,02/11/2025,Grupo diabetológico,7,1,5,23,7,16,14.0,7,"Aguilar Fernández, Rocío",0,5,,F,2,3,1,Chana,1,1,1
328,05/01/2025,06/04/2025,10/01/2025,Rehabilitación cardiaca,9,8,18,11,6,5,23.8,14,"Aguilar Fernández, Rocío",0,5,,F,2,3,1,Chana,1,5,3
329,27/08/2025,10/12/2025,29/08/2025,GRUSE,13,28,5,9,5,4,25.6,16,"Delgado Cortés, Lucía",0,5,,F,13,,2,Chana,1,4,7
330,27/06/2024,11/07/2024,30/06/2024,Mapeo de activos: otras temáticas,18,30,18,13,4,9,4.5,3,"Ortiz Morales, Isabel",0,5,,F,11,,2,Chana,1,1,2
331,27/03/2024,26/06/2024,30/03/2024,Rehabilitación cardiaca,9,4,2,16,9,7,21.0,14,"Gutiérrez Ruiz, Verónica",0,5,,F,2,8,0,Chana,1,5,12
332,08/10/2025,08/10/2025,13/10/2025,Charla sobre incontinencia,0,13,20,25,6,19,1.7,1,"Hernández Lara, Lucía",0,5,,F,5,,0,Chana,1,5,3
333,18/07/2025,08/08/2025,21/07/2025,Actividad PS: alimentación saludable,24,3,5,37,18,19,6.4,4,"Moreno Rodríguez, Víctor",0,5,,M,6,,0,Chana,1,11,10
334,29/09/2025,17/11/2025,01/10/2025,GRUSE,13,14,8,10,3,7,16.0,8,"Delgado Cortés, Lucía",0,5,,F,13,,0,Chana,1,2,14
335,31/10/2025,31/10/2025,02/11/2025,Charla sobre prev. accidentes,0,21,12,45,10,35,1.5,1,"Hernández Lara, Lucía",0,5,,F,5,,2,Chana,1,10,4
336,07/08/2025,04/09/2025,12/08/2025,Ponencia: higiene manos,20,11,5,67,27,40,14.0,5,"Ortiz Morales, Isabel",0,5,,F,11,,1,Chana,1,4,3
337,02/10/2024,23/10/2024,06/10/2024,Actividad PS: higiene manos,1,11,5,31,10,21,5.6,4,"Ortiz Morales, Isabel",0,5,,F,11,,0,Chana,1,8,0
338,07/08/2024,13/11/2024,12/08/2024,GRUSE,13,15,24,22,10,12,36.0,15,"Delgado Cortés, Lucía",0,5,,F,13,,1,Chana,1,9,5
339,10/08/2025,24/08/2025,11/08/2025,Taller de higiene postural,23,12,8,16,6,10,7.5,3,"Cabrera Cruz, Dolores",0,5,,F,2,4,0,Chana,1,12,0
340,07/11/2024,09/01/2025,10/11/2024,PITA,16,20,7,16,7,9,24.0,10,"Carmona Alonso, Rocío",0,5,,F,2,8,0,Chana,1,3,11
341,19/07/2024,30/08/2024,19/07/2024,Taller de dolor crónico,23,8,9,20,9,11,15.4,7,"Hernández Lara, Lucía",0,5,,F,5,,0,Chana,1,8,5
342,16/12/2025,31/12/2025,18/12/2025,Ponencia: voluntades vitales,20,29,11,27,7,20,5.5,5,"Moreno Rodríguez, Víctor",0,5,,M,6,,0,Chana,1,10,7
343,12/10/2024,12/10/2024,12/10/2024,Sesión clínica: primeros auxilios,21,22,10,10,4,6,1.8,1,"Hernández Lara, Lucía",0,5,,F,5,,0,Chana,1,11,11
344,03/03/2025,03/03/2025,05/03/2025,Reunión coordinación — vacunación,3,27,20,4,1,3,1.4,1,"Gutiérrez Ruiz, Verónica",0,5,,F,2,8,1,Chana,1,12,11
345,16/11/2025,31/12/2025,19/11/2025,Grupo dolor crónico,6,1,18,11,6,5,28.8,12,"Hernández Lara, Lucía",0,5,,F,5,,2,Chana,1,10,2
346,22/01/2025,05/03/2025,25/01/2025,Taller de act. física,23,1,8,22,11,11,21.0,7,"Navarro Aguilar, David",0,5,,M,6,,2,Chana,1,0,0
347,01/01/2024,01/01/2024,05/01/2024,Charla sobre uso medicamento,0,25,14,37,9,28,0.6,1,"Moreno Rodríguez, Víctor",0,5,,M,6,,0,Chana,1,3,1
348,12/12/2024,19/12/2024,15/12/2024,Reunión coordinación — voluntades vitales,3,29,1,3,1,2,3.4,2,"Vargas Domínguez, Sandra",0,5,,F,2,5,0,Chana,1,8,14
349,15/09/2025,29/12/2025,19/09/2025,Rehabilitación respiratoria,10,15,1,24,12,12,38.4,16,"Gutiérrez Ruiz, Verónica",0,5,,F,2,8,2,Chana,1,11,1
350,03/12/2025,31/12/2025,08/12/2025,Grupo cuidadoras,5,3,15,15,7,8,15.3,9,"Cabrera Cruz, Dolores",0,5,,F,2,4,0,Chana,1,12,2
351,04/11/2024,06/01/2025,06/11/2024,PSIA,17,6,8,16,2,14,24.0,10,"Castro Guerrero, Beatriz",0,5,,F,2,1,2,Chana,1,0,0
352,27/03/2024,03/04/2024,28/03/2024,Actividad PS: consumo alcohol,24,6,11,5,2,3,2.8,2,"Moreno Rodríguez, Víctor",0,5,,M,6,,0,Chana,1,13,7
353,02/06/2024,08/09/2024,05/06/2024,Grupo cuidadoras,5,6,3,25,7,18,30.0,15,"Carmona Alonso, Rocío",0,5,,F,2,8,2,Chana,1,5,3
354,11/09/2024,11/09/2024,13/09/2024,Sesión clínica: act. física,21,1,25,14,6,8,1.5,1,"Navarro Aguilar, David",0,5,,M,6,,1,Chana,1,10,10
355,04/01/2025,11/01/2025,07/01/2025,Sesión formativa: act. física,22,1,24,8,4,4,3.6,2,"Hernández Lara, Lucía",0,5,,F,5,,1,Chana,1,0,4
356,22/05/2025,29/05/2025,27/05/2025,Sesión clínica: voluntades vitales,21,29,14,16,5,11,3.8,2,"Moreno Rodríguez, Víctor",0,5,,M,6,,2,Chana,1,14,11
357,18/06/2025,30/07/2025,20/06/2025,Taller de alimentación saludable,23,3,18,21,7,14,20.3,7,"Moreno Rodríguez, Víctor",0,5,,M,6,,1,Chana,1,13,10
358,14/10/2025,30/12/2025,18/10/2025,PITA,16,10,15,14,6,8,22.8,12,"Vargas Domínguez, Sandra",0,5,,F,2,5,2,Chana,1,4,1
359,22/03/2024,05/04/2024,27/03/2024,Taller de parentalidad positiva,23,20,13,20,5,15,8.4,3,"Gutiérrez Ruiz, Verónica",0,5,,F,2,8,0,Chana,1,6,13
360,17/01/2024,24/01/2024,17/01/2024,Taller de manejo enf. crónicas,23,16,3,22,11,11,5.4,2,"Delgado Cortés, Lucía",0,5,,F,13,,2,Chana,1,14,15
361,21/06/2025,02/08/2025,23/06/2025,Grupo diabetológico,7,10,11,8,2,6,11.9,7,"Aguilar Fernández, Rocío",0,5,,F,2,3,1,Chana,1,7,15
362,04/04/2025,23/05/2025,05/04/2025,IAHS,14,1,3,22,9,13,18.4,8,"Aguilar Fernández, Rocío",0,5,,F,2,3,2,Chana,1,6,15
363,01/10/2024,05/11/2024,02/10/2024,PSIA,17,11,24,24,1,23,13.8,6,"Gutiérrez Ruiz, Verónica",0,5,,F,2,8,0,Chana,1,9,1
364,27/12/2024,27/12/2024,27/12/2024,Charla sobre salud bucodental,0,23,7,17,8,9,1.4,1,"Martínez Romero, Alejandro",0,5,,M,14,,2,Chana,1,14,11
365,08/06/2025,08/06/2025,11/06/2025,Sesión formativa: vacunación,22,27,20,26,10,16,1.8,1,"Navarro Aguilar, David",0,5,,M,6,,2,Chana,1,8,15
366,09/05/2025,15/08/2025,14/05/2025,Grupo EPOC/asma,8,8,13,20,5,15,33.0,15,"Vargas Domínguez, Sandra",0,5,,F,2,5,0,Chana,1,7,3
367,02/01/2025,27/02/2025,04/01/2025,Grupo EPOC/asma,8,22,7,15,4,11,21.6,9,"Hernández Lara, Lucía",0,5,,F,5,,2,Chana,1,8,5
368,16/03/2025,22/06/2025,20/03/2025,Programa educación maternal,11,6,6,13,0,13,33.0,15,"Castro Guerrero, Beatriz",0,5,,F,2,1,0,Chana,1,5,6
369,30/04/2024,30/04/2024,03/05/2024,Mesa informativa: consumo alcohol,19,6,12,29,8,21,0.6,1,"Delgado Cortés, Lucía",0,5,,F,13,,0,Chana,1,3,4
370,22/02/2025,15/03/2025,24/02/2025,Grupo dolor crónico,6,13,6,10,4,6,8.0,4,"Hernández Lara, Lucía",0,5,,F,5,,0,Chana,1,2,5
371,15/04/2025,29/04/2025,20/04/2025,Sesión formativa: otras temáticas,22,30,12,24,9,15,3.9,3,"Ortiz Morales, Isabel",0,5,,F,11,,0,Chana,1,6,14
372,07/10/2024,18/11/2024,12/10/2024,PITA,16,27,1,14,4,10,12.6,7,"Gutiérrez Ruiz, Verónica",0,5,,F,2,8,0,Chana,1,14,11
373,24/11/2025,31/12/2025,26/11/2025,Grupo cuidadoras,5,4,13,21,5,16,14.0,7,"Castro Guerrero, Beatriz",0,5,,F,2,1,1,Chana,1,5,10
374,07/09/2024,07/09/2024,08/09/2024,Mesa informativa: alimentación saludable,19,3,7,34,17,17,1.9,1,"Martínez Romero, Alejandro",0,5,,M,14,,1,Chana,1,7,9
375,01/11/2025,22/11/2025,04/11/2025,Grupo EPOC/asma,8,20,9,12,6,6,8.8,4,"Carmona Alonso, Rocío",0,5,,F,2,8,0,Chana,1,10,3
376,17/10/2025,14/11/2025,20/10/2025,Grupo EPOC/asma,8,9,21,9,2,7,8.5,5,"Vega Gutiérrez, Jorge",0,5,,M,2,3,2,Chana,1,9,13
377,26/09/2025,17/10/2025,01/10/2025,Ponencia: enf. transmisibles,20,9,24,71,26,45,6.4,4,"Ortiz Morales, Isabel",0,5,,F,11,,2,Chana,1,10,10
378,17/09/2025,12/11/2025,18/09/2025,Grupo dolor crónico,6,6,3,16,6,10,13.5,9,"Cabrera Cruz, Dolores",0,5,,F,2,4,1,Chana,1,2,13
379,14/10/2025,21/10/2025,15/10/2025,Sesión formativa: bienestar emocional,22,4,11,12,3,9,3.8,2,"Delgado Cortés, Lucía",0,5,,F,13,,2,Chana,1,0,11
380,25/12/2024,09/04/2025,25/12/2024,Grupo dolor crónico,6,12,11,14,4,10,36.8,16,"Hernández Lara, Lucía",0,5,,F,5,,2,Chana,1,9,3
381,05/05/2025,05/05/2025,08/05/2025,Charla sobre tabaco,0,7,14,54,23,31,0.9,1,"Carmona Alonso, Rocío",0,5,,F,2,8,1,Chana,1,14,0
382,15/11/2024,15/11/2024,18/11/2024,Sesión clínica: alimentación saludable,21,3,17,9,4,5,2.0,1,"Navarro Aguilar, David",0,5,,M,6,,2,Chana,1,1,15
383,10/05/2024,24/05/2024,11/05/2024,Taller de voluntades vitales,23,29,1,25,9,16,4.8,3,"Moreno Rodríguez, Víctor",0,5,,M,6,,0,Chana,1,4,4
384,02/02/2024,16/02/2024,05/02/2024,Mapeo de activos: conducta suicida,18,5,15,16,7,9,3.9,3,"Díaz Castro, Dolores",0,6,,F,13,,2,Gran Capitán,0,12,4
385,30/04/2025,09/07/2025,03/05/2025,PITA,16,21,1,19,10,9,24.2,11,"Blanco Jiménez, Raquel",0,6,,F,2,5,0,Gran Capitán,0,1,4
386,09/12/2024,30/12/2024,10/12/2024,Reunión coordinación — consumo alcohol,3,6,4,8,3,5,5.2,4,"Gutiérrez Rubio, Lucía",0,6,,F,13,,1,Gran Capitán,0,1,9
387,03/06/2025,24/06/2025,05/06/2025,Actividad PS: vacunación,1,27,21,34,11,23,4.8,4,"Ruiz Delgado, Concepción",0,6,,F,3,,0,Gran Capitán,0,8,6
388,11/02/2025,04/03/2025,16/02/2025,Mapeo de activos: violencia género,18,28,9,11,4,7,6.0,4,"Gutiérrez Rubio, Lucía",0,6,,F,13,,2,Gran Capitán,0,10,1
389,23/07/2024,23/07/2024,28/07/2024,Mapeo de activos: IRAS,18,14,25,11,4,7,1.9,1,"Ruiz Delgado, Concepción",0,6,,F,3,,2,Gran Capitán,0,3,12
390,10/06/2024,17/06/2024,15/06/2024,Mapeo de activos: sexualidad,18,24,14,5,3,2,3.6,2,"Gutiérrez Rubio, Lucía",0,6,,F,13,,2,Gran Capitán,0,7,15
391,16/01/2024,16/01/2024,21/01/2024,Mesa informativa: manejo enf. crónicas,19,16,13,55,20,35,1.1,1,"Ortiz Espinosa, Miguel",0,6,,M,4,,2,Gran Capitán,0,14,15
392,21/09/2024,05/10/2024,24/09/2024,Actividad PS: vacunación,4,27,24,18,7,11,4.2,3,"González Hidalgo, Rafael",0,6,,M,6,,0,Gran Capitán,0,3,12
393,06/06/2024,20/06/2024,09/06/2024,Actividad PS: vacunación,1,27,23,64,14,50,3.9,3,"Ruiz Delgado, Concepción",0,6,,F,3,,1,Gran Capitán,0,4,11
394,24/05/2025,21/06/2025,24/05/2025,Programa educación maternal,11,21,19,8,1,7,12.0,5,"Blanco Jiménez, Raquel",0,6,,F,2,5,0,Gran Capitán,0,2,7
395,08/08/2024,07/11/2024,08/08/2024,Programa educación maternal,11,20,3,8,1,7,28.0,14,"Hidalgo Martínez, Mercedes",0,6,,F,7,,1,Gran Capitán,0,10,15
396,09/11/2024,15/02/2025,10/11/2024,PITA,16,6,14,15,8,7,33.0,15,"Blanco Jiménez, Raquel",0,6,,F,2,5,2,Gran Capitán,0,5,5
397,21/10/2024,21/10/2024,23/10/2024,Mapeo de activos: sexualidad,18,24,17,20,4,16,1.9,1,"Díaz Castro, Dolores",0,6,,F,13,,1,Gran Capitán,0,3,4
398,08/12/2025,08/12/2025,12/12/2025,Charla sobre otras formas fumar,0,19,19,37,18,19,0.6,1,"Ortiz Espinosa, Miguel",0,6,,M,4,,1,Gran Capitán,0,11,9
399,20/06/2024,18/07/2024,23/06/2024,Actividad PS: higiene manos,1,11,6,64,16,48,12.5,5,"Ruiz Delgado, Concepción",0,6,,F,3,,2,Gran Capitán,1,13,2
400,06/06/2025,27/06/2025,06/06/2025,Mapeo de activos: violencia género,18,28,4,13,6,7,7.6,4,"Díaz Castro, Dolores",0,6,,F,13,,0,Gran Capitán,0,11,9
401,20/01/2025,28/04/2025,21/01/2025,Rehabilitación cardiaca,9,9,14,17,10,7,33.0,15,"Blanco Jiménez, Raquel",0,6,,F,2,5,0,Gran Capitán,1,14,0
402,17/12/2025,31/12/2025,18/12/2025,Actividad PS: vacunación,1,27,2,81,24,57,9.6,4,"Ruiz Delgado, Concepción",0,6,,F,3,,1,Gran Capitán,0,4,10
403,15/10/2024,15/10/2024,15/10/2024,Charla sobre violencia género,0,28,1,58,15,43,0.8,1,"Díaz Castro, Dolores",0,6,,F,13,,0,Gran Capitán,0,2,3
404,25/07/2025,19/09/2025,26/07/2025,Grupo cuidadoras,5,9,16,10,2,8,13.5,9,"Hidalgo Martínez, Mercedes",0,6,,F,7,,2,Gran Capitán,0,9,8
405,11/11/2025,02/12/2025,11/11/2025,Ponencia: act. física,20,1,1,53,16,37,7.2,4,"González Hidalgo, Rafael",0,6,,M,6,,0,Gran Capitán,0,0,4
406,08/04/2025,22/04/2025,09/04/2025,Sesión formativa: manejo enf. crónicas,22,16,17,28,6,22,5.4,3,"González Hidalgo, Rafael",0,6,,M,6,,0,Gran Capitán,0,12,15
407,30/04/2024,14/05/2024,05/05/2024,Sesión clínica: otras adicciones,21,18,13,26,6,20,3.9,3,"Ortiz Espinosa, Miguel",0,6,,M,4,,1,Gran Capitán,0,11,15
408,30/08/2025,13/09/2025,31/08/2025,Reunión coordinación — violencia género,3,28,10,2,1,1,5.7,3,"Gutiérrez Rubio, Lucía",0,6,,F,13,,2,Gran Capitán,0,2,10
409,14/04/2024,14/04/2024,19/04/2024,Mesa informativa: vacunación,19,27,9,33,16,17,0.8,1,"Hidalgo Martínez, Mercedes",0,6,,F,7,,2,Gran Capitán,0,4,7
410,06/07/2024,13/07/2024,11/07/2024,Ponencia: vacunación,20,27,3,86,47,39,4.4,2,"Ruiz Delgado, Concepción",0,6,,F,3,,0,Gran Capitán,0,2,9
411,11/12/2025,18/12/2025,11/12/2025,Reunión coordinación — violencia género,3,28,13,4,1,3,4.0,2,"Díaz Castro, Dolores",0,6,,F,13,,2,Gran Capitán,0,7,13
412,25/12/2024,25/12/2024,29/12/2024,Charla sobre otras temáticas,0,30,16,30,10,20,1.8,1,"Ortiz Espinosa, Miguel",0,6,,M,4,,1,Gran Capitán,0,14,13
413,18/09/2024,11/12/2024,20/09/2024,GRUSE,13,20,1,17,6,11,23.4,13,"Díaz Castro, Dolores",0,6,,F,13,,2,Gran Capitán,0,4,10
414,30/08/2025,22/11/2025,04/09/2025,Grupo cuidadoras,5,1,11,20,7,13,19.5,13,"Blanco Jiménez, Raquel",0,6,,F,2,5,1,Gran Capitán,0,9,14
415,10/05/2025,31/05/2025,11/05/2025,GRUSE,13,6,3,14,7,7,8.0,4,"Gutiérrez Rubio, Lucía",0,6,,F,13,,1,Gran Capitán,0,6,5
416,08/10/2025,22/10/2025,11/10/2025,Sesión formativa: otras adicciones,22,18,2,29,13,16,6.0,3,"Ortiz Espinosa, Miguel",0,6,,M,4,,0,Gran Capitán,0,7,4
417,07/07/2025,25/08/2025,08/07/2025,Taller de prev. accidentes,23,21,7,30,9,21,17.6,8,"Hidalgo Martínez, Mercedes",0,6,,F,7,,1,Gran Capitán,0,9,0
418,15/07/2024,22/07/2024,20/07/2024,Ponencia: manejo enf. crónicas,20,16,13,30,7,23,2.6,2,"González Hidalgo, Rafael",0,6,,M,6,,1,Gran Capitán,0,4,8
419,17/07/2024,28/08/2024,19/07/2024,Taller de consumo alcohol,23,6,6,23,6,17,12.6,7,"González Hidalgo, Rafael",0,6,,M,6,,0,Gran Capitán,0,2,8
420,23/04/2024,07/05/2024,25/04/2024,Sesión formativa: IRAS,22,14,21,22,11,11,4.2,3,"Gutiérrez Rubio, Lucía",0,6,,F,13,,2,Gran Capitán,0,9,1
421,15/09/2025,15/09/2025,15/09/2025,Charla sobre enf. transmisibles,0,9,13,41,19,22,0.7,1,"Blanco Jiménez, Raquel",0,6,,F,2,5,2,Gran Capitán,0,1,5
422,16/04/2025,30/04/2025,17/04/2025,Reunión coordinación — otras adicciones,3,18,7,7,2,5,3.9,3,"Ortiz Espinosa, Miguel",0,6,,M,4,,0,Gran Capitán,0,13,5
423,24/03/2024,31/03/2024,26/03/2024,Reunión coordinación — voluntades vitales,3,29,19,3,1,2,3.4,2,"González Hidalgo, Rafael",0,6,,M,6,,0,Gran Capitán,0,2,1
424,24/10/2025,31/12/2025,24/10/2025,PIOBIN,15,12,8,14,4,10,33.6,16,"Blanco Jiménez, Raquel",0,6,,F,2,5,1,Gran Capitán,1,4,3
425,25/09/2024,18/12/2024,30/09/2024,PITA,16,4,1,21,9,12,27.3,13,"Blanco Jiménez, Raquel",0,6,,F,2,5,0,Gran Capitán,0,12,15
426,15/04/2025,15/04/2025,19/04/2025,Charla sobre sexualidad,0,24,1,41,11,30,1.2,1,"Díaz Castro, Dolores",0,6,,F,13,,2,Gran Capitán,0,13,9
427,22/06/2025,22/06/2025,27/06/2025,Charla sobre prev. accidentes,0,21,16,44,16,28,1.7,1,"Blanco Jiménez, Raquel",0,6,,F,2,5,2,Gran Capitán,0,11,3
428,06/10/2025,20/10/2025,07/10/2025,Reunión coordinación — consumo alcohol,3,6,20,7,3,4,3.9,3,"González Hidalgo, Rafael",0,6,,M,6,,0,Gran Capitán,0,9,3
429,03/03/2024,03/03/2024,06/03/2024,Mesa informativa: manejo enf. crónicas,19,16,19,60,24,36,0.9,1,"Díaz Castro, Dolores",0,6,,F,13,,0,Gran Capitán,0,7,1
430,15/03/2024,24/05/2024,16/03/2024,IAHS,14,15,22,18,5,13,27.5,11,"Hidalgo Martínez, Mercedes",0,6,,F,7,,2,Gran Capitán,1,5,8
431,28/05/2025,02/07/2025,01/06/2025,Ponencia: prev. accidentes,20,21,8,81,34,47,14.4,6,"Ruiz Delgado, Concepción",0,6,,F,3,,2,Gran Capitán,0,6,4
432,10/05/2024,17/05/2024,15/05/2024,Sesión formativa: vacunación,22,27,2,23,10,13,2.6,2,"Hidalgo Martínez, Mercedes",0,6,,F,7,,2,Gran Capitán,0,6,1
433,13/10/2025,03/11/2025,16/10/2025,Mapeo de activos: otras temáticas,18,30,11,6,3,3,6.4,4,"Ruiz Delgado, Concepción",0,6,,F,3,,1,Gran Capitán,0,3,8
434,06/04/2024,27/04/2024,10/04/2024,Reunión coordinación — conducta suicida,3,5,25,10,5,5,6.4,4,"Gutiérrez Rubio, Lucía",0,6,,F,13,,1,Gran Capitán,0,12,12
435,11/06/2024,11/06/2024,12/06/2024,Charla sobre conducta suicida,0,5,9,56,27,29,1.5,1,"Gutiérrez Rubio, Lucía",0,6,,F,13,,1,Gran Capitán,0,4,10
436,09/02/2024,16/02/2024,14/02/2024,Sesión formativa: vacunación,22,27,7,10,3,7,2.2,2,"Ruiz Delgado, Concepción",0,6,,F,3,,2,Gran Capitán,0,14,7
437,21/11/2024,19/12/2024,22/11/2024,Taller de parentalidad positiva,23,20,22,17,6,11,8.0,5,"Blanco Jiménez, Raquel",0,6,,F,2,5,2,Gran Capitán,0,6,6
438,25/12/2024,22/01/2025,26/12/2024,Actividad PS: prev. accidentes,1,21,19,28,15,13,5.0,5,"Ruiz Delgado, Concepción",0,6,,F,3,,0,Gran Capitán,0,7,8
439,26/08/2024,18/11/2024,31/08/2024,GRUSE,13,28,15,13,4,9,28.6,13,"Díaz Castro, Dolores",0,6,,F,13,,2,Gran Capitán,0,9,1
440,22/02/2025,01/03/2025,22/02/2025,Sesión clínica: tabaco,21,7,25,7,3,4,2.8,2,"Ortiz Espinosa, Miguel",0,6,,M,4,,1,Gran Capitán,0,9,5
441,15/11/2025,22/11/2025,19/11/2025,Actividad PS: IRAS,1,14,21,98,28,70,4.4,2,"Ruiz Delgado, Concepción",0,6,,F,3,,1,Gran Capitán,0,6,4
442,28/08/2024,06/11/2024,31/08/2024,Programa educación maternal,11,15,25,21,3,18,18.7,11,"Hidalgo Martínez, Mercedes",0,6,,F,7,,0,Gran Capitán,0,2,0
443,06/07/2025,21/09/2025,10/07/2025,Grupo EPOC/asma,8,11,6,16,9,7,25.2,12,"Blanco Jiménez, Raquel",0,6,,F,2,5,0,Gran Capitán,0,9,14
444,10/10/2024,24/10/2024,14/10/2024,Sesión clínica: otras adicciones,21,18,17,19,10,9,5.7,3,"Ortiz Espinosa, Miguel",0,6,,M,4,,1,Gran Capitán,0,0,2
445,22/01/2025,16/04/2025,25/01/2025,Grupo cuidadoras,5,3,12,17,8,9,28.6,13,"Hidalgo Martínez, Mercedes",0,6,,F,7,,1,Gran Capitán,0,14,13
446,04/12/2025,31/12/2025,05/12/2025,PITA,16,21,15,11,3,8,30.4,16,"Blanco Jiménez, Raquel",0,6,,F,2,5,0,Gran Capitán,0,1,4
447,09/07/2024,16/07/2024,12/07/2024,Sesión clínica: bienestar emocional,21,4,11,6,3,3,2.6,2,"Hidalgo Martínez, Mercedes",0,6,,F,7,,2,Gran Capitán,0,10,10
448,30/06/2025,18/08/2025,01/07/2025,PITA,16,15,12,21,6,15,15.2,8,"Blanco Jiménez, Raquel",0,6,,F,2,5,0,Gran Capitán,0,12,2
449,24/06/2024,01/07/2024,25/06/2024,Sesión formativa: otras adicciones,22,18,13,23,7,16,2.8,2,"Ortiz Espinosa, Miguel",0,6,,M,4,,1,Gran Capitán,0,8,14
450,29/05/2025,29/05/2025,30/05/2025,Reunión coordinación — otras temáticas,3,30,14,5,1,4,1.9,1,"Ortiz Espinosa, Miguel",0,6,,M,4,,2,Gran Capitán,0,0,3
451,16/08/2025,06/09/2025,18/08/2025,PSIA,17,10,9,16,3,13,8.8,4,"Blanco Jiménez, Raquel",0,6,,F,2,5,2,Gran Capitán,0,7,15
452,02/02/2024,16/02/2024,04/02/2024,Sesión clínica: vacunación,21,27,23,5,2,3,5.7,3,"Hidalgo Martínez, Mercedes",0,6,,F,7,,1,Gran Capitán,0,11,15
453,12/12/2025,26/12/2025,14/12/2025,Reunión coordinación — consumo alcohol,3,6,25,9,4,5,4.2,3,"Molina Morales, Cristina",0,7,,F,6,,2,Flores-Fígares,0,14,11
454,20/11/2024,04/12/2024,20/11/2024,Reunión coordinación — tabaco,3,7,21,3,1,2,4.8,3,"Fernández Vargas, Rocío",0,7,,F,15,,1,Flores-Fígares,0,10,13
455,15/02/2025,15/02/2025,20/02/2025,Reunión coordinación — alimentación saludable,3,3,20,6,3,3,1.9,1,"Molina Morales, Cristina",0,7,,F,6,,1,Flores-Fígares,0,13,10
456,08/12/2024,29/12/2024,11/12/2024,Reunión coordinación — act. física,3,1,6,6,2,4,4.4,4,"Fernández Vargas, Rocío",0,7,,F,15,,0,Flores-Fígares,0,13,7
457,12/06/2024,19/06/2024,17/06/2024,Sesión formativa: prev. accidentes,22,21,18,19,4,15,3.4,2,"Vargas Díaz, Carmen",0,7,,F,2,7,0,Flores-Fígares,0,1,4
458,04/10/2025,25/10/2025,09/10/2025,Actividad PS: vacunación,4,27,18,20,5,15,5.6,4,"García Fernández, María",0,7,,F,6,,1,Flores-Fígares,0,6,4
459,17/12/2024,25/02/2025,21/12/2024,PIOBIN,15,21,10,14,8,6,18.7,11,"López Blanco, Alberto",0,7,,M,2,8,1,Flores-Fígares,0,10,9
460,09/10/2024,09/10/2024,14/10/2024,Mesa informativa: vacunación,19,27,9,57,17,40,1.7,1,"Rodríguez Ramos, Lucía",0,7,,F,14,,2,Flores-Fígares,0,0,2
461,22/08/2024,12/09/2024,24/08/2024,Grupo cuidadoras,5,4,12,15,3,12,8.4,4,"Vega Molina, Cristina",0,7,,F,2,5,2,Flores-Fígares,0,1,5
462,29/11/2025,13/12/2025,02/12/2025,Mapeo de activos: higiene manos,18,11,8,40,16,24,4.2,3,"Navarro Martínez, Verónica",0,7,,F,11,,2,Flores-Fígares,0,8,9
463,09/09/2025,23/09/2025,09/09/2025,Actividad PS: tabaco,24,7,2,10,4,6,3.6,3,"García Fernández, María",0,7,,F,6,,0,Flores-Fígares,0,4,2
464,04/07/2024,08/08/2024,07/07/2024,Taller de uso medicamento,23,25,24,13,4,9,9.6,6,"Pérez Lara, Miguel",0,7,,M,4,,0,Flores-Fígares,0,8,15
465,16/08/2024,04/10/2024,20/08/2024,Grupo diabetológico,7,1,3,12,7,5,19.2,8,"Fuentes Díaz, Antonio",0,7,,M,2,3,2,Flores-Fígares,0,11,13
466,12/04/2025,12/07/2025,14/04/2025,Rehabilitación respiratoria,10,20,8,10,5,5,22.4,14,"López Blanco, Alberto",0,7,,M,2,8,1,Flores-Fígares,0,3,2
467,15/05/2025,19/06/2025,15/05/2025,Taller de consumo alcohol,23,6,2,15,8,7,13.8,6,"Fernández Vargas, Rocío",0,7,,F,15,,0,Flores-Fígares,0,14,9
468,22/10/2025,12/11/2025,24/10/2025,Taller de consumo alcohol,23,6,16,21,8,13,7.6,4,"Pérez Lara, Miguel",0,7,,M,4,,1,Flores-Fígares,0,0,13
469,09/09/2025,14/10/2025,11/09/2025,Grupo dolor crónico,6,3,11,8,3,5,12.0,6,"Vargas Díaz, Carmen",0,7,,F,2,7,1,Flores-Fígares,0,6,13
470,10/03/2024,16/06/2024,12/03/2024,Grupo cuidadoras,5,11,16,18,4,14,22.5,15,"López Blanco, Alberto",0,7,,M,2,8,1,Flores-Fígares,0,12,0
471,05/10/2024,05/10/2024,07/10/2024,Ponencia: primeros auxilios,20,22,21,63,26,37,2.5,1,"Domínguez Hernández, Salvador",0,7,,M,11,,2,Flores-Fígares,0,6,6
472,25/03/2024,08/04/2024,28/03/2024,Sesión formativa: prev. accidentes,22,21,21,19,6,13,4.8,3,"López Blanco, Alberto",0,7,,M,2,8,0,Flores-Fígares,0,8,15
473,01/06/2025,01/06/2025,04/06/2025,Ponencia: IRAS,20,14,16,37,19,18,1.6,1,"Domínguez Hernández, Salvador",0,7,,M,11,,2,Flores-Fígares,0,6,10
474,08/01/2024,15/04/2024,13/01/2024,Rehabilitación cardiaca,9,12,8,12,6,6,27.0,15,"Fuentes Díaz, Antonio",0,7,,M,2,3,0,Flores-Fígares,0,1,8
475,11/02/2025,04/03/2025,16/02/2025,Rehabilitación cardiaca,9,1,6,12,6,6,6.8,4,"Vega Molina, Cristina",0,7,,F,2,5,1,Flores-Fígares,0,6,11
476,20/11/2024,20/11/2024,25/11/2024,Ponencia: vacunación,20,27,16,55,21,34,1.9,1,"García Fernández, María",0,7,,F,6,,1,Flores-Fígares,0,12,8
477,16/02/2025,16/02/2025,20/02/2025,Mesa informativa: vacunación,19,27,9,59,22,37,0.8,1,"Rodríguez Ramos, Lucía",0,7,,F,14,,1,Flores-Fígares,0,3,15
478,27/01/2024,27/01/2024,01/02/2024,Charla sobre bienestar emocional,0,4,12,29,13,16,0.6,1,"Vega Molina, Cristina",0,7,,F,2,5,0,Flores-Fígares,0,8,11
479,11/05/2025,18/05/2025,16/05/2025,Actividad PS: consumo alcohol,4,6,24,33,15,18,4.0,2,"García Fernández, María",0,7,,F,6,,1,Flores-Fígares,0,1,15
480,27/09/2025,06/12/2025,29/09/2025,Grupo dolor crónico,6,9,4,15,5,10,26.4,11,"Vargas Díaz, Carmen",0,7,,F,2,7,2,Flores-Fígares,0,13,12
481,02/12/2024,09/12/2024,07/12/2024,Sesión formativa: primeros auxilios,22,22,10,23,5,18,2.4,2,"López Blanco, Alberto",0,7,,M,2,8,1,Flores-Fígares,0,7,9
482,26/03/2024,02/04/2024,26/03/2024,Sesión formativa: vacunación,22,27,1,28,13,15,2.4,2,"Pérez Lara, Miguel",0,7,,M,4,,2,Flores-Fígares,0,5,1
483,29/10/2025,12/11/2025,31/10/2025,Sesión formativa: act. física,22,1,2,20,9,11,4.8,3,"Fernández Vargas, Rocío",0,7,,F,15,,2,Flores-Fígares,0,9,12
484,18/11/2024,20/01/2025,18/11/2024,PSIA,17,4,20,25,4,21,24.0,10,"López Blanco, Alberto",0,7,,M,2,8,2,Flores-Fígares,0,14,2
485,20/04/2025,25/05/2025,23/04/2025,Ponencia: higiene manos,20,11,11,97,34,63,9.6,6,"Domínguez Hernández, Salvador",0,7,,M,11,,0,Flores-Fígares,0,12,8
486,07/08/2025,07/08/2025,08/08/2025,Actividad PS: otras temáticas,24,30,11,14,6,8,1.9,1,"Domínguez Hernández, Salvador",0,7,,M,11,,2,Flores-Fígares,0,2,3
487,15/11/2024,22/11/2024,18/11/2024,Sesión formativa: salud bucodental,22,23,8,30,13,17,3.4,2,"Rodríguez Ramos, Lucía",0,7,,F,14,,1,Flores-Fígares,0,8,2
488,04/08/2025,04/08/2025,07/08/2025,Sesión formativa: salud bucodental,22,23,5,5,2,3,1.5,1,"Rodríguez Ramos, Lucía",0,7,,F,14,,1,Flores-Fígares,0,6,6
489,09/03/2025,23/03/2025,12/03/2025,Sesión clínica: tabaco,21,7,10,29,7,22,3.9,3,"García Fernández, María",0,7,,F,6,,0,Flores-Fígares,1,2,1
490,13/03/2024,03/04/2024,15/03/2024,PIOBIN,15,29,13,25,13,12,7.2,4,"Fuentes Díaz, Antonio",0,7,,M,2,3,0,Flores-Fígares,0,12,3
491,19/12/2024,19/12/2024,19/12/2024,Mesa informativa: salud bucodental,19,23,25,24,5,19,0.9,1,"Rodríguez Ramos, Lucía",0,7,,F,14,,1,Flores-Fígares,0,0,2
492,07/03/2025,07/03/2025,08/03/2025,Sesión formativa: otras temáticas,22,30,22,11,5,6,1.9,1,"Fernández Vargas, Rocío",0,7,,F,15,,0,Flores-Fígares,0,11,15
493,22/05/2025,22/05/2025,23/05/2025,Reunión coordinación — manejo enf. crónicas,3,16,4,10,5,5,1.2,1,"López Blanco, Alberto",0,7,,M,2,8,0,Flores-Fígares,0,10,4
494,19/02/2024,26/02/2024,19/02/2024,Sesión clínica: uso medicamento,21,25,5,23,11,12,4.0,2,"Molina Morales, Cristina",0,7,,F,6,,0,Flores-Fígares,0,9,11
495,13/06/2024,13/06/2024,15/06/2024,Mesa informativa: consumo alcohol,19,6,18,38,20,18,1.3,1,"Pérez Lara, Miguel",0,7,,M,4,,1,Flores-Fígares,0,13,5
496,29/07/2024,26/08/2024,31/07/2024,Actividad PS: enf. transmisibles,1,9,2,111,31,80,9.0,5,"López Ortiz, Raquel",0,7,,F,3,,2,Flores-Fígares,0,9,10
497,28/09/2025,28/09/2025,03/10/2025,Mapeo de activos: higiene manos,18,11,9,36,17,19,1.4,1,"López Ortiz, Raquel",0,7,,F,3,,0,Flores-Fígares,0,13,10
498,14/10/2024,14/10/2024,17/10/2024,Sesión formativa: consumo alcohol,22,6,16,17,9,8,1.3,1,"Vega Molina, Cristina",0,7,,F,2,5,1,Flores-Fígares,0,8,6
499,28/10/2025,04/11/2025,31/10/2025,Ponencia: enf. transmisibles,20,9,11,99,31,68,5.2,2,"Domínguez Hernández, Salvador",0,7,,M,11,,1,Flores-Fígares,0,11,6
500,05/07/2024,30/08/2024,06/07/2024,Grupo EPOC/asma,8,29,12,22,8,14,16.2,9,"López Blanco, Alberto",0,7,,M,2,8,2,Flores-Fígares,0,6,8
501,16/05/2025,01/08/2025,20/05/2025,Programa educación maternal,11,6,22,22,3,19,27.6,12,"Vargas Díaz, Carmen",0,7,,F,2,7,1,Flores-Fígares,0,12,8
502,27/09/2024,27/09/2024,01/10/2024,Charla sobre vacunación,0,27,24,25,9,16,0.8,1,"García Fernández, María",0,7,,F,6,,0,Flores-Fígares,0,3,0
503,31/05/2024,14/06/2024,31/05/2024,Actividad PS: vacunación,1,27,3,35,9,26,3.9,3,"Domínguez Hernández, Salvador",0,7,,M,11,,0,Flores-Fígares,0,14,0
504,23/10/2025,30/10/2025,27/10/2025,Reunión coordinación — prev. accidentes,3,21,8,7,2,5,2.4,2,"Vargas Díaz, Carmen",0,7,,F,2,7,2,Flores-Fígares,0,10,5
505,19/05/2024,25/08/2024,22/05/2024,IAHS,14,15,12,24,6,18,33.0,15,"López Blanco, Alberto",0,7,,M,2,8,1,Flores-Fígares,0,8,7
506,25/10/2024,08/11/2024,25/10/2024,Ponencia: vacunación,20,27,3,36,16,20,3.9,3,"Navarro Martínez, Verónica",0,7,,F,11,,2,Flores-Fígares,0,11,5
507,04/05/2025,04/05/2025,09/05/2025,Mapeo de activos: primeros auxilios,18,22,25,9,3,6,1.7,1,"Domínguez Hernández, Salvador",0,7,,M,11,,0,Flores-Fígares,0,9,6
508,28/04/2024,28/04/2024,01/05/2024,Mesa informativa: menopausia,19,17,15,18,4,14,0.5,1,"Pérez Lara, Miguel",0,7,,M,4,,0,Flores-Fígares,0,7,15
509,26/01/2024,09/02/2024,29/01/2024,Mapeo de activos: higiene manos,18,11,6,22,7,15,3.6,3,"Navarro Martínez, Verónica",0,7,,F,11,,2,Flores-Fígares,0,6,12
510,25/08/2024,08/09/2024,28/08/2024,Sesión formativa: IRAS,22,14,2,29,7,22,3.9,3,"Navarro Martínez, Verónica",0,7,,F,11,,2,Flores-Fígares,0,10,15
511,14/08/2024,14/08/2024,14/08/2024,Mesa informativa: manejo enf. crónicas,19,16,17,55,11,44,1.5,1,"Molina Morales, Cristina",0,7,,F,6,,1,Flores-Fígares,0,3,4
512,08/05/2024,15/05/2024,13/05/2024,Actividad PS: manejo enf. crónicas,24,16,1,8,2,6,2.2,2,"García Fernández, María",0,7,,F,6,,2,Flores-Fígares,0,11,1
513,07/09/2024,12/10/2024,09/09/2024,Programa educación maternal,11,20,15,10,1,9,9.6,6,"Vargas Díaz, Carmen",0,7,,F,2,7,2,Flores-Fígares,0,1,4
514,12/02/2024,12/02/2024,12/02/2024,Sesión formativa: uso medicamento,22,25,21,8,2,6,1.1,1,"Rodríguez Ramos, Lucía",0,7,,F,14,,0,Flores-Fígares,0,13,5
515,29/10/2024,03/12/2024,31/10/2024,Programa educación maternal,11,15,11,15,2,13,15.0,6,"Vargas Díaz, Carmen",0,7,,F,2,7,0,Flores-Fígares,0,7,9
516,01/12/2025,22/12/2025,01/12/2025,Actividad PS: primeros auxilios,24,22,5,11,2,9,8.0,4,"Navarro Martínez, Verónica",0,7,,F,11,,1,Flores-Fígares,0,1,8
517,17/06/2025,17/06/2025,17/06/2025,Charla sobre bienestar emocional,0,4,8,39,18,21,0.6,1,"Fernández Vargas, Rocío",0,7,,F,15,,2,Flores-Fígares,0,13,3
518,29/04/2025,03/06/2025,03/05/2025,Ponencia: voluntades vitales,20,29,25,117,32,85,16.8,6,"Molina Morales, Cristina",0,7,,F,6,,1,Flores-Fígares,0,7,13
519,21/11/2025,31/12/2025,21/11/2025,Grupo cuidadoras,5,1,17,24,8,16,20.7,9,"Vega Molina, Cristina",0,7,,F,2,5,2,Flores-Fígares,0,6,12
520,28/03/2025,20/06/2025,01/04/2025,Grupo dolor crónico,6,9,16,8,3,5,27.3,13,"Vargas Díaz, Carmen",0,7,,F,2,7,2,Flores-Fígares,0,5,6
521,15/12/2025,31/12/2025,20/12/2025,PSIA,17,20,18,19,3,16,14.0,7,"Vega Molina, Cristina",0,7,,F,2,5,2,Flores-Fígares,0,5,13
522,16/04/2024,07/05/2024,21/04/2024,Ponencia: higiene manos,20,11,15,77,41,36,10.4,4,"López Ortiz, Raquel",0,7,,F,3,,0,Flores-Fígares,0,0,9
523,06/11/2025,13/11/2025,08/11/2025,Sesión formativa: salud bucodental,22,23,23,27,7,20,2.0,2,"Rodríguez Ramos, Lucía",0,7,,F,14,,1,Flores-Fígares,1,14,8
524,09/06/2024,16/06/2024,13/06/2024,Ponencia: consumo alcohol,20,6,10,113,55,58,4.6,2,"Molina Morales, Cristina",0,7,,F,6,,0,Flores-Fígares,1,13,6
525,28/09/2025,28/09/2025,02/10/2025,Charla sobre enf. transmisibles,0,9,21,28,10,18,0.7,1,"López Blanco, Alberto",0,7,,M,2,8,2,Flores-Fígares,0,4,2
526,09/02/2025,09/02/2025,14/02/2025,Reunión coordinación — higiene manos,3,11,18,6,2,4,2.0,1,"Vargas Díaz, Carmen",0,7,,F,2,7,0,Flores-Fígares,0,6,2
527,19/10/2024,30/11/2024,20/10/2024,Taller de tabaco,23,7,21,25,13,12,21.0,7,"Fernández Vargas, Rocío",0,7,,F,15,,2,Flores-Fígares,0,7,11
528,27/07/2025,03/08/2025,27/07/2025,Sesión formativa: enf. transmisibles,22,9,13,16,7,9,3.4,2,"Navarro Martínez, Verónica",0,7,,F,11,,1,Flores-Fígares,0,4,7
529,09/03/2024,09/03/2024,09/03/2024,Reunión coordinación — consumo alcohol,3,6,4,5,2,3,1.7,1,"Fernández Vargas, Rocío",0,7,,F,15,,2,Flores-Fígares,0,13,15
530,25/08/2024,13/10/2024,25/08/2024,Taller de envejecimiento,23,10,5,25,12,13,16.8,8,"Vargas Díaz, Carmen",0,7,,F,2,7,2,Flores-Fígares,0,5,10
531,09/05/2025,18/07/2025,12/05/2025,PITA,16,20,8,18,4,14,18.7,11,"López Blanco, Alberto",0,7,,M,2,8,2,Flores-Fígares,0,1,11
532,18/01/2024,18/01/2024,22/01/2024,Charla sobre manejo enf. crónicas,0,16,11,22,10,12,1.5,1,"Molina Morales, Cristina",0,7,,F,6,,2,Flores-Fígares,0,0,12
533,22/03/2025,22/03/2025,22/03/2025,Mesa informativa: enf. transmisibles,19,9,20,25,13,12,0.6,1,"López Ortiz, Raquel",0,7,,F,3,,1,Flores-Fígares,0,7,9
534,18/01/2024,25/01/2024,18/01/2024,Sesión formativa: alimentación saludable,22,3,25,25,8,17,2.6,2,"García Fernández, María",0,7,,F,6,,2,Flores-Fígares,0,11,4
535,02/07/2024,02/07/2024,05/07/2024,Charla sobre prev. accidentes,0,21,21,54,26,28,1.5,1,"Vargas Díaz, Carmen",0,7,,F,2,7,2,Flores-Fígares,0,5,12
536,21/11/2024,21/11/2024,26/11/2024,Sesión clínica: alimentación saludable,21,3,22,21,9,12,1.9,1,"Rodríguez Ramos, Lucía",0,7,,F,14,,0,Flores-Fígares,0,2,13
537,29/07/2025,12/08/2025,03/08/2025,Sesión formativa: envejecimiento,22,10,4,12,5,7,5.7,3,"Vargas Díaz, Carmen",0,7,,F,2,7,0,Flores-Fígares,0,8,7
538,19/11/2024,17/12/2024,19/11/2024,Taller de parentalidad positiva,23,20,8,20,9,11,13.0,5,"Flores Aguilar, Rosa",0,8,,F,13,,1,Fortuny/Velluti,1,2,1
539,28/11/2025,05/12/2025,30/11/2025,Actividad PS: tabaco,4,7,2,40,18,22,2.4,2,"Gutiérrez Torres, Pilar",0,8,,F,6,,0,Fortuny/Velluti,1,14,15
540,11/02/2025,11/02/2025,15/02/2025,Actividad PS: higiene postural,1,12,23,90,47,43,2.4,1,"Sánchez Rubio, David",0,8,,M,10,,0,Fortuny/Velluti,1,8,8
541,07/03/2024,14/03/2024,09/03/2024,Mapeo de activos: parentalidad positiva,18,20,14,26,13,13,3.2,2,"Flores Aguilar, Rosa",0,8,,F,13,,0,Fortuny/Velluti,1,2,12
542,12/05/2025,12/05/2025,12/05/2025,Reunión coordinación — consumo alcohol,3,6,7,4,2,2,2.0,1,"Reyes Vargas, Raquel",0,8,,F,8,,2,Fortuny/Velluti,1,5,9
543,31/01/2024,20/03/2024,02/02/2024,Grupo dolor crónico,6,20,7,22,9,13,18.4,8,"Hidalgo Domínguez, Lucía",0,8,,F,2,4,1,Fortuny/Velluti,1,0,5
544,19/03/2025,02/04/2025,22/03/2025,Sesión formativa: primeros auxilios,22,22,17,24,10,14,5.7,3,"Blanco Medina, Silvia",0,8,,F,2,3,0,Fortuny/Velluti,1,0,15
545,05/01/2025,05/01/2025,06/01/2025,Charla sobre voluntades vitales,0,29,4,39,19,20,1.5,1,"Reyes Vargas, Raquel",0,8,,F,8,,1,Fortuny/Velluti,1,1,12
546,19/12/2025,31/12/2025,23/12/2025,IAHS,14,8,15,21,11,10,10.5,7,"Blanco Medina, Silvia",0,8,,F,2,3,1,Fortuny/Velluti,1,4,5
547,06/09/2025,15/11/2025,10/09/2025,IAHS,14,8,11,22,10,12,25.3,11,"Cabrera Jiménez, Mercedes",0,8,,F,2,6,0,Fortuny/Velluti,1,14,13
548,30/04/2025,04/06/2025,30/04/2025,Taller de sexualidad,23,24,5,19,7,12,10.2,6,"Flores Aguilar, Rosa",0,8,,F,13,,1,Fortuny/Velluti,1,9,12
549,01/06/2025,08/06/2025,01/06/2025,Sesión formativa: envejecimiento,22,10,16,10,4,6,3.0,2,"Sánchez Rubio, David",0,8,,M,10,,1,Fortuny/Velluti,1,13,9
550,01/07/2024,07/10/2024,04/07/2024,Grupo diabetológico,7,7,5,14,5,9,36.0,15,"Cabrera Jiménez, Mercedes",0,8,,F,2,6,1,Fortuny/Velluti,1,1,9
551,02/04/2024,09/07/2024,03/04/2024,PSIA,17,22,25,25,1,24,36.0,15,"Hidalgo Domínguez, Lucía",0,8,,F,2,4,0,Fortuny/Velluti,1,14,13
552,19/05/2024,26/05/2024,21/05/2024,Sesión formativa: lactancia materna,22,15,3,24,6,18,3.6,2,"Cabrera Jiménez, Mercedes",0,8,,F,2,6,2,Fortuny/Velluti,1,10,6
553,29/04/2024,20/05/2024,04/05/2024,Reunión coordinación — parentalidad positiva,3,20,24,3,1,2,6.8,4,"Reyes Vargas, Raquel",0,8,,F,8,,0,Fortuny/Velluti,1,10,14
554,17/06/2025,15/07/2025,19/06/2025,Rehabilitación cardiaca,9,29,6,11,6,5,8.0,5,"Hidalgo Domínguez, Lucía",0,8,,F,2,4,1,Fortuny/Velluti,1,10,2
555,03/04/2024,22/05/2024,03/04/2024,PIOBIN,15,8,16,12,5,7,13.6,8,"Hidalgo Domínguez, Lucía",0,8,,F,2,4,1,Fortuny/Velluti,1,3,2
556,19/10/2024,02/11/2024,24/10/2024,Actividad PS: vacunación,4,27,10,32,15,17,4.2,3,"Vargas Pérez, Rocío",0,8,,F,6,,2,Fortuny/Velluti,1,10,13
557,11/02/2025,18/02/2025,14/02/2025,Actividad PS: tabaco,24,7,25,16,4,12,3.2,2,"Vargas Pérez, Rocío",0,8,,F,6,,0,Fortuny/Velluti,1,6,10
558,03/05/2024,12/07/2024,07/05/2024,Grupo EPOC/asma,8,8,1,15,3,12,18.7,11,"Aguilar Guerrero, Alejandro",0,8,,M,2,4,0,Fortuny/Velluti,1,0,1
559,08/02/2024,15/02/2024,10/02/2024,Reunión coordinación — dolor crónico,3,8,14,9,4,5,3.6,2,"Cabrera Jiménez, Mercedes",0,8,,F,2,6,2,Fortuny/Velluti,1,8,14
560,02/12/2025,02/12/2025,06/12/2025,Charla sobre conducta suicida,0,5,6,40,9,31,1.9,1,"Reyes Vargas, Raquel",0,8,,F,8,,0,Fortuny/Velluti,1,3,15
561,11/05/2025,15/06/2025,11/05/2025,Programa educación maternal,11,15,12,25,2,23,14.4,6,"Hidalgo Domínguez, Lucía",0,8,,F,2,4,2,Fortuny/Velluti,1,6,5
562,29/04/2024,12/08/2024,30/04/2024,Grupo EPOC/asma,8,20,10,13,4,9,28.8,16,"Cabrera Jiménez, Mercedes",0,8,,F,2,6,2,Fortuny/Velluti,1,3,8
563,06/07/2025,03/08/2025,08/07/2025,Grupo cuidadoras,5,16,13,18,5,13,12.5,5,"Blanco Medina, Silvia",0,8,,F,2,3,2,Fortuny/Velluti,1,0,10
564,31/03/2025,07/07/2025,03/04/2025,PSIA,17,12,22,12,1,11,24.0,15,"Jiménez Morales, Dolores",0,8,,F,2,8,0,Fortuny/Velluti,1,2,8
565,06/06/2024,25/07/2024,09/06/2024,Taller de higiene manos,23,11,6,19,5,14,13.6,8,"Jiménez Morales, Dolores",0,8,,F,2,8,2,Fortuny/Velluti,1,10,11
566,16/04/2024,23/04/2024,18/04/2024,Actividad PS: violencia género,24,28,3,16,5,11,3.6,2,"Flores Aguilar, Rosa",0,8,,F,13,,0,Fortuny/Velluti,1,0,11
567,21/05/2025,04/06/2025,26/05/2025,Taller de consumo alcohol,23,6,21,15,7,8,5.1,3,"Vargas Pérez, Rocío",0,8,,F,6,,2,Fortuny/Velluti,1,11,0
568,18/12/2024,18/12/2024,20/12/2024,Ponencia: tabaco,20,7,18,60,13,47,2.9,1,"Gutiérrez Torres, Pilar",0,8,,F,6,,1,Fortuny/Velluti,1,7,1
569,28/02/2025,11/04/2025,04/03/2025,Programa educación maternal,11,8,25,14,1,13,16.1,7,"Aguilar Guerrero, Alejandro",0,8,,M,2,4,2,Fortuny/Velluti,1,12,9
570,15/06/2024,24/08/2024,18/06/2024,Programa educación maternal,11,27,25,24,4,20,17.6,11,"Aguilar Guerrero, Alejandro",0,8,,M,2,4,1,Fortuny/Velluti,1,6,1
571,04/11/2025,25/11/2025,05/11/2025,PSIA,17,24,1,20,0,20,8.8,4,"Rubio Serrano, Raquel",0,8,,F,9,,0,Fortuny/Velluti,1,7,0
572,08/02/2025,22/02/2025,09/02/2025,Sesión formativa: higiene postural,22,12,4,9,5,4,5.4,3,"Cabrera Jiménez, Mercedes",0,8,,F,2,6,1,Fortuny/Velluti,1,6,4
573,15/05/2025,15/05/2025,19/05/2025,Sesión formativa: higiene postural,22,12,12,7,3,4,1.7,1,"Blanco Medina, Silvia",0,8,,F,2,3,1,Fortuny/Velluti,1,14,7
574,10/05/2024,24/05/2024,12/05/2024,Sesión formativa: sexualidad,22,24,10,22,7,15,5.7,3,"Reyes Vargas, Raquel",0,8,,F,8,,0,Fortuny/Velluti,1,11,0
575,19/09/2024,24/10/2024,20/09/2024,Rehabilitación respiratoria,10,8,17,18,9,9,14.4,6,"Hidalgo Domínguez, Lucía",0,8,,F,2,4,2,Fortuny/Velluti,1,4,4
576,05/06/2024,26/06/2024,09/06/2024,Taller de bienestar emocional,23,4,12,14,7,7,11.6,4,"Reyes Vargas, Raquel",0,8,,F,8,,0,Fortuny/Velluti,1,7,3
577,09/06/2024,16/06/2024,14/06/2024,Taller de primeros auxilios,23,22,8,14,6,8,3.8,2,"Cabrera Jiménez, Mercedes",0,8,,F,2,6,1,Fortuny/Velluti,1,12,12
578,27/01/2025,10/02/2025,29/01/2025,Sesión formativa: manejo enf. crónicas,22,16,24,24,9,15,5.4,3,"Vargas Pérez, Rocío",0,8,,F,6,,1,Fortuny/Velluti,1,1,4
579,20/04/2024,03/08/2024,22/04/2024,PSIA,17,6,25,9,1,8,33.6,16,"Rubio Serrano, Raquel",0,8,,F,9,,0,Fortuny/Velluti,1,1,12
580,27/02/2024,19/03/2024,29/02/2024,PIOBIN,15,18,4,15,4,11,9.6,4,"Rubio Serrano, Raquel",0,8,,F,9,,2,Fortuny/Velluti,1,5,8
581,04/03/2025,29/04/2025,04/03/2025,IAHS,14,22,4,18,9,9,18.9,9,"Hidalgo Domínguez, Lucía",0,8,,F,2,4,0,Fortuny/Velluti,1,2,0
582,22/01/2025,26/03/2025,22/01/2025,Grupo EPOC/asma,8,12,20,15,6,9,19.0,10,"Hidalgo Domínguez, Lucía",0,8,,F,2,4,2,Fortuny/Velluti,1,5,4
583,10/04/2024,03/07/2024,11/04/2024,Programa educación maternal,11,3,20,8,0,8,26.0,13,"Cabrera Jiménez, Mercedes",0,8,,F,2,6,0,Fortuny/Velluti,1,3,9
584,07/09/2025,28/09/2025,11/09/2025,Actividad PS: manejo enf. crónicas,4,16,6,17,8,9,6.0,4,"Gutiérrez Torres, Pilar",0,8,,F,6,,2,Fortuny/Velluti,1,3,14
585,24/11/2024,24/11/2024,27/11/2024,Mesa informativa: voluntades vitales,19,29,11,36,8,28,0.8,1,"Gutiérrez Torres, Pilar",0,8,,F,6,,1,Fortuny/Velluti,1,0,3
586,01/08/2024,01/08/2024,05/08/2024,Charla sobre voluntades vitales,0,29,12,33,8,25,1.7,1,"Gutiérrez Torres, Pilar",0,8,,F,6,,1,Fortuny/Velluti,1,10,5
587,21/04/2024,21/04/2024,22/04/2024,Actividad PS: vacunación,4,27,23,12,3,9,1.9,1,"Vargas Pérez, Rocío",0,8,,F,6,,2,Fortuny/Velluti,1,3,10
588,02/10/2024,11/12/2024,05/10/2024,PIOBIN,15,20,17,13,3,10,18.7,11,"Blanco Medina, Silvia",0,8,,F,2,3,0,Fortuny/Velluti,1,8,10
589,16/10/2024,11/12/2024,18/10/2024,PIOBIN,15,22,3,15,5,10,15.3,9,"Blanco Medina, Silvia",0,8,,F,2,3,1,Fortuny/Velluti,1,10,11
590,26/09/2025,26/12/2025,29/09/2025,Grupo EPOC/asma,8,1,8,15,6,9,33.6,14,"Blanco Medina, Silvia",0,8,,F,2,3,2,Fortuny/Velluti,1,10,11
591,11/02/2024,21/04/2024,12/02/2024,Rehabilitación respiratoria,10,7,24,9,4,5,24.2,11,"Hidalgo Domínguez, Lucía",0,8,,F,2,4,1,Fortuny/Velluti,1,13,1
592,10/04/2025,10/04/2025,15/04/2025,Reunión coordinación — primeros auxilios,3,22,13,10,3,7,1.8,1,"Sánchez Rubio, David",0,8,,M,10,,2,Fortuny/Velluti,1,9,11
593,10/08/2024,10/08/2024,11/08/2024,Mesa informativa: act. física,19,1,1,54,18,36,1.5,1,"Gutiérrez Torres, Pilar",0,8,,F,6,,1,Fortuny/Velluti,1,7,7
594,08/04/2024,22/07/2024,12/04/2024,Grupo dolor crónico,6,8,12,17,4,13,30.4,16,"Blanco Medina, Silvia",0,8,,F,2,3,2,Fortuny/Velluti,1,6,0
595,04/05/2024,11/05/2024,04/05/2024,Actividad PS: alimentación saludable,4,3,18,38,14,24,3.0,2,"Vargas Pérez, Rocío",0,8,,F,6,,2,Fortuny/Velluti,1,1,12
596,12/05/2025,18/08/2025,15/05/2025,GRAFA,12,6,5,21,8,13,31.5,15,"Rubio Serrano, Raquel",0,8,,F,9,,2,Fortuny/Velluti,1,2,7
597,04/02/2025,25/02/2025,05/02/2025,PITA,16,15,17,8,2,6,8.8,4,"Jiménez Morales, Dolores",0,8,,F,2,8,1,Fortuny/Velluti,1,6,10
598,22/02/2025,22/03/2025,24/02/2025,Rehabilitación respiratoria,10,3,9,19,12,7,10.0,5,"Aguilar Guerrero, Alejandro",0,8,,M,2,4,2,Fortuny/Velluti,1,12,5
599,17/01/2024,07/02/2024,18/01/2024,PIOBIN,15,22,3,21,11,10,8.4,4,"Hidalgo Domínguez, Lucía",0,8,,F,2,4,1,Fortuny/Velluti,1,7,7
600,17/12/2024,24/12/2024,20/12/2024,Sesión formativa: otras temáticas,22,30,20,21,7,14,2.0,2,"Gutiérrez Torres, Pilar",0,8,,F,6,,1,Fortuny/Velluti,1,11,9
601,11/04/2024,25/04/2024,15/04/2024,Reunión coordinación — sexualidad,3,24,25,4,2,2,3.0,3,"Flores Aguilar, Rosa",0,8,,F,13,,0,Fortuny/Velluti,1,2,10
602,19/07/2025,11/10/2025,21/07/2025,PSIA,17,6,8,10,1,9,32.5,13,"Rubio Serrano, Raquel",0,8,,F,9,,0,Fortuny/Velluti,1,7,11
603,22/03/2024,19/04/2024,22/03/2024,Ponencia: vacunación,20,27,22,73,18,55,8.0,5,"Gutiérrez Torres, Pilar",0,8,,F,6,,2,Fortuny/Velluti,1,13,1
604,01/05/2025,01/05/2025,02/05/2025,Charla sobre prev. accidentes,0,21,10,54,23,31,1.5,1,"Aguilar Guerrero, Alejandro",0,8,,M,2,4,1,Fortuny/Velluti,1,6,13
605,31/01/2025,21/02/2025,04/02/2025,Taller de alimentación saludable,23,3,2,26,7,19,8.0,4,"Fernández Moreno, Concepción",0,9,,F,15,,0,Zaidín C-E,0,10,8
606,15/11/2025,29/11/2025,20/11/2025,Sesión formativa: bienestar emocional,22,4,17,12,3,9,5.4,3,"Hidalgo Ramos, Verónica",0,9,,F,7,,1,Zaidín C-E,0,4,3
607,06/12/2025,13/12/2025,09/12/2025,Actividad PS: sexualidad,24,24,23,32,17,15,3.6,2,"Medina Domínguez, Virginia",0,9,,F,13,,1,Zaidín C-E,0,8,6
608,04/05/2025,25/05/2025,04/05/2025,Actividad PS: tabaco,24,7,24,18,7,11,6.0,4,"Fernández Moreno, Concepción",0,9,,F,15,,2,Zaidín C-E,0,8,11
609,24/10/2024,24/10/2024,25/10/2024,Mesa informativa: IRAS,19,14,15,20,8,12,1.2,1,"Medina Domínguez, Virginia",0,9,,F,13,,1,Zaidín C-E,0,5,5
610,31/12/2024,14/01/2025,02/01/2025,Actividad PS: prev. accidentes,24,21,6,21,11,10,4.8,3,"Hernández Suárez, Elena",0,9,,F,11,,1,Zaidín C-E,0,13,12
611,28/05/2024,28/05/2024,29/05/2024,Mesa informativa: alimentación saludable,19,3,10,26,6,20,1.0,1,"Pérez Fernández, Patricia",0,9,,F,6,,0,Zaidín C-E,0,3,15
612,06/06/2025,13/06/2025,08/06/2025,Taller de enf. transmisibles,23,9,16,30,7,23,3.4,2,"Cabrera Romero, Irene",0,9,,F,2,5,2,Zaidín C-E,0,3,4
613,11/03/2025,11/03/2025,12/03/2025,Charla sobre alimentación saludable,0,3,12,57,23,34,1.1,1,"Navarro Blanco, Lucía",0,9,,F,2,1,2,Zaidín C-E,0,12,7
614,25/10/2024,15/11/2024,30/10/2024,Taller de voluntades vitales,23,29,5,25,13,12,10.0,4,"Pérez Fernández, Patricia",0,9,,F,6,,1,Zaidín C-E,0,10,6
615,07/08/2024,23/10/2024,09/08/2024,IAHS,14,8,21,17,5,12,19.2,12,"Flores Alonso, Pedro",0,9,,M,2,6,1,Zaidín C-E,0,1,11
616,25/02/2025,04/03/2025,28/02/2025,Sesión clínica: bienestar emocional,21,4,14,8,2,6,3.4,2,"García Sánchez, Virginia",0,9,,F,6,,0,Zaidín C-E,1,13,8
617,03/08/2024,16/11/2024,06/08/2024,PITA,16,3,4,18,8,10,33.6,16,"Castro Gutiérrez, Ana",0,9,,F,2,1,2,Zaidín C-E,0,4,12
618,22/08/2025,14/11/2025,26/08/2025,Grupo cuidadoras,5,3,19,10,4,6,19.5,13,"Cabrera Romero, Irene",0,9,,F,2,5,0,Zaidín C-E,0,11,10
619,08/11/2025,31/12/2025,12/11/2025,Programa educación maternal,11,3,25,21,2,19,15.3,9,"Flores Alonso, Pedro",0,9,,M,2,6,2,Zaidín C-E,1,2,6
620,31/08/2024,07/09/2024,31/08/2024,Sesión formativa: primeros auxilios,22,22,25,20,4,16,2.0,2,"Navarro Ortiz, Mercedes",0,9,,F,2,8,0,Zaidín C-E,0,4,9
621,25/03/2024,25/03/2024,26/03/2024,Mesa informativa: enf. transmisibles,19,9,23,22,5,17,0.7,1,"Hernández Suárez, Elena",0,9,,F,11,,2,Zaidín C-E,0,7,13
622,01/11/2024,15/11/2024,02/11/2024,Sesión clínica: voluntades vitales,21,29,7,23,6,17,3.6,3,"Castro Guerrero, Beatriz",0,9,,F,6,,2,Zaidín C-E,0,8,6
623,30/07/2024,06/08/2024,01/08/2024,Sesión clínica: otras formas fumar,21,19,14,14,3,11,2.4,2,"Ramos Rodríguez, Cristina",0,9,,F,4,,2,Zaidín C-E,0,4,3
624,09/04/2024,30/04/2024,14/04/2024,Taller de tabaco,23,7,6,20,11,9,11.2,4,"Navarro Jiménez, Elena",0,9,,F,15,,0,Zaidín C-E,0,13,8
625,02/02/2025,13/04/2025,02/02/2025,Grupo EPOC/asma,8,6,15,13,5,8,23.1,11,"Cabrera Romero, Irene",0,9,,F,2,5,0,Zaidín C-E,0,3,1
626,05/07/2025,18/10/2025,05/07/2025,Rehabilitación cardiaca,9,4,23,11,7,4,28.8,16,"Navarro Ortiz, Mercedes",0,9,,F,2,8,1,Zaidín C-E,0,14,1
627,20/08/2025,20/08/2025,21/08/2025,Mesa informativa: alimentación saludable,19,3,21,50,24,26,0.7,1,"Castro Guerrero, Beatriz",0,9,,F,6,,0,Zaidín C-E,0,1,6
628,16/03/2024,23/03/2024,20/03/2024,Taller de manejo enf. crónicas,23,16,2,14,6,8,4.4,2,"Ramos Rodríguez, Cristina",0,9,,F,4,,0,Zaidín C-E,0,1,8
629,17/07/2025,17/07/2025,19/07/2025,Charla sobre alimentación saludable,0,3,14,55,12,43,0.9,1,"Navarro Jiménez, Elena",0,9,,F,15,,1,Zaidín C-E,1,8,14
630,06/03/2024,29/05/2024,08/03/2024,Programa educación maternal,11,16,5,14,2,12,26.0,13,"Cabrera Romero, Irene",0,9,,F,2,5,0,Zaidín C-E,0,14,8
631,27/03/2024,08/05/2024,31/03/2024,PITA,16,15,7,13,4,9,16.8,7,"Castro Gutiérrez, Ana",0,9,,F,2,1,2,Zaidín C-E,0,8,13
632,01/02/2025,15/02/2025,01/02/2025,Sesión clínica: consumo alcohol,21,6,25,10,2,8,3.9,3,"Castro Guerrero, Beatriz",0,9,,F,6,,0,Zaidín C-E,0,5,3
633,02/02/2024,09/02/2024,02/02/2024,Sesión clínica: otras temáticas,21,30,9,8,3,5,3.0,2,"Ramos Rodríguez, Cristina",0,9,,F,4,,0,Zaidín C-E,0,8,10
634,21/02/2025,04/04/2025,22/02/2025,PSIA,17,9,18,20,2,18,11.2,7,"Cabrera Romero, Irene",0,9,,F,2,5,2,Zaidín C-E,0,13,8
635,12/12/2025,19/12/2025,15/12/2025,Sesión formativa: alimentación saludable,22,3,2,6,2,4,2.8,2,"Navarro Jiménez, Elena",0,9,,F,15,,2,Zaidín C-E,0,11,6
636,01/01/2024,11/03/2024,06/01/2024,PITA,16,8,23,24,10,14,18.7,11,"Alonso Medina, Pedro",0,9,,M,2,5,0,Zaidín C-E,0,2,12
637,18/01/2024,07/03/2024,18/01/2024,Programa educación maternal,11,15,21,17,3,14,18.4,8,"Flores Alonso, Pedro",0,9,,M,2,6,1,Zaidín C-E,0,0,13
638,08/01/2025,29/01/2025,09/01/2025,Actividad PS: bienestar emocional,24,4,3,14,6,8,6.0,4,"Navarro Jiménez, Elena",0,9,,F,15,,2,Zaidín C-E,0,12,14
639,03/03/2025,17/03/2025,03/03/2025,Actividad PS: otras temáticas,24,30,3,27,8,19,3.9,3,"Fernández Moreno, Concepción",0,9,,F,15,,1,Zaidín C-E,0,14,9
640,21/05/2024,25/06/2024,23/05/2024,PITA,16,21,20,11,5,6,10.2,6,"Navarro Blanco, Lucía",0,9,,F,2,1,2,Zaidín C-E,0,0,9
641,28/05/2025,04/06/2025,28/05/2025,Actividad PS: otras temáticas,24,30,8,8,2,6,2.0,2,"Navarro Jiménez, Elena",0,9,,F,15,,2,Zaidín C-E,0,5,9
642,18/11/2024,02/12/2024,22/11/2024,Reunión coordinación — parentalidad positiva,3,20,10,2,1,1,4.8,3,"Alonso Medina, Pedro",0,9,,M,2,5,2,Zaidín C-E,1,9,9
643,19/04/2024,10/05/2024,24/04/2024,Actividad PS: consumo alcohol,4,6,18,36,10,26,6.0,4,"Castro Guerrero, Beatriz",0,9,,F,6,,0,Zaidín C-E,0,2,12
644,03/04/2024,03/07/2024,07/04/2024,PSIA,17,20,24,18,2,16,23.8,14,"Alonso Medina, Pedro",0,9,,M,2,5,1,Zaidín C-E,0,12,9
645,15/08/2024,10/10/2024,15/08/2024,Grupo diabetológico,7,12,6,19,7,12,18.9,9,"Navarro Blanco, Lucía",0,9,,F,2,1,1,Zaidín C-E,0,10,8
646,20/06/2024,20/06/2024,22/06/2024,Sesión formativa: prev. accidentes,22,21,17,19,8,11,1.5,1,"Hidalgo Ramos, Verónica",0,9,,F,7,,1,Zaidín C-E,0,12,2
647,19/10/2024,16/11/2024,21/10/2024,Taller de manejo enf. crónicas,23,16,8,16,8,8,10.0,5,"Castro Gutiérrez, Ana",0,9,,F,2,1,1,Zaidín C-E,0,8,10
648,23/08/2025,30/08/2025,27/08/2025,Sesión formativa: otras temáticas,22,30,21,22,7,15,3.8,2,"Navarro Jiménez, Elena",0,9,,F,15,,2,Zaidín C-E,0,10,7
649,25/08/2024,29/09/2024,27/08/2024,Taller de tabaco,23,7,24,18,4,14,14.4,6,"Pérez Fernández, Patricia",0,9,,F,6,,1,Zaidín C-E,0,13,9
650,09/03/2025,30/03/2025,12/03/2025,PSIA,17,21,6,18,3,15,6.4,4,"Alonso Medina, Pedro",0,9,,M,2,5,0,Zaidín C-E,0,10,3
651,20/10/2024,20/10/2024,22/10/2024,Reunión coordinación — vacunación,3,27,17,10,5,5,1.0,1,"Pérez Fernández, Patricia",0,9,,F,6,,2,Zaidín C-E,0,10,7
652,08/02/2024,22/02/2024,10/02/2024,Taller de lactancia materna,23,15,21,26,8,18,5.1,3,"Medina Domínguez, Virginia",0,9,,F,13,,0,Zaidín C-E,0,4,9
653,21/02/2025,21/02/2025,26/02/2025,Ponencia: enf. transmisibles,20,9,17,37,11,26,3.0,1,"Hernández Suárez, Elena",0,9,,F,11,,2,Zaidín C-E,0,10,5
654,03/10/2024,21/11/2024,08/10/2024,Taller de consumo alcohol,23,6,22,11,4,7,17.6,8,"Navarro Ortiz, Mercedes",0,9,,F,2,8,2,Zaidín C-E,0,1,14
655,04/11/2025,25/11/2025,05/11/2025,Actividad PS: violencia género,24,28,3,9,2,7,5.2,4,"Medina Domínguez, Virginia",0,9,,F,13,,0,Zaidín C-E,0,13,0
656,29/06/2025,31/08/2025,03/07/2025,Rehabilitación respiratoria,10,11,14,17,10,7,21.0,10,"Castro Gutiérrez, Ana",0,9,,F,2,1,1,Zaidín C-E,0,0,12
657,31/03/2025,07/04/2025,01/04/2025,Mapeo de activos: bienestar emocional,18,4,23,24,11,13,3.4,2,"Medina Domínguez, Virginia",0,9,,F,13,,0,Zaidín C-E,0,8,13
658,19/02/2025,19/02/2025,22/02/2025,Sesión clínica: voluntades vitales,21,29,2,19,4,15,1.8,1,"García Sánchez, Virginia",0,9,,F,6,,2,Zaidín C-E,0,10,15
659,16/10/2025,30/10/2025,21/10/2025,Reunión coordinación — bienestar emocional,3,4,1,9,3,6,5.7,3,"Navarro Jiménez, Elena",0,9,,F,15,,0,Zaidín C-E,0,4,6
660,05/04/2024,19/04/2024,09/04/2024,Reunión coordinación — consumo alcohol,3,6,16,8,2,6,5.7,3,"Alonso Medina, Pedro",0,9,,M,2,5,0,Zaidín C-E,0,2,3
661,24/04/2025,24/04/2025,24/04/2025,Mesa informativa: manejo enf. crónicas,19,16,25,15,7,8,1.6,1,"Medina Domínguez, Virginia",0,9,,F,13,,2,Zaidín C-E,0,11,15
662,12/06/2025,18/09/2025,16/06/2025,PSIA,17,4,19,23,2,21,24.0,15,"Flores Alonso, Pedro",0,9,,M,2,6,0,Zaidín C-E,0,1,12
663,09/02/2024,23/02/2024,14/02/2024,Sesión formativa: alimentación saludable,22,3,12,10,5,5,5.7,3,"Pérez Fernández, Patricia",0,9,,F,6,,0,Zaidín C-E,0,9,5
664,26/02/2025,02/04/2025,28/02/2025,Taller de higiene manos,23,11,8,30,15,15,13.2,6,"Flores Alonso, Pedro",0,9,,M,2,6,1,Zaidín C-E,0,2,12
665,15/12/2024,30/03/2025,18/12/2024,PIOBIN,15,3,10,12,6,6,33.6,16,"Flores Alonso, Pedro",0,9,,M,2,6,1,Zaidín C-E,0,3,14
666,15/05/2025,05/06/2025,20/05/2025,Reunión coordinación — uso medicamento,3,25,25,9,5,4,5.6,4,"Ramos Rodríguez, Cristina",0,9,,F,4,,0,Zaidín C-E,0,13,12
667,10/12/2024,10/12/2024,12/12/2024,Mesa informativa: voluntades vitales,19,29,2,24,9,15,1.2,1,"García Sánchez, Virginia",0,9,,F,6,,1,Zaidín C-E,0,2,5
668,09/04/2025,16/07/2025,09/04/2025,Grupo EPOC/asma,8,1,24,19,8,11,24.0,15,"Flores Alonso, Pedro",0,9,,M,2,6,0,Zaidín C-E,0,13,11
669,09/06/2025,09/06/2025,13/06/2025,Charla sobre bienestar emocional,0,4,15,23,9,14,1.3,1,"Navarro Jiménez, Elena",0,9,,F,15,,2,Zaidín C-E,0,14,2
670,17/04/2025,03/07/2025,22/04/2025,PIOBIN,15,6,5,24,7,17,27.6,12,"Navarro Blanco, Lucía",0,9,,F,2,1,1,Zaidín C-E,0,10,7
671,28/09/2024,28/09/2024,30/09/2024,Sesión formativa: alimentación saludable,22,3,3,9,4,5,1.8,1,"Hidalgo Ramos, Verónica",0,9,,F,7,,1,Zaidín C-E,0,12,13
672,09/02/2025,11/05/2025,10/02/2025,Grupo cuidadoras,5,11,3,19,7,12,26.6,14,"Flores Alonso, Pedro",0,9,,M,2,6,1,Zaidín C-E,0,9,2
673,06/10/2024,06/10/2024,11/10/2024,Actividad PS: otras temáticas,4,30,10,28,13,15,1.0,1,"Pérez Fernández, Patricia",0,9,,F,6,,0,Zaidín C-E,0,10,4
674,02/07/2024,02/07/2024,07/07/2024,Sesión formativa: bienestar emocional,22,4,4,28,15,13,1.2,1,"García Sánchez, Virginia",0,9,,F,6,,0,Zaidín C-E,0,2,5
675,22/12/2025,31/12/2025,22/12/2025,Reunión coordinación — otras temáticas,3,30,9,4,1,3,3.6,3,"Navarro Jiménez, Elena",0,9,,F,15,,2,Zaidín C-E,0,8,14
676,04/02/2025,18/03/2025,04/02/2025,Taller de dolor crónico,23,8,13,16,6,10,14.7,7,"Fernández Flores, Rocío",0,10,,F,2,4,0,Zaidín Sur,0,13,0
677,01/05/2024,15/05/2024,05/05/2024,Sesión formativa: violencia género,22,28,5,16,8,8,3.3,3,"Ramos Ruiz, Mercedes",0,10,,F,13,,0,Zaidín Sur,0,3,11
678,14/06/2025,21/06/2025,18/06/2025,Reunión coordinación — lactancia materna,3,15,19,8,3,5,2.2,2,"Ramos Ruiz, Mercedes",0,10,,F,13,,1,Zaidín Sur,0,12,12
679,01/05/2024,08/05/2024,03/05/2024,Sesión clínica: otras formas fumar,21,19,23,10,3,7,2.6,2,"Jiménez Lara, Virginia",0,10,,F,4,,0,Zaidín Sur,0,1,1
680,24/08/2024,26/10/2024,28/08/2024,Grupo EPOC/asma,8,12,25,19,10,9,20.0,10,"Cortés Hidalgo, Irene",0,10,,F,5,,1,Zaidín Sur,0,3,11
681,20/09/2025,20/09/2025,20/09/2025,Reunión coordinación — otras temáticas,3,30,23,3,1,2,1.7,1,"Guerrero Ortiz, Enrique",0,10,,M,12,,2,Zaidín Sur,1,10,8
682,24/07/2024,21/08/2024,26/07/2024,Ponencia: otras temáticas,20,30,5,42,9,33,8.5,5,"Guerrero Ortiz, Enrique",0,10,,M,12,,1,Zaidín Sur,0,1,8
683,21/12/2025,31/12/2025,22/12/2025,Taller de menopausia,23,17,17,12,3,9,18.9,7,"Jiménez Lara, Virginia",0,10,,F,4,,0,Zaidín Sur,0,3,9
684,04/04/2025,04/04/2025,06/04/2025,Charla sobre manejo enf. crónicas,0,16,16,33,13,20,0.8,1,"Ramos Ruiz, Mercedes",0,10,,F,13,,1,Zaidín Sur,0,10,11
685,07/08/2024,28/08/2024,12/08/2024,Reunión coordinación — otras temáticas,3,30,24,7,2,5,4.8,4,"Guerrero Ortiz, Enrique",0,10,,M,12,,2,Zaidín Sur,0,13,4
686,25/01/2025,15/02/2025,30/01/2025,Ponencia: envejecimiento,20,10,13,63,24,39,9.6,4,"Guerrero Ortiz, Enrique",0,10,,M,12,,0,Zaidín Sur,0,2,8
687,03/12/2024,03/12/2024,05/12/2024,Sesión formativa: dolor crónico,22,8,19,28,14,14,1.2,1,"Fernández Flores, Rocío",0,10,,F,2,4,2,Zaidín Sur,0,1,3
688,03/05/2025,17/05/2025,07/05/2025,Reunión coordinación — envejecimiento,3,10,12,7,2,5,4.2,3,"Guerrero Ortiz, Enrique",0,10,,M,12,,0,Zaidín Sur,0,6,6
689,12/10/2024,12/10/2024,12/10/2024,Actividad PS: otras temáticas,24,30,21,12,4,8,1.4,1,"Guerrero Ortiz, Enrique",0,10,,M,12,,0,Zaidín Sur,0,4,4
690,15/12/2024,29/12/2024,20/12/2024,Mapeo de activos: manejo enf. crónicas,18,16,1,40,20,20,5.1,3,"Ramos Ruiz, Mercedes",0,10,,F,13,,0,Zaidín Sur,0,4,14
691,15/09/2025,06/10/2025,19/09/2025,Actividad PS: envejecimiento,24,10,18,11,2,9,6.8,4,"Guerrero Ortiz, Enrique",0,10,,M,12,,0,Zaidín Sur,0,4,9
692,13/07/2025,31/08/2025,15/07/2025,Grupo EPOC/asma,8,12,5,12,3,9,15.2,8,"Cortés Hidalgo, Irene",0,10,,F,5,,2,Zaidín Sur,0,14,11
693,01/03/2024,29/03/2024,05/03/2024,Rehabilitación respiratoria,10,12,19,18,10,8,8.5,5,"Cortés Hidalgo, Irene",0,10,,F,5,,0,Zaidín Sur,0,13,6
694,05/05/2024,12/05/2024,07/05/2024,Actividad PS: vacunación,24,27,23,35,13,22,2.8,2,"Fernández Martínez, Mario",0,10,,M,6,,2,Zaidín Sur,0,5,5
695,09/05/2025,09/05/2025,11/05/2025,Mesa informativa: uso medicamento,19,25,24,19,5,14,1.3,1,"Fernández Rodríguez, Ignacio",0,10,,M,14,,0,Zaidín Sur,0,4,3
696,04/08/2025,04/08/2025,09/08/2025,Charla sobre alimentación saludable,0,3,5,57,18,39,0.9,1,"Fernández Rodríguez, Ignacio",0,10,,M,14,,2,Zaidín Sur,0,2,11
697,29/12/2024,26/01/2025,03/01/2025,IAHS,14,12,20,9,3,6,12.0,5,"Fernández Flores, Rocío",0,10,,F,2,4,1,Zaidín Sur,0,0,7
698,20/09/2025,20/09/2025,23/09/2025,Charla sobre alimentación saludable,0,3,5,38,16,22,0.5,1,"Fernández Martínez, Mario",0,10,,M,6,,2,Zaidín Sur,0,6,3
699,29/04/2024,06/05/2024,02/05/2024,Actividad PS: bienestar emocional,24,4,4,15,4,11,3.2,2,"Ramos Ruiz, Mercedes",0,10,,F,13,,2,Zaidín Sur,0,0,4
700,08/04/2024,20/05/2024,11/04/2024,Taller de manejo enf. crónicas,23,16,11,21,5,16,18.9,7,"Fernández Flores, Rocío",0,10,,F,2,4,1,Zaidín Sur,0,13,5
701,09/04/2024,09/04/2024,11/04/2024,Charla sobre manejo enf. crónicas,0,16,18,41,14,27,0.9,1,"Jiménez Lara, Virginia",0,10,,F,4,,1,Zaidín Sur,0,8,11
702,07/01/2025,01/04/2025,08/01/2025,GRUSE,13,6,12,13,5,8,20.8,13,"Ramos Ruiz, Mercedes",0,10,,F,13,,2,Zaidín Sur,0,12,10
703,02/01/2024,19/03/2024,04/01/2024,GRUSE,13,15,22,17,6,11,18.0,12,"Ramos Ruiz, Mercedes",0,10,,F,13,,1,Zaidín Sur,0,9,3
704,19/04/2024,19/04/2024,22/04/2024,Mesa informativa: uso medicamento,19,25,2,35,12,23,1.6,1,"Fernández Rodríguez, Ignacio",0,10,,M,14,,1,Zaidín Sur,0,10,3
705,10/10/2024,10/10/2024,15/10/2024,Charla sobre enf. transmisibles,0,9,5,15,4,11,1.6,1,"Fernández Flores, Rocío",0,10,,F,2,4,2,Zaidín Sur,0,7,2
706,02/11/2024,02/11/2024,04/11/2024,Sesión formativa: vacunación,22,27,12,30,14,16,1.4,1,"Fernández Rodríguez, Ignacio",0,10,,M,14,,2,Zaidín Sur,0,1,15
707,25/12/2024,08/01/2025,26/12/2024,Sesión formativa: uso medicamento,22,25,15,9,4,5,5.1,3,"Fernández Martínez, Mario",0,10,,M,6,,0,Zaidín Sur,0,14,3
708,23/08/2025,06/09/2025,27/08/2025,Sesión clínica: incontinencia,21,13,4,10,4,6,4.2,3,"Cortés Hidalgo, Irene",0,10,,F,5,,0,Zaidín Sur,0,0,14
709,06/05/2024,17/06/2024,11/05/2024,Taller de vacunación,23,27,22,21,7,14,10.5,7,"Fernández Rodríguez, Ignacio",0,10,,M,14,,0,Zaidín Sur,0,13,15
710,28/10/2024,18/11/2024,28/10/2024,Reunión coordinación — act. física,3,1,17,2,1,1,6.4,4,"Cortés Hidalgo, Irene",0,10,,F,5,,2,Zaidín Sur,0,1,0
711,14/03/2025,14/03/2025,17/03/2025,Sesión formativa: salud bucodental,22,23,18,10,4,6,1.6,1,"Fernández Rodríguez, Ignacio",0,10,,M,14,,1,Zaidín Sur,0,14,14
712,21/05/2024,04/06/2024,22/05/2024,Mapeo de activos: bienestar emocional,18,4,12,28,8,20,3.9,3,"Ramos Ruiz, Mercedes",0,10,,F,13,,1,Zaidín Sur,0,9,11
713,02/10/2024,02/10/2024,04/10/2024,Sesión formativa: otras temáticas,22,30,20,12,3,9,1.9,1,"Guerrero Ortiz, Enrique",0,10,,M,12,,1,Zaidín Sur,0,5,9
714,22/12/2024,05/01/2025,24/12/2024,Sesión formativa: vacunación,22,27,4,9,3,6,3.0,3,"Fernández Rodríguez, Ignacio",0,10,,M,14,,0,Zaidín Sur,0,6,15
715,13/08/2025,17/09/2025,18/08/2025,Ponencia: alimentación saludable,20,3,8,105,53,52,10.2,6,"Fernández Martínez, Mario",0,10,,M,6,,1,Zaidín Sur,0,2,2
716,13/11/2025,31/12/2025,14/11/2025,Programa educación maternal,11,16,25,22,2,20,17.6,8,"Fernández Flores, Rocío",0,10,,F,2,4,0,Zaidín Sur,0,1,6
717,23/08/2024,30/08/2024,26/08/2024,Sesión clínica: vacunación,21,27,8,27,8,19,3.2,2,"Fernández Rodríguez, Ignacio",0,10,,M,14,,2,Zaidín Sur,0,12,9
718,13/10/2024,13/10/2024,18/10/2024,Charla sobre vacunación,0,27,14,11,3,8,0.8,1,"Jiménez Lara, Virginia",0,10,,F,4,,2,Zaidín Sur,0,10,8
719,06/11/2025,31/12/2025,07/11/2025,Rehabilitación cardiaca,9,1,19,20,14,6,25.6,16,"Cortés Hidalgo, Irene",0,10,,F,5,,0,Zaidín Sur,0,10,10
720,09/10/2024,16/10/2024,13/10/2024,Sesión clínica: otras temáticas,21,30,1,8,2,6,3.8,2,"Jiménez Lara, Virginia",0,10,,F,4,,2,Zaidín Sur,0,6,6
721,07/12/2025,07/12/2025,10/12/2025,Charla sobre consumo alcohol,0,6,22,53,14,39,1.2,1,"Fernández Martínez, Mario",0,10,,M,6,,1,Zaidín Sur,0,14,6
722,25/02/2024,25/02/2024,27/02/2024,Actividad PS: parentalidad positiva,24,20,25,34,11,23,1.4,1,"Ramos Ruiz, Mercedes",0,10,,F,13,,2,Zaidín Sur,0,13,15
723,05/02/2025,05/02/2025,09/02/2025,Mesa informativa: consumo alcohol,19,6,23,17,9,8,1.4,1,"Jiménez Lara, Virginia",0,10,,F,4,,1,Zaidín Sur,0,6,3
724,25/03/2024,13/05/2024,28/03/2024,IAHS,14,20,11,14,6,8,19.2,8,"Fernández Flores, Rocío",0,10,,F,2,4,2,Zaidín Sur,0,5,13
725,19/06/2024,03/07/2024,22/06/2024,Sesión formativa: primeros auxilios,22,22,11,30,14,16,3.3,3,"Cortés Hidalgo, Irene",0,10,,F,5,,1,Zaidín Sur,0,14,15
726,20/01/2025,20/01/2025,22/01/2025,Charla sobre uso medicamento,0,25,24,33,9,24,1.4,1,"Fernández Rodríguez, Ignacio",0,10,,M,14,,1,Zaidín Sur,1,4,2
727,17/01/2024,06/03/2024,22/01/2024,Rehabilitación cardiaca,9,1,3,10,6,4,12.8,8,"Fernández Flores, Rocío",0,10,,F,2,4,2,Zaidín Sur,0,1,13
728,02/10/2024,27/11/2024,02/10/2024,GRUSE,13,6,8,9,3,6,17.1,9,"Ramos Ruiz, Mercedes",0,10,,F,13,,2,Zaidín Sur,0,12,4
729,14/12/2025,31/12/2025,18/12/2025,Programa educación maternal,11,4,10,19,1,18,16.0,10,"Fernández Flores, Rocío",0,10,,F,2,4,1,Zaidín Sur,0,4,7
730,21/05/2024,03/09/2024,25/05/2024,IAHS,14,22,20,17,7,10,28.8,16,"Fernández Flores, Rocío",0,10,,F,2,4,1,Zaidín Sur,0,4,8
731,13/08/2025,13/08/2025,15/08/2025,Charla sobre alimentación saludable,0,3,3,44,19,25,1.8,1,"Fernández Martínez, Mario",0,10,,M,6,,1,Zaidín Sur,0,8,11
732,04/02/2024,04/02/2024,05/02/2024,Sesión formativa: envejecimiento,22,10,6,29,7,22,1.8,1,"Guerrero Ortiz, Enrique",0,10,,M,12,,2,Zaidín Sur,0,0,10
733,18/01/2024,25/01/2024,20/01/2024,Mapeo de activos: lactancia materna,18,15,9,23,8,15,4.0,2,"Ramos Ruiz, Mercedes",0,10,,F,13,,0,Zaidín Sur,0,6,11
734,05/05/2025,28/07/2025,09/05/2025,Grupo dolor crónico,6,8,1,23,12,11,20.8,13,"Cortés Hidalgo, Irene",0,10,,F,5,,1,Zaidín Sur,0,4,10
735,29/02/2024,25/04/2024,05/03/2024,Rehabilitación cardiaca,9,11,11,10,5,5,20.7,9,"Fernández Flores, Rocío",0,10,,F,2,4,0,Zaidín Sur,0,11,1
736,20/02/2025,10/04/2025,25/02/2025,GRUSE,13,4,15,11,4,7,16.8,8,"Ramos Ruiz, Mercedes",0,10,,F,13,,1,Zaidín Sur,0,1,5
737,02/11/2025,02/11/2025,02/11/2025,Mesa informativa: voluntades vitales,19,29,15,27,12,15,1.0,1,"Fernández Martínez, Mario",0,10,,M,6,,2,Zaidín Sur,0,2,7
738,09/09/2025,09/09/2025,13/09/2025,Mesa informativa: alimentación saludable,19,3,22,60,17,43,1.0,1,"Fernández Rodríguez, Ignacio",0,10,,M,14,,0,Zaidín Sur,0,3,8
739,04/12/2024,22/01/2025,05/12/2024,Grupo dolor crónico,6,21,4,24,10,14,14.4,8,"Cortés Hidalgo, Irene",0,10,,F,5,,0,Zaidín Sur,0,8,14
740,06/06/2024,06/06/2024,11/06/2024,Charla sobre alimentación saludable,0,3,7,19,6,13,1.6,1,"Fernández Rodríguez, Ignacio",0,10,,M,14,,2,Zaidín Sur,0,9,12
741,21/12/2025,28/12/2025,22/12/2025,Sesión formativa: consumo alcohol,22,6,8,30,7,23,3.4,2,"Rodríguez Lara, Ignacio",0,11,,M,6,,1,Gógora,0,11,4
742,16/05/2024,23/05/2024,19/05/2024,Taller de envejecimiento,23,10,1,26,8,18,3.4,2,"García Díaz, Verónica",0,11,,F,2,6,1,Gógora,0,8,0
743,07/08/2025,11/09/2025,10/08/2025,Taller de conducta suicida,23,5,9,19,8,11,12.6,6,"Delgado Hidalgo, Isabel",0,11,,F,8,,2,Gógora,1,11,4
744,23/07/2025,13/08/2025,23/07/2025,Reunión coordinación — bienestar emocional,3,4,8,10,4,6,5.6,4,"Hernández Díaz, Mónica",0,11,,F,6,,2,Gógora,0,8,7
745,04/07/2025,25/07/2025,06/07/2025,Taller de alimentación saludable,23,3,14,28,14,14,6.4,4,"Cruz Cabrera, Diego",0,11,,M,14,,2,Gógora,1,5,6
746,02/06/2024,28/07/2024,04/06/2024,IAHS,14,12,24,12,3,9,16.2,9,"Ortiz Flores, Virginia",0,11,,F,2,5,2,Gógora,0,14,7
747,10/07/2024,10/07/2024,12/07/2024,Mesa informativa: otras temáticas,19,30,18,39,12,27,1.0,1,"Hernández Díaz, Mónica",0,11,,F,6,,0,Gógora,0,0,3
748,06/01/2024,06/01/2024,06/01/2024,Charla sobre parentalidad positiva,0,20,21,52,13,39,1.2,1,"Morales Lara, Laura",0,11,,F,7,,0,Gógora,0,3,6
749,08/03/2025,29/03/2025,09/03/2025,Reunión coordinación — tabaco,3,7,18,2,1,1,8.0,4,"García Cortés, Isabel",0,11,,F,6,,1,Gógora,0,13,9
750,23/01/2025,27/02/2025,23/01/2025,Grupo EPOC/asma,8,12,8,20,9,11,14.4,6,"Castro López, Mario",0,11,,M,5,,2,Gógora,0,4,15
751,20/08/2025,17/09/2025,22/08/2025,GRUSE,13,5,21,11,4,7,8.5,5,"Cabrera Hidalgo, Pilar",0,11,,F,13,,1,Gógora,0,2,4
752,08/06/2025,22/06/2025,11/06/2025,Sesión clínica: voluntades vitales,21,29,1,21,6,15,5.4,3,"Rodríguez Lara, Ignacio",0,11,,M,6,,0,Gógora,0,14,1
753,31/10/2025,31/10/2025,04/11/2025,Charla sobre vacunación,0,27,11,56,12,44,2.0,1,"Morales Lara, Laura",0,11,,F,7,,1,Gógora,1,9,1
754,06/02/2025,13/02/2025,08/02/2025,Ponencia: vacunación,20,27,13,85,39,46,4.4,2,"Cabrera Lara, Silvia",0,11,,F,6,,1,Gógora,0,0,3
755,05/10/2024,19/10/2024,09/10/2024,Sesión formativa: vacunación,22,27,11,25,13,12,3.9,3,"Cruz Cabrera, Diego",0,11,,M,14,,2,Gógora,0,5,15
756,28/02/2025,07/03/2025,04/03/2025,Sesión clínica: alimentación saludable,21,3,6,16,5,11,3.4,2,"Cabrera Lara, Silvia",0,11,,F,6,,0,Gógora,0,14,12
757,24/07/2024,24/07/2024,25/07/2024,Ponencia: tabaco,20,7,20,44,17,27,1.3,1,"García Cortés, Isabel",0,11,,F,6,,0,Gógora,0,13,13
758,20/05/2025,20/05/2025,23/05/2025,Mesa informativa: vacunación,19,27,9,54,14,40,1.6,1,"Cruz Cabrera, Diego",0,11,,M,14,,1,Gógora,0,13,7
759,16/08/2024,29/11/2024,20/08/2024,PSIA,17,15,2,22,1,21,28.8,16,"García Díaz, Verónica",0,11,,F,2,6,2,Gógora,0,6,15
760,16/02/2024,05/04/2024,21/02/2024,GRUSE,13,15,9,12,6,6,18.4,8,"Cabrera Hidalgo, Pilar",0,11,,F,13,,1,Gógora,0,9,8
761,14/08/2025,14/08/2025,16/08/2025,Mesa informativa: bienestar emocional,19,4,7,22,6,16,1.4,1,"Morales Lara, Laura",0,11,,F,7,,2,Gógora,0,5,12
762,31/12/2024,31/12/2024,04/01/2025,Charla sobre otras adicciones,0,18,9,55,12,43,1.1,1,"Delgado Hidalgo, Isabel",0,11,,F,8,,2,Gógora,0,5,8
763,16/02/2025,16/03/2025,18/02/2025,Rehabilitación respiratoria,10,6,5,22,14,8,10.5,5,"García Díaz, Verónica",0,11,,F,2,6,0,Gógora,0,3,0
764,03/02/2024,10/02/2024,05/02/2024,Actividad PS: consumo alcohol,24,6,18,27,12,15,4.0,2,"García Cortés, Isabel",0,11,,F,6,,2,Gógora,1,11,13
765,21/11/2025,31/12/2025,22/11/2025,Grupo dolor crónico,6,10,14,25,5,20,22.5,15,"Carmona Rodríguez, Alejandro",0,11,,M,2,7,0,Gógora,0,7,10
766,15/09/2024,15/09/2024,20/09/2024,Charla sobre act. física,0,1,11,46,13,33,0.7,1,"Rodríguez Lara, Ignacio",0,11,,M,6,,2,Gógora,0,2,7
767,26/11/2024,10/12/2024,29/11/2024,Taller de uso medicamento,23,25,7,26,10,16,6.9,3,"Hernández Díaz, Mónica",0,11,,F,6,,1,Gógora,0,2,13
768,27/11/2025,31/12/2025,30/11/2025,PIOBIN,15,21,21,20,9,11,38.4,16,"Ortiz Flores, Virginia",0,11,,F,2,5,0,Gógora,0,0,13
769,31/05/2025,06/09/2025,04/06/2025,Grupo dolor crónico,6,4,12,14,4,10,28.5,15,"García Díaz, Verónica",0,11,,F,2,6,0,Gógora,0,2,3
770,26/05/2025,09/06/2025,31/05/2025,Reunión coordinación — otras adicciones,3,18,11,6,2,4,4.8,3,"Delgado Hidalgo, Isabel",0,11,,F,8,,1,Gógora,0,14,15
771,20/03/2025,20/03/2025,23/03/2025,Charla sobre consumo alcohol,0,6,18,49,15,34,1.2,1,"García Cortés, Isabel",0,11,,F,6,,0,Gógora,0,12,14
772,10/06/2025,24/06/2025,11/06/2025,Actividad PS: voluntades vitales,24,29,18,6,2,4,3.9,3,"Rodríguez Lara, Ignacio",0,11,,M,6,,1,Gógora,0,1,12
773,25/09/2025,09/10/2025,29/09/2025,Ponencia: tabaco,20,7,17,67,21,46,7.2,3,"Hernández Díaz, Mónica",0,11,,F,6,,1,Gógora,0,5,8
774,17/07/2024,17/07/2024,20/07/2024,Reunión coordinación — higiene manos,3,11,25,8,4,4,1.6,1,"García Díaz, Verónica",0,11,,F,2,6,1,Gógora,0,11,9
775,07/09/2025,19/10/2025,10/09/2025,Taller de bienestar emocional,23,4,4,12,5,7,14.7,7,"Morales Lara, Laura",0,11,,F,7,,0,Gógora,0,3,12
776,23/09/2025,28/10/2025,28/09/2025,Taller de vacunación,23,27,13,27,6,21,14.4,6,"Hernández Díaz, Mónica",0,11,,F,6,,2,Gógora,0,2,2
777,03/01/2025,10/01/2025,03/01/2025,Ponencia: bienestar emocional,20,4,16,48,22,26,3.6,2,"Rodríguez Lara, Ignacio",0,11,,M,6,,1,Gógora,1,0,5
778,15/04/2025,29/04/2025,20/04/2025,Reunión coordinación — manejo enf. crónicas,3,16,25,3,2,1,4.5,3,"Hernández Díaz, Mónica",0,11,,F,6,,1,Gógora,0,3,3
779,23/06/2024,23/06/2024,24/06/2024,Charla sobre act. física,0,1,7,46,24,22,1.8,1,"Hernández Torres, Isabel",0,11,,F,2,5,1,Gógora,0,4,3
780,27/08/2024,03/09/2024,29/08/2024,Taller de uso medicamento,23,25,6,16,7,9,3.2,2,"Cruz Cabrera, Diego",0,11,,M,14,,1,Gógora,0,4,15
781,06/04/2024,25/05/2024,06/04/2024,GRUSE,13,18,7,19,8,11,12.8,8,"Delgado Hidalgo, Isabel",0,11,,F,8,,1,Gógora,0,5,4
782,02/07/2024,02/07/2024,06/07/2024,Mesa informativa: vacunación,19,27,7,22,12,10,1.8,1,"Morales Lara, Laura",0,11,,F,7,,1,Gógora,0,8,12
783,27/10/2024,26/01/2025,27/10/2024,Grupo EPOC/asma,8,15,23,16,4,12,32.2,14,"Ortiz Flores, Virginia",0,11,,F,2,5,0,Gógora,0,4,12
784,05/05/2024,26/05/2024,05/05/2024,Reunión coordinación — uso medicamento,3,25,11,4,2,2,4.8,4,"García Cortés, Isabel",0,11,,F,6,,1,Gógora,0,10,5
785,07/12/2025,07/12/2025,08/12/2025,Mesa informativa: bienestar emocional,19,4,18,18,7,11,1.8,1,"Cabrera Lara, Silvia",0,11,,F,6,,1,Gógora,0,8,11
786,12/12/2024,12/12/2024,13/12/2024,Charla sobre salud bucodental,0,23,5,33,11,22,0.6,1,"Cruz Cabrera, Diego",0,11,,M,14,,1,Gógora,0,3,3
787,09/07/2024,30/07/2024,10/07/2024,Actividad PS: voluntades vitales,4,29,15,23,6,17,7.2,4,"Rodríguez Lara, Ignacio",0,11,,M,6,,1,Gógora,0,14,13
788,30/12/2025,31/12/2025,31/12/2025,Rehabilitación respiratoria,10,3,21,12,6,6,17.1,9,"Ortiz Flores, Virginia",0,11,,F,2,5,1,Gógora,0,14,4
789,08/05/2024,22/05/2024,12/05/2024,Ponencia: vacunación,20,27,18,95,44,51,6.3,3,"García Cortés, Isabel",0,11,,F,6,,1,Gógora,0,13,13
790,18/04/2025,18/04/2025,19/04/2025,Mesa informativa: parentalidad positiva,19,20,1,46,12,34,0.7,1,"Cabrera Hidalgo, Pilar",0,11,,F,13,,0,Gógora,0,2,10
791,11/03/2025,18/03/2025,13/03/2025,Taller de manejo enf. crónicas,23,16,13,19,10,9,5.2,2,"García Cortés, Isabel",0,11,,F,6,,1,Gógora,0,14,10
792,25/10/2024,15/11/2024,28/10/2024,Taller de otras temáticas,23,30,8,20,9,11,6.4,4,"García Cortés, Isabel",0,11,,F,6,,1,Gógora,0,12,14
793,28/05/2024,04/06/2024,02/06/2024,Actividad PS: otras adicciones,24,18,12,24,7,17,3.0,2,"Delgado Hidalgo, Isabel",0,11,,F,8,,0,Gógora,0,10,14
794,11/11/2025,11/11/2025,12/11/2025,Charla sobre sexualidad,0,24,23,46,9,37,2.0,1,"Delgado Hidalgo, Isabel",0,11,,F,8,,0,Gógora,0,11,2
795,01/11/2024,01/11/2024,03/11/2024,Charla sobre act. física,0,1,12,10,4,6,1.6,1,"Castro López, Mario",0,11,,M,5,,1,Gógora,0,11,3
796,07/06/2024,21/06/2024,10/06/2024,Reunión coordinación — voluntades vitales,3,29,1,6,3,3,4.8,3,"Rodríguez Lara, Ignacio",0,11,,M,6,,2,Gógora,0,10,0
797,10/05/2025,21/06/2025,14/05/2025,Taller de vacunación,23,27,6,30,11,19,12.6,7,"Cruz Cabrera, Diego",0,11,,M,14,,0,Gógora,0,3,6
798,22/07/2025,05/08/2025,24/07/2025,Sesión formativa: alimentación saludable,22,3,20,28,9,19,5.1,3,"García Cortés, Isabel",0,11,,F,6,,1,Gógora,0,2,7
799,29/04/2025,13/05/2025,29/04/2025,Reunión coordinación — manejo enf. crónicas,3,16,2,6,2,4,5.4,3,"Cabrera Lara, Silvia",0,11,,F,6,,1,Gógora,0,8,12
800,23/08/2024,06/09/2024,25/08/2024,Ponencia: bienestar emocional,20,4,3,120,48,72,3.3,3,"García Cortés, Isabel",0,11,,F,6,,1,Gógora,0,2,2
801,04/12/2024,22/01/2025,09/12/2024,GRUSE,13,28,20,12,3,9,12.8,8,"Cabrera Hidalgo, Pilar",0,11,,F,13,,2,Gógora,0,10,14
802,29/07/2024,29/07/2024,29/07/2024,Mesa informativa: enf. transmisibles,19,9,8,28,9,19,1.9,1,"Morales Lara, Laura",0,11,,F,7,,0,Gógora,0,7,5
803,25/02/2024,03/03/2024,27/02/2024,Mapeo de activos: parentalidad positiva,18,20,4,34,15,19,2.6,2,"Cabrera Hidalgo, Pilar",0,11,,F,13,,0,Gógora,0,7,1
804,16/02/2025,09/03/2025,16/02/2025,Grupo cuidadoras,5,12,25,10,2,8,7.6,4,"Ruiz Cruz, Ana",0,12,,F,2,9,2,Realejo,0,3,5
805,06/11/2024,08/01/2025,07/11/2024,PIOBIN,15,7,17,21,7,14,23.0,10,"Vargas López, Sara",0,12,,F,2,3,2,Realejo,0,14,10
806,11/06/2024,11/06/2024,14/06/2024,Mesa informativa: consumo alcohol,19,6,20,38,21,17,1.5,1,"Navarro Vargas, Isabel",0,12,,F,9,,0,Realejo,0,11,10
807,04/05/2025,18/05/2025,05/05/2025,Sesión clínica: otras adicciones,21,18,7,13,5,8,4.2,3,"Delgado Díaz, Cristina",0,12,,F,4,,2,Realejo,0,4,9
808,09/09/2024,09/09/2024,11/09/2024,Reunión coordinación — otras adicciones,3,18,2,2,1,1,1.8,1,"Díaz Ramos, Antonio",0,12,,M,4,,2,Realejo,0,10,1
809,10/02/2024,10/02/2024,12/02/2024,Charla sobre tabaco,0,7,9,12,6,6,1.1,1,"Delgado Díaz, Cristina",0,12,,F,4,,0,Realejo,0,7,8
810,07/08/2025,13/11/2025,11/08/2025,Programa educación maternal,11,8,9,17,3,14,24.0,15,"Carmona González, Marta",0,12,,F,2,5,2,Realejo,0,14,4
811,29/12/2025,31/12/2025,01/01/2026,Rehabilitación respiratoria,10,27,14,23,11,12,34.5,15,"Vargas López, Sara",0,12,,F,2,3,1,Realejo,0,2,11
812,02/01/2024,02/01/2024,05/01/2024,Sesión formativa: otras formas fumar,22,19,6,21,5,16,1.3,1,"González Blanco, Mercedes",0,12,,F,4,,1,Realejo,0,5,6
813,05/09/2025,12/09/2025,07/09/2025,Sesión formativa: violencia género,22,28,13,19,7,12,2.6,2,"Navarro Vargas, Isabel",0,12,,F,9,,2,Realejo,1,3,12
814,22/09/2024,29/09/2024,22/09/2024,Sesión formativa: otras adicciones,22,18,2,18,10,8,2.4,2,"Díaz Ramos, Antonio",0,12,,M,4,,2,Realejo,0,3,15
815,27/02/2024,05/03/2024,02/03/2024,Reunión coordinación — tabaco,3,7,6,8,2,6,3.0,2,"Díaz Ramos, Antonio",0,12,,M,4,,2,Realejo,0,14,2
816,29/06/2024,13/07/2024,01/07/2024,Sesión clínica: uso medicamento,21,25,23,30,15,15,3.3,3,"Díaz Ramos, Antonio",0,12,,M,4,,0,Realejo,0,2,3
817,24/09/2024,26/11/2024,29/09/2024,Grupo dolor crónico,6,12,12,18,7,11,19.0,10,"Serrano Morales, María",0,12,,F,5,,1,Realejo,0,2,6
818,15/06/2025,28/09/2025,17/06/2025,Rehabilitación respiratoria,10,21,3,18,11,7,24.0,16,"Reyes Díaz, Ramón",0,12,,M,5,,2,Realejo,0,0,15
819,24/08/2024,14/09/2024,29/08/2024,Grupo diabetológico,7,12,7,12,3,9,6.4,4,"Vargas López, Sara",0,12,,F,2,3,2,Realejo,0,6,12
820,11/11/2025,11/11/2025,13/11/2025,Charla sobre menopausia,0,17,17,35,10,25,1.9,1,"Delgado Díaz, Cristina",0,12,,F,4,,0,Realejo,0,1,15
821,18/04/2025,18/04/2025,23/04/2025,Charla sobre manejo enf. crónicas,0,16,13,29,15,14,1.3,1,"Díaz Ramos, Antonio",0,12,,M,4,,0,Realejo,0,13,13
822,22/02/2025,07/06/2025,26/02/2025,Grupo EPOC/asma,8,6,7,19,7,12,30.4,16,"Vargas López, Sara",0,12,,F,2,3,1,Realejo,0,3,3
823,29/05/2025,29/05/2025,31/05/2025,Reunión coordinación — prev. accidentes,3,21,24,4,2,2,2.0,1,"Reyes Díaz, Ramón",0,12,,M,5,,0,Realejo,0,12,14
824,20/06/2025,04/07/2025,24/06/2025,Ponencia: voluntades vitales,20,29,10,75,31,44,7.5,3,"Blanco Lara, Fernando",0,12,,M,6,,0,Realejo,0,7,4
825,18/06/2024,02/07/2024,18/06/2024,Actividad PS: alimentación saludable,4,3,20,15,6,9,3.0,3,"Blanco Lara, Fernando",0,12,,M,6,,0,Realejo,0,13,13
826,29/07/2025,29/07/2025,30/07/2025,Mesa informativa: uso medicamento,19,25,22,42,22,20,1.2,1,"Domínguez Cabrera, Pilar",0,12,,F,6,,0,Realejo,0,1,0
827,13/11/2024,27/11/2024,14/11/2024,Sesión clínica: act. física,21,1,4,5,2,3,3.6,3,"Serrano Ruiz, Patricia",0,12,,F,6,,2,Realejo,0,5,6
828,11/04/2024,02/05/2024,13/04/2024,Actividad PS: vacunación,4,27,10,10,5,5,6.0,4,"Domínguez Cabrera, Pilar",0,12,,F,6,,1,Realejo,0,2,3
829,19/08/2024,14/10/2024,21/08/2024,Grupo cuidadoras,5,4,13,25,6,19,14.4,9,"Ruiz Cruz, Ana",0,12,,F,2,9,2,Realejo,0,8,6
830,19/04/2024,03/05/2024,22/04/2024,Sesión clínica: consumo alcohol,21,6,6,29,6,23,6.0,3,"Blanco Lara, Fernando",0,12,,M,6,,1,Realejo,0,8,8
831,10/09/2024,17/09/2024,14/09/2024,Reunión coordinación — otras formas fumar,3,19,10,8,2,6,2.2,2,"González Blanco, Mercedes",0,12,,F,4,,0,Realejo,0,1,12
832,25/12/2024,08/01/2025,26/12/2024,Sesión formativa: dolor crónico,22,8,1,7,3,4,5.1,3,"Serrano Morales, María",0,12,,F,5,,0,Realejo,0,12,4
833,04/03/2025,01/04/2025,06/03/2025,Taller de bienestar emocional,23,4,4,30,16,14,12.5,5,"Blanco Lara, Fernando",0,12,,M,6,,0,Realejo,0,2,10
834,10/06/2024,24/06/2024,10/06/2024,Sesión clínica: otras formas fumar,21,19,12,15,8,7,5.7,3,"Delgado Díaz, Cristina",0,12,,F,4,,0,Realejo,0,2,14
835,08/07/2024,15/07/2024,08/07/2024,Reunión coordinación — incontinencia,3,13,11,5,1,4,3.0,2,"Serrano Morales, María",0,12,,F,5,,2,Realejo,0,12,1
836,05/02/2025,30/04/2025,06/02/2025,Grupo EPOC/asma,8,3,13,19,8,11,27.3,13,"Carmona González, Marta",0,12,,F,2,5,1,Realejo,0,5,15
837,04/10/2025,31/12/2025,05/10/2025,Grupo dolor crónico,6,21,4,8,4,4,37.5,15,"Serrano Morales, María",0,12,,F,5,,1,Realejo,0,8,4
838,10/10/2024,31/10/2024,12/10/2024,Programa educación maternal,11,7,16,15,0,15,10.0,4,"Ruiz Cruz, Ana",0,12,,F,2,9,2,Realejo,0,2,4
839,27/05/2024,27/05/2024,01/06/2024,Mesa informativa: otras temáticas,19,30,18,43,11,32,1.8,1,"Delgado Díaz, Cristina",0,12,,F,4,,0,Realejo,0,11,9
840,31/01/2024,31/01/2024,03/02/2024,Mesa informativa: menopausia,19,17,19,29,12,17,1.3,1,"Díaz Ramos, Antonio",0,12,,M,4,,0,Realejo,0,13,9
841,27/10/2024,27/10/2024,27/10/2024,Sesión clínica: manejo enf. crónicas,21,16,14,19,9,10,1.1,1,"Díaz Ramos, Antonio",0,12,,M,4,,2,Realejo,0,5,8
842,26/11/2025,10/12/2025,30/11/2025,Sesión formativa: alimentación saludable,22,3,7,13,6,7,4.5,3,"Carmona González, Marta",0,12,,F,2,5,2,Realejo,0,12,13
843,13/09/2025,27/09/2025,16/09/2025,Sesión clínica: act. física,21,1,6,23,10,13,4.8,3,"Serrano Ruiz, Patricia",0,12,,F,6,,2,Realejo,0,5,10
844,13/05/2025,13/05/2025,13/05/2025,Charla sobre primeros auxilios,0,22,5,23,12,11,0.5,1,"Reyes Díaz, Ramón",0,12,,M,5,,2,Realejo,0,6,6
845,18/05/2024,08/06/2024,21/05/2024,Actividad PS: alimentación saludable,4,3,23,6,3,3,5.2,4,"Serrano Ruiz, Patricia",0,12,,F,6,,2,Realejo,0,13,0
846,11/07/2025,18/07/2025,14/07/2025,Ponencia: alimentación saludable,20,3,7,62,22,40,5.6,2,"Serrano Ruiz, Patricia",0,12,,F,6,,2,Realejo,0,2,10
847,10/12/2025,17/12/2025,14/12/2025,Actividad PS: consumo alcohol,24,6,13,37,19,18,2.8,2,"Domínguez Cabrera, Pilar",0,12,,F,6,,0,Realejo,0,8,1
848,10/09/2025,10/09/2025,14/09/2025,Charla sobre voluntades vitales,0,29,5,42,9,33,0.9,1,"Blanco Lara, Fernando",0,12,,M,6,,1,Realejo,0,6,3
849,21/07/2024,15/09/2024,26/07/2024,Grupo dolor crónico,6,21,18,12,3,9,22.5,9,"Serrano Morales, María",0,12,,F,5,,1,Realejo,0,5,14
850,04/02/2024,24/03/2024,04/02/2024,Taller de consumo alcohol,23,6,18,26,8,18,20.0,8,"Serrano Ruiz, Patricia",0,12,,F,6,,2,Realejo,0,0,13
851,24/10/2025,31/10/2025,27/10/2025,Actividad PS: manejo enf. crónicas,4,16,16,18,4,14,2.2,2,"Blanco Lara, Fernando",0,12,,M,6,,1,Realejo,0,11,14
852,11/03/2024,18/03/2024,13/03/2024,Sesión clínica: vacunación,21,27,12,9,4,5,2.8,2,"González Blanco, Mercedes",0,12,,F,4,,1,Realejo,0,5,0
853,09/01/2025,23/01/2025,12/01/2025,Sesión formativa: otras formas fumar,22,19,4,21,5,16,4.8,3,"González Blanco, Mercedes",0,12,,F,4,,0,Realejo,0,14,4
854,31/01/2024,08/05/2024,05/02/2024,Rehabilitación cardiaca,9,1,8,18,12,6,28.5,15,"Reyes Díaz, Ramón",0,12,,M,5,,1,Realejo,0,10,13
855,01/01/2025,01/01/2025,04/01/2025,Charla sobre otras formas fumar,0,19,25,48,13,35,1.2,1,"González Blanco, Mercedes",0,12,,F,4,,1,Realejo,1,8,7
856,24/07/2024,02/10/2024,24/07/2024,Programa educación maternal,11,22,15,17,2,15,27.5,11,"Carmona González, Marta",0,12,,F,2,5,2,Realejo,0,2,7
857,21/09/2024,26/10/2024,26/09/2024,PIOBIN,15,27,12,19,6,13,13.2,6,"Ruiz Cruz, Ana",0,12,,F,2,9,1,Realejo,0,7,7
858,24/09/2024,26/11/2024,28/09/2024,PITA,16,22,24,14,7,7,24.0,10,"Vargas López, Sara",0,12,,F,2,3,2,Realejo,0,4,7
859,07/11/2025,07/11/2025,12/11/2025,Actividad PS: uso medicamento,4,25,8,7,4,3,1.2,1,"Blanco Lara, Fernando",0,12,,M,6,,1,Realejo,0,10,1
860,02/08/2024,16/08/2024,04/08/2024,Sesión formativa: consumo alcohol,22,6,17,22,5,17,3.0,3,"Serrano Ruiz, Patricia",0,12,,F,6,,1,Realejo,0,7,13
861,03/05/2025,14/06/2025,06/05/2025,Taller de consumo alcohol,23,6,14,30,15,15,21.0,7,"Vargas López, Sara",0,12,,F,2,3,2,Realejo,0,9,13
862,01/09/2024,08/09/2024,01/09/2024,Sesión formativa: uso medicamento,22,25,20,28,10,18,3.4,2,"González Blanco, Mercedes",0,12,,F,4,,2,Realejo,1,13,1
863,12/11/2024,03/12/2024,14/11/2024,Reunión coordinación — tabaco,3,7,3,5,1,4,4.4,4,"Serrano Ruiz, Patricia",0,12,,F,6,,1,Realejo,0,6,2
864,12/01/2024,12/01/2024,17/01/2024,Charla sobre otras temáticas,0,30,3,18,7,11,1.3,1,"López Vega, Sandra",0,13,,F,4,,1,Bola de Oro,0,8,3
865,22/01/2025,22/01/2025,25/01/2025,Ponencia: sexualidad,20,24,7,47,26,21,2.3,1,"Lara Guerrero, Irene",0,13,,F,9,,2,Bola de Oro,0,3,3
866,25/04/2024,16/05/2024,28/04/2024,IAHS,14,7,7,14,4,10,9.6,4,"Rodríguez Cruz, Diego",0,13,,M,9,,2,Bola de Oro,0,7,5
867,02/01/2024,13/02/2024,04/01/2024,Taller de vacunación,23,27,1,14,6,8,17.5,7,"Rubio Fuentes, Irene",0,13,,F,14,,2,Bola de Oro,0,1,7
868,29/09/2025,20/10/2025,03/10/2025,Taller de conducta suicida,23,5,12,21,10,11,8.8,4,"Vargas Cortés, Mercedes",0,13,,F,13,,0,Bola de Oro,0,14,9
869,11/05/2024,11/05/2024,14/05/2024,Reunión coordinación — sexualidad,3,24,7,3,1,2,1.4,1,"Vargas Cortés, Mercedes",0,13,,F,13,,0,Bola de Oro,0,0,10
870,28/10/2024,20/01/2025,29/10/2024,GRUSE,13,24,15,20,10,10,29.9,13,"Lara Guerrero, Irene",0,13,,F,9,,0,Bola de Oro,0,5,1
871,25/07/2024,01/08/2024,30/07/2024,Sesión formativa: incontinencia,22,13,3,10,4,6,3.8,2,"Moreno Cabrera, Irene",0,13,,F,5,,2,Bola de Oro,0,10,6
872,31/03/2025,05/05/2025,04/04/2025,Taller de alimentación saludable,23,3,23,16,7,9,13.8,6,"Rubio Fuentes, Irene",0,13,,F,14,,2,Bola de Oro,0,0,1
873,24/04/2024,01/05/2024,28/04/2024,Reunión coordinación — uso medicamento,3,25,20,9,3,6,3.4,2,"López Vega, Sandra",0,13,,F,4,,1,Bola de Oro,0,0,15
874,17/04/2024,17/04/2024,20/04/2024,Charla sobre act. física,0,1,12,32,17,15,0.7,1,"Hernández Serrano, Ana",0,13,,F,5,,2,Bola de Oro,1,8,4
875,19/11/2024,11/02/2025,24/11/2024,Rehabilitación respiratoria,10,22,12,17,11,6,27.3,13,"Moreno Cabrera, Irene",0,13,,F,5,,2,Bola de Oro,0,9,12
876,02/02/2025,20/04/2025,02/02/2025,GRUSE,13,22,23,15,5,10,22.8,12,"Rodríguez Cruz, Diego",0,13,,M,9,,2,Bola de Oro,1,10,14
877,30/12/2024,10/03/2025,04/01/2025,Rehabilitación cardiaca,9,21,15,10,6,4,26.4,11,"Moreno Cabrera, Irene",0,13,,F,5,,1,Bola de Oro,0,14,5
878,18/07/2024,01/08/2024,18/07/2024,Sesión clínica: act. física,21,1,21,11,2,9,4.5,3,"Hernández Serrano, Ana",0,13,,F,5,,1,Bola de Oro,0,3,3
879,05/12/2025,05/12/2025,07/12/2025,Charla sobre incontinencia,0,13,22,17,8,9,1.8,1,"Hernández Serrano, Ana",0,13,,F,5,,2,Bola de Oro,0,14,11
880,17/08/2024,28/09/2024,22/08/2024,Taller de tabaco,23,7,24,22,10,12,10.5,7,"Lara Guerrero, Irene",0,13,,F,9,,1,Bola de Oro,0,5,11
881,20/04/2025,27/07/2025,22/04/2025,GRUSE,13,16,12,11,5,6,31.5,15,"Vargas Cortés, Mercedes",0,13,,F,13,,0,Bola de Oro,0,5,6
882,03/05/2025,16/08/2025,06/05/2025,Grupo dolor crónico,6,21,21,11,5,6,38.4,16,"Moreno Cabrera, Irene",0,13,,F,5,,0,Bola de Oro,0,2,1
883,07/05/2024,18/06/2024,10/05/2024,Taller de act. física,23,1,4,27,8,19,15.4,7,"Moreno Cabrera, Irene",0,13,,F,5,,0,Bola de Oro,0,1,0
884,24/08/2024,24/08/2024,25/08/2024,Sesión clínica: uso medicamento,21,25,13,22,6,16,1.1,1,"Rubio Fuentes, Irene",0,13,,F,14,,0,Bola de Oro,0,14,8
885,21/06/2025,05/07/2025,23/06/2025,Sesión formativa: uso medicamento,22,25,1,27,10,17,6.0,3,"Rubio Fuentes, Irene",0,13,,F,14,,2,Bola de Oro,0,11,1
886,31/01/2025,07/02/2025,04/02/2025,Sesión formativa: otras adicciones,22,18,11,26,8,18,2.4,2,"López Vega, Sandra",0,13,,F,4,,1,Bola de Oro,1,5,1
887,24/11/2024,24/11/2024,26/11/2024,Mesa informativa: consumo alcohol,19,6,9,49,12,37,1.3,1,"Vargas Cortés, Mercedes",0,13,,F,13,,1,Bola de Oro,0,8,14
888,10/07/2024,24/07/2024,13/07/2024,Sesión formativa: prev. accidentes,22,21,8,12,5,7,5.1,3,"Moreno Cabrera, Irene",0,13,,F,5,,0,Bola de Oro,0,0,1
889,21/10/2024,21/10/2024,23/10/2024,Sesión formativa: violencia género,22,28,16,23,12,11,1.7,1,"Lara Guerrero, Irene",0,13,,F,9,,2,Bola de Oro,1,3,11
890,01/10/2024,26/11/2024,02/10/2024,Grupo EPOC/asma,8,22,18,18,9,9,16.2,9,"Moreno Cabrera, Irene",0,13,,F,5,,0,Bola de Oro,0,5,5
891,31/07/2024,07/08/2024,03/08/2024,Sesión clínica: vacunación,21,27,20,30,9,21,3.0,2,"Rubio Fuentes, Irene",0,13,,F,14,,1,Bola de Oro,0,6,1
892,10/05/2025,07/06/2025,13/05/2025,Grupo EPOC/asma,8,1,8,21,9,12,9.5,5,"Hernández Serrano, Ana",0,13,,F,5,,2,Bola de Oro,0,12,8
893,29/10/2025,12/11/2025,03/11/2025,Reunión coordinación — otras formas fumar,3,19,5,4,2,2,6.0,3,"López Vega, Sandra",0,13,,F,4,,2,Bola de Oro,0,9,15
894,04/10/2024,04/10/2024,05/10/2024,Sesión clínica: vacunación,21,27,22,24,9,15,1.7,1,"Rubio Fuentes, Irene",0,13,,F,14,,0,Bola de Oro,0,8,8
895,08/01/2024,08/01/2024,13/01/2024,Mesa informativa: alimentación saludable,19,3,8,13,4,9,1.9,1,"Rubio Fuentes, Irene",0,13,,F,14,,2,Bola de Oro,1,7,12
896,18/02/2024,18/02/2024,21/02/2024,Sesión formativa: act. física,22,1,17,15,5,10,1.4,1,"Hernández Serrano, Ana",0,13,,F,5,,0,Bola de Oro,0,8,10
897,29/04/2025,12/08/2025,03/05/2025,Rehabilitación respiratoria,10,1,17,16,11,5,27.2,16,"Moreno Cabrera, Irene",0,13,,F,5,,0,Bola de Oro,0,7,11
898,21/01/2024,28/01/2024,24/01/2024,Sesión formativa: parentalidad positiva,22,20,6,25,7,18,3.4,2,"Vargas Cortés, Mercedes",0,13,,F,13,,2,Bola de Oro,0,7,10
899,25/04/2025,06/06/2025,25/04/2025,Taller de uso medicamento,23,25,22,14,3,11,15.4,7,"Rubio Fuentes, Irene",0,13,,F,14,,1,Bola de Oro,0,3,3
900,07/04/2024,21/04/2024,08/04/2024,Sesión formativa: consumo alcohol,22,6,6,29,12,17,4.2,3,"López Vega, Sandra",0,13,,F,4,,1,Bola de Oro,0,0,4
901,24/11/2024,02/03/2025,28/11/2024,Grupo EPOC/asma,8,13,4,21,5,16,27.0,15,"Moreno Cabrera, Irene",0,13,,F,5,,0,Bola de Oro,1,9,2
902,13/03/2025,05/06/2025,14/03/2025,PITA,16,4,8,19,7,12,20.8,13,"Lara Guerrero, Irene",0,13,,F,9,,2,Bola de Oro,0,10,9
903,14/04/2024,02/06/2024,16/04/2024,IAHS,14,4,20,15,5,10,16.8,8,"Lara Guerrero, Irene",0,13,,F,9,,1,Bola de Oro,0,9,9
904,12/07/2024,19/07/2024,13/07/2024,Sesión formativa: prev. accidentes,22,21,12,16,5,11,2.4,2,"Rodríguez Cruz, Diego",0,13,,M,9,,0,Bola de Oro,0,12,2
905,03/12/2024,03/12/2024,03/12/2024,Charla sobre violencia género,0,28,14,25,5,20,1.8,1,"Rodríguez Cruz, Diego",0,13,,M,9,,1,Bola de Oro,1,9,1
906,15/06/2025,10/08/2025,15/06/2025,GRUSE,13,16,1,24,11,13,19.8,9,"Vargas Cortés, Mercedes",0,13,,F,13,,0,Bola de Oro,0,6,12
907,23/02/2025,09/03/2025,25/02/2025,Sesión clínica: alimentación saludable,21,3,1,7,3,4,3.6,3,"Rubio Fuentes, Irene",0,13,,F,14,,1,Bola de Oro,1,8,15
908,25/11/2025,25/11/2025,28/11/2025,Sesión formativa: salud bucodental,22,23,19,17,8,9,1.4,1,"Rodríguez Cruz, Diego",0,13,,M,9,,1,Bola de Oro,0,4,2
909,18/06/2024,25/06/2024,21/06/2024,Sesión formativa: salud bucodental,22,23,17,16,6,10,3.8,2,"Rubio Fuentes, Irene",0,13,,F,14,,0,Bola de Oro,0,13,1
910,28/07/2025,04/08/2025,02/08/2025,Sesión clínica: otras adicciones,21,18,20,9,2,7,3.4,2,"López Vega, Sandra",0,13,,F,4,,0,Bola de Oro,0,13,4
911,01/11/2024,22/11/2024,05/11/2024,Taller de vacunación,23,27,14,29,13,16,6.8,4,"Rubio Fuentes, Irene",0,13,,F,14,,2,Bola de Oro,0,5,12
912,17/10/2024,17/10/2024,22/10/2024,Mapeo de activos: alimentación saludable,18,3,20,27,14,13,1.3,1,"Lara Guerrero, Irene",0,13,,F,9,,2,Bola de Oro,0,2,6
913,23/09/2025,30/09/2025,23/09/2025,Sesión clínica: primeros auxilios,21,22,16,8,4,4,3.8,2,"Moreno Cabrera, Irene",0,13,,F,5,,2,Bola de Oro,0,8,2
914,12/09/2024,03/10/2024,12/09/2024,Taller de lactancia materna,23,15,12,11,4,7,8.0,4,"Vargas Cortés, Mercedes",0,13,,F,13,,1,Bola de Oro,0,9,15
915,07/08/2024,07/08/2024,12/08/2024,Mesa informativa: lactancia materna,19,15,17,39,15,24,0.6,1,"Vargas Cortés, Mercedes",0,13,,F,13,,0,Bola de Oro,0,10,8
916,14/02/2024,14/02/2024,16/02/2024,Mesa informativa: manejo enf. crónicas,19,16,2,47,14,33,1.6,1,"López Vega, Sandra",0,13,,F,4,,2,Bola de Oro,0,11,8
917,25/01/2025,12/04/2025,26/01/2025,Rehabilitación cardiaca,9,21,5,17,9,8,25.2,12,"Hernández Serrano, Ana",0,13,,F,5,,0,Bola de Oro,0,8,13
918,08/11/2024,13/12/2024,08/11/2024,PIOBIN,15,1,10,19,5,14,11.4,6,"Lara Guerrero, Irene",0,13,,F,9,,1,Bola de Oro,0,6,13
919,12/09/2025,19/09/2025,15/09/2025,Taller de primeros auxilios,23,22,8,13,5,8,5.8,2,"Hernández Serrano, Ana",0,13,,F,5,,1,Bola de Oro,0,2,3
920,10/12/2025,10/12/2025,11/12/2025,Mesa informativa: otras formas fumar,19,19,17,52,22,30,1.6,1,"López Vega, Sandra",0,13,,F,4,,2,Bola de Oro,0,0,5
921,14/04/2025,07/07/2025,15/04/2025,GRAFA,12,22,2,21,9,12,23.4,13,"Rodríguez Cruz, Diego",0,13,,M,9,,2,Bola de Oro,0,12,0
922,31/03/2024,07/04/2024,02/04/2024,Sesión formativa: otras adicciones,22,18,20,5,3,2,4.0,2,"Rodríguez Cruz, Diego",0,13,,M,9,,0,Bola de Oro,0,8,5
923,15/08/2024,10/10/2024,18/08/2024,PIOBIN,15,22,21,14,6,8,15.3,9,"Rodríguez Cruz, Diego",0,13,,M,9,,2,Bola de Oro,0,3,9
924,21/07/2025,04/08/2025,26/07/2025,Sesión formativa: prev. accidentes,22,21,15,12,2,10,5.1,3,"Hernández Serrano, Ana",0,13,,F,5,,1,Bola de Oro,0,1,13
925,06/10/2025,20/10/2025,10/10/2025,Mapeo de activos: bienestar emocional,18,4,20,26,9,17,5.1,3,"Vargas Cortés, Mercedes",0,13,,F,13,,0,Bola de Oro,0,8,14
926,17/05/2025,16/08/2025,17/05/2025,Grupo EPOC/asma,8,1,10,21,7,14,35.0,14,"González Hernández, Concepción",0,14,,F,5,,0,Doctores,0,7,15
927,03/02/2024,16/03/2024,05/02/2024,Grupo cuidadoras,5,1,11,24,7,17,14.7,7,"Hidalgo Reyes, Inmaculada",0,14,,F,2,2,2,Doctores,0,14,5
928,29/09/2024,29/09/2024,02/10/2024,Charla sobre vacunación,0,27,11,21,7,14,1.1,1,"Flores Fernández, Verónica",0,14,,F,7,,0,Doctores,1,9,10
929,18/02/2025,25/03/2025,18/02/2025,PSIA,17,4,7,8,1,7,10.8,6,"Molina Ruiz, Carmen",0,14,,F,2,1,2,Doctores,0,4,4
930,26/09/2025,26/12/2025,01/10/2025,Grupo dolor crónico,6,22,3,23,12,11,26.6,14,"Navarro Cruz, Sara",0,14,,F,5,,0,Doctores,0,5,12
931,03/06/2025,24/06/2025,04/06/2025,Programa educación maternal,11,27,5,20,2,18,7.6,4,"Cruz Guerrero, Nuria",0,14,,F,2,7,2,Doctores,1,2,3
932,17/02/2024,17/02/2024,18/02/2024,Mesa informativa: vacunación,19,27,7,55,25,30,1.7,1,"Fernández Sánchez, Carmen",0,14,,F,6,,1,Doctores,0,12,2
933,04/11/2024,18/11/2024,06/11/2024,Sesión formativa: otras formas fumar,22,19,23,13,7,6,5.7,3,"Morales Fuentes, Elena",0,14,,F,4,,0,Doctores,0,4,12
934,01/01/2025,16/04/2025,01/01/2025,IAHS,14,21,16,11,2,9,40.0,16,"Cruz Guerrero, Nuria",0,14,,F,2,7,0,Doctores,0,13,3
935,11/11/2024,11/11/2024,16/11/2024,Charla sobre manejo enf. crónicas,0,16,22,52,15,37,1.5,1,"Hidalgo Reyes, Inmaculada",0,14,,F,2,2,0,Doctores,0,4,10
936,15/01/2025,15/01/2025,20/01/2025,Charla sobre uso medicamento,0,25,2,47,11,36,1.3,1,"Fernández Sánchez, Carmen",0,14,,F,6,,2,Doctores,0,14,0
937,12/06/2025,03/07/2025,15/06/2025,Actividad PS: violencia género,24,28,14,17,5,12,6.8,4,"Vega Rodríguez, Cristina",0,14,,F,8,,1,Doctores,0,7,13
938,09/02/2025,18/05/2025,13/02/2025,Rehabilitación respiratoria,10,7,22,18,10,8,33.0,15,"Lara Gutiérrez, Amparo",0,14,,F,2,3,0,Doctores,0,2,8
939,14/05/2024,14/05/2024,16/05/2024,Sesión formativa: otras temáticas,22,30,24,27,11,16,1.8,1,"Medina Rubio, Ana",0,14,,F,15,,2,Doctores,0,8,7
940,14/12/2024,15/02/2025,17/12/2024,Rehabilitación cardiaca,9,13,17,25,16,9,22.0,10,"Navarro Cruz, Sara",0,14,,F,5,,0,Doctores,0,5,9
941,21/11/2025,31/12/2025,26/11/2025,Grupo EPOC/asma,8,6,4,18,8,10,18.4,8,"Lara Gutiérrez, Amparo",0,14,,F,2,3,1,Doctores,0,3,11
942,12/04/2025,26/04/2025,15/04/2025,Taller de parentalidad positiva,23,20,21,19,4,15,7.5,3,"Hidalgo Reyes, Inmaculada",0,14,,F,2,2,2,Doctores,0,3,9
943,18/11/2024,16/12/2024,19/11/2024,Taller de conducta suicida,23,5,3,13,6,7,11.0,5,"Vega Rodríguez, Cristina",0,14,,F,8,,1,Doctores,0,4,8
944,23/04/2024,14/05/2024,28/04/2024,Reunión coordinación — sexualidad,3,24,9,6,1,5,4.4,4,"Vega Rodríguez, Cristina",0,14,,F,8,,2,Doctores,0,4,12
945,25/03/2025,01/04/2025,28/03/2025,Sesión clínica: bienestar emocional,21,4,19,17,4,13,2.4,2,"Fernández Sánchez, Carmen",0,14,,F,6,,1,Doctores,0,2,6
946,31/03/2025,07/07/2025,03/04/2025,PIOBIN,15,15,13,20,10,10,25.5,15,"Molina Ruiz, Carmen",0,14,,F,2,1,0,Doctores,0,12,10
947,09/09/2025,23/09/2025,13/09/2025,Sesión formativa: manejo enf. crónicas,22,16,24,14,5,9,5.1,3,"Morales Fuentes, Elena",0,14,,F,4,,1,Doctores,1,2,13
948,19/03/2025,19/03/2025,21/03/2025,Charla sobre manejo enf. crónicas,0,16,9,17,7,10,1.3,1,"Morales Fuentes, Elena",0,14,,F,4,,1,Doctores,0,8,15
949,27/07/2024,12/10/2024,29/07/2024,Rehabilitación cardiaca,9,21,17,22,11,11,28.8,12,"Lara García, Mercedes",0,14,,F,5,,1,Doctores,0,1,10
950,22/04/2025,29/04/2025,25/04/2025,Actividad PS: otras temáticas,24,30,18,5,2,3,3.4,2,"Medina Rubio, Ana",0,14,,F,15,,0,Doctores,0,11,8
951,08/12/2025,31/12/2025,11/12/2025,IAHS,14,7,18,20,6,14,17.0,10,"Hidalgo Reyes, Inmaculada",0,14,,F,2,2,0,Doctores,1,14,0
952,10/12/2024,21/01/2025,11/12/2024,Taller de dolor crónico,23,8,24,13,6,7,18.2,7,"González Hernández, Concepción",0,14,,F,5,,1,Doctores,0,5,14
953,17/11/2025,31/12/2025,19/11/2025,Taller de otras adicciones,23,18,15,20,8,12,12.8,8,"Morales Fuentes, Elena",0,14,,F,4,,0,Doctores,0,3,9
954,08/08/2025,10/10/2025,11/08/2025,Grupo EPOC/asma,8,21,19,10,5,5,23.0,10,"Lara García, Mercedes",0,14,,F,5,,2,Doctores,0,6,11
955,06/05/2024,03/06/2024,11/05/2024,Rehabilitación respiratoria,10,27,24,25,12,13,12.0,5,"Hidalgo Reyes, Inmaculada",0,14,,F,2,2,1,Doctores,0,5,2
956,10/02/2025,10/02/2025,10/02/2025,Charla sobre voluntades vitales,0,29,9,29,13,16,0.7,1,"Vega Rodríguez, Cristina",0,14,,F,8,,2,Doctores,0,10,5
957,17/04/2025,24/04/2025,17/04/2025,Reunión coordinación — manejo enf. crónicas,3,16,6,3,1,2,3.6,2,"Lara Gutiérrez, Amparo",0,14,,F,2,3,2,Doctores,1,6,6
958,19/11/2025,19/11/2025,21/11/2025,Charla sobre higiene postural,0,12,6,56,12,44,1.3,1,"González Hernández, Concepción",0,14,,F,5,,2,Doctores,0,12,8
959,21/04/2024,21/04/2024,25/04/2024,Mesa informativa: conducta suicida,19,5,24,39,18,21,0.7,1,"Reyes Ortiz, José",0,14,,M,13,,1,Doctores,0,11,15
960,09/11/2025,09/11/2025,14/11/2025,Sesión formativa: act. física,22,1,25,16,7,9,1.0,1,"González Hernández, Concepción",0,14,,F,5,,1,Doctores,0,14,4
961,18/05/2025,17/08/2025,20/05/2025,Rehabilitación respiratoria,10,21,8,18,9,9,22.4,14,"Lara García, Mercedes",0,14,,F,5,,1,Doctores,0,14,8
962,05/03/2025,12/03/2025,07/03/2025,Actividad PS: act. física,4,1,5,19,10,9,3.2,2,"Fernández Sánchez, Carmen",0,14,,F,6,,2,Doctores,0,12,0
963,25/10/2025,31/12/2025,26/10/2025,GRUSE,13,16,22,18,7,11,30.0,15,"Reyes Ortiz, José",0,14,,M,13,,1,Doctores,0,6,5
964,12/06/2025,12/06/2025,12/06/2025,Sesión formativa: dolor crónico,22,8,5,15,5,10,1.7,1,"González Hernández, Concepción",0,14,,F,5,,2,Doctores,0,10,2
965,07/03/2024,07/03/2024,07/03/2024,Reunión coordinación — dolor crónico,3,8,4,4,1,3,1.9,1,"Lara Gutiérrez, Amparo",0,14,,F,2,3,1,Doctores,0,12,6
966,28/10/2024,28/10/2024,30/10/2024,Sesión clínica: otras adicciones,21,18,19,16,4,12,1.8,1,"Morales Fuentes, Elena",0,14,,F,4,,0,Doctores,0,9,9
967,01/08/2024,12/09/2024,04/08/2024,Grupo EPOC/asma,8,13,25,8,2,6,16.8,7,"Navarro Cruz, Sara",0,14,,F,5,,2,Doctores,0,13,4
968,14/07/2025,22/09/2025,15/07/2025,Grupo EPOC/asma,8,6,1,25,12,13,18.7,11,"Cruz Guerrero, Nuria",0,14,,F,2,7,0,Doctores,0,1,1
969,13/04/2024,04/05/2024,17/04/2024,Reunión coordinación — sexualidad,3,24,9,10,4,6,5.6,4,"Vega Rodríguez, Cristina",0,14,,F,8,,2,Doctores,0,2,11
970,11/12/2024,01/01/2025,14/12/2024,Reunión coordinación — primeros auxilios,3,22,1,5,2,3,5.2,4,"Cruz Guerrero, Nuria",0,14,,F,2,7,0,Doctores,0,9,7
971,13/10/2024,19/01/2025,13/10/2024,Grupo EPOC/asma,8,22,10,18,5,13,31.5,15,"Lara García, Mercedes",0,14,,F,5,,2,Doctores,0,10,7
972,14/08/2025,14/08/2025,16/08/2025,Charla sobre otras formas fumar,0,19,13,36,9,27,0.5,1,"Morales Fuentes, Elena",0,14,,F,4,,0,Doctores,0,6,1
973,19/04/2024,26/04/2024,22/04/2024,Taller de dolor crónico,23,8,11,22,9,13,4.2,2,"González Hernández, Concepción",0,14,,F,5,,1,Doctores,0,13,4
974,14/06/2025,20/09/2025,14/06/2025,IAHS,14,11,12,12,4,8,36.0,15,"Hidalgo Reyes, Inmaculada",0,14,,F,2,2,1,Doctores,0,8,13
975,03/06/2024,17/06/2024,03/06/2024,Reunión coordinación — dolor crónico,3,8,21,4,2,2,3.0,3,"Molina Ruiz, Carmen",0,14,,F,2,1,1,Doctores,0,10,2
976,30/06/2025,18/08/2025,01/07/2025,GRUSE,13,6,4,14,5,9,17.6,8,"Vega Rodríguez, Cristina",0,14,,F,8,,1,Doctores,1,8,10
977,09/03/2025,22/06/2025,11/03/2025,Grupo EPOC/asma,8,8,20,25,11,14,38.4,16,"Navarro Cruz, Sara",0,14,,F,5,,2,Doctores,0,5,15
978,02/03/2024,06/04/2024,05/03/2024,Grupo diabetológico,7,8,13,22,6,16,11.4,6,"Cruz Guerrero, Nuria",0,14,,F,2,7,1,Doctores,0,10,14
979,03/11/2024,10/11/2024,04/11/2024,Actividad PS: voluntades vitales,24,29,16,33,14,19,2.8,2,"Vega Rodríguez, Cristina",0,14,,F,8,,0,Doctores,0,0,15
980,21/03/2025,04/04/2025,25/03/2025,Sesión formativa: consumo alcohol,22,6,17,25,12,13,5.4,3,"Medina Rubio, Ana",0,14,,F,15,,2,Doctores,0,3,12
981,10/01/2025,10/01/2025,14/01/2025,Charla sobre otras formas fumar,0,19,8,53,16,37,1.3,1,"Morales Fuentes, Elena",0,14,,F,4,,2,Doctores,0,13,2
982,30/03/2025,30/03/2025,03/04/2025,Charla sobre otras temáticas,0,30,11,13,6,7,1.7,1,"Medina Rubio, Ana",0,14,,F,15,,1,Doctores,0,0,11
983,12/03/2024,11/06/2024,14/03/2024,Grupo dolor crónico,6,22,14,22,6,16,33.6,14,"Navarro Cruz, Sara",0,14,,F,5,,0,Doctores,0,8,14
984,24/11/2024,02/03/2025,24/11/2024,Grupo diabetológico,7,22,12,22,12,10,33.0,15,"Lara Gutiérrez, Amparo",0,14,,F,2,3,2,Doctores,0,7,4
985,13/03/2024,27/03/2024,17/03/2024,Sesión formativa: conducta suicida,22,5,11,26,11,15,4.5,3,"Reyes Ortiz, José",0,14,,M,13,,2,Doctores,0,3,14
986,20/06/2025,19/09/2025,25/06/2025,PSIA,17,15,7,13,2,11,30.8,14,"Cruz Guerrero, Nuria",0,14,,F,2,7,0,Doctores,0,9,1
987,19/09/2025,10/10/2025,24/09/2025,Taller de conducta suicida,23,5,20,28,7,21,12.0,4,"Reyes Ortiz, José",0,14,,M,13,,1,Doctores,0,0,6
988,13/03/2025,24/04/2025,16/03/2025,Grupo dolor crónico,6,16,21,15,6,9,16.1,7,"Molina Ruiz, Carmen",0,14,,F,2,1,0,Doctores,0,11,15
989,07/12/2025,31/12/2025,12/12/2025,PITA,16,9,14,9,2,7,22.0,11,"Cruz Guerrero, Nuria",0,14,,F,2,7,2,Doctores,0,1,10
990,27/08/2024,03/09/2024,28/08/2024,Sesión formativa: lactancia materna,22,15,20,30,14,16,4.0,2,"Lara Gutiérrez, Amparo",0,14,,F,2,3,1,Doctores,0,14,3
991,16/12/2025,23/12/2025,19/12/2025,Sesión formativa: act. física,22,1,8,6,3,3,3.6,2,"Flores Fernández, Verónica",0,14,,F,7,,2,Doctores,1,7,1
992,26/03/2025,26/03/2025,26/03/2025,Charla sobre primeros auxilios,0,22,23,39,12,27,1.1,1,"González Hernández, Concepción",0,14,,F,5,,0,Doctores,0,1,13
993,20/08/2024,20/08/2024,20/08/2024,Mesa informativa: voluntades vitales,19,29,9,60,14,46,1.1,1,"Fernández Sánchez, Carmen",0,14,,F,6,,1,Doctores,0,6,4
994,10/02/2024,30/03/2024,15/02/2024,Rehabilitación respiratoria,10,8,10,10,5,5,12.0,8,"Navarro Cruz, Sara",0,14,,F,5,,0,Doctores,0,9,5
995,09/03/2025,16/03/2025,13/03/2025,Actividad PS: alimentación saludable,24,3,18,34,17,17,3.4,2,"Medina Rubio, Ana",0,14,,F,15,,0,Doctores,0,12,4
996,18/10/2025,27/12/2025,19/10/2025,Grupo cuidadoras,5,1,3,25,9,16,23.1,11,"Flores Fernández, Verónica",0,14,,F,7,,1,Doctores,0,4,11
997,01/08/2025,14/11/2025,03/08/2025,Grupo dolor crónico,6,9,19,12,5,7,35.2,16,"Molina Ruiz, Carmen",0,14,,F,2,1,1,Doctores,0,3,11
998,31/05/2024,31/05/2024,01/06/2024,Charla sobre uso medicamento,0,25,19,21,8,13,2.0,1,"Morales Fuentes, Elena",0,14,,F,4,,1,Doctores,0,13,7
999,25/03/2024,25/03/2024,29/03/2024,Reunión coordinación — consumo alcohol,3,6,23,8,2,6,1.2,1,"Medina Rubio, Ana",0,14,,F,15,,0,Doctores,0,8,1
1000,07/02/2025,16/05/2025,08/02/2025,Programa educación maternal,11,4,14,17,2,15,27.0,15,"Flores Fernández, Verónica",0,14,,F,7,,1,Doctores,0,2,8
1001,06/07/2025,28/09/2025,07/07/2025,Rehabilitación cardiaca,9,1,4,14,9,5,24.7,13,"Lara García, Mercedes",0,14,,F,5,,1,Doctores,0,1,3
1002,16/12/2025,30/12/2025,16/12/2025,Sesión formativa: vacunación,22,27,16,23,7,16,5.1,3,"Morales Fuentes, Elena",0,14,,F,4,,1,Doctores,0,3,5
1003,29/10/2024,26/11/2024,01/11/2024,Rehabilitación cardiaca,9,8,3,23,14,9,9.0,5,"Navarro Cruz, Sara",0,14,,F,5,,0,Doctores,0,6,11
1004,07/12/2025,07/12/2025,09/12/2025,Mesa informativa: lactancia materna,19,15,10,13,6,7,1.0,1,"Reyes Ortiz, José",0,14,,M,13,,0,Doctores,0,0,4
1005,27/06/2024,25/07/2024,30/06/2024,Programa educación maternal,11,22,14,8,1,7,9.0,5,"Molina Ruiz, Carmen",0,14,,F,2,1,1,Doctores,0,4,11
1006,01/12/2025,01/12/2025,02/12/2025,Mesa informativa: consumo alcohol,19,6,5,37,17,20,1.4,1,"Morales Fuentes, Elena",0,14,,F,4,,1,Doctores,0,6,2
1007,17/06/2024,26/08/2024,18/06/2024,Rehabilitación respiratoria,10,12,5,25,15,10,24.2,11,"Hidalgo Reyes, Inmaculada",0,14,,F,2,2,2,Doctores,1,12,12
1008,01/10/2024,12/11/2024,06/10/2024,Taller de consumo alcohol,23,6,22,17,8,9,20.3,7,"Lara Gutiérrez, Amparo",0,14,,F,2,3,1,Doctores,0,1,3
1009,14/04/2025,05/05/2025,19/04/2025,Reunión coordinación — conducta suicida,3,5,15,10,3,7,5.6,4,"Vega Rodríguez, Cristina",0,14,,F,8,,0,Doctores,0,7,8
1010,12/02/2024,15/04/2024,15/02/2024,PIOBIN,15,27,9,12,6,6,15.0,10,"Fuentes Hernández, Lucía",1,,0,F,2,6,0,Albolote,0,14,15
1011,28/02/2024,28/02/2024,01/03/2024,Sesión clínica: voluntades vitales,21,29,7,7,2,5,1.1,1,"Lara Morales, María",1,,0,F,6,,1,Albolote,0,14,5
1012,29/07/2024,12/08/2024,30/07/2024,Taller de parentalidad positiva,23,20,4,12,4,8,7.2,3,"Lara Guerrero, Elena",1,,0,F,7,,1,Albolote,0,10,7
1013,26/03/2025,14/05/2025,28/03/2025,IAHS,14,9,14,11,4,7,15.2,8,"Serrano Castro, Manuel",1,,0,M,7,,0,Albolote,0,3,11
1014,09/03/2025,13/04/2025,13/03/2025,Taller de parentalidad positiva,23,20,8,30,8,22,15.0,6,"Moreno Morales, Andrés",1,,0,M,2,3,0,Albolote,0,14,9
1015,03/02/2024,09/03/2024,07/02/2024,Taller de vacunación,23,27,23,10,3,7,13.8,6,"Lara Morales, María",1,,0,F,6,,0,Albolote,1,11,7
1016,25/06/2024,09/07/2024,26/06/2024,Taller de sexualidad,23,24,5,17,6,11,4.8,3,"Pérez Ramos, Víctor",1,,0,M,8,,0,Albolote,0,12,10
1017,28/05/2024,16/07/2024,30/05/2024,Taller de salud bucodental,23,23,8,11,6,5,17.6,8,"Sánchez Domínguez, Javier",1,,0,M,14,,1,Albolote,0,7,6
1018,20/04/2024,20/04/2024,25/04/2024,Mesa informativa: alimentación saludable,19,3,11,16,7,9,0.9,1,"Lara Guerrero, Elena",1,,0,F,7,,1,Albolote,0,9,7
1019,09/10/2025,09/10/2025,13/10/2025,Mesa informativa: prev. accidentes,19,21,25,53,21,32,1.7,1,"Lara Guerrero, Elena",1,,0,F,7,,1,Albolote,0,3,14
1020,19/11/2025,31/12/2025,20/11/2025,Programa educación maternal,11,14,15,17,1,16,19.8,11,"Serrano Castro, Manuel",1,,0,M,7,,2,Albolote,0,13,5
1021,16/05/2025,27/06/2025,17/05/2025,Grupo cuidadoras,5,14,10,18,9,9,13.3,7,"Lara Guerrero, Elena",1,,0,F,7,,0,Albolote,0,1,12
1022,15/08/2024,05/09/2024,20/08/2024,Taller de sexualidad,23,24,5,30,13,17,6.8,4,"Pérez Ramos, Víctor",1,,0,M,8,,2,Albolote,0,2,8
1023,03/06/2024,22/07/2024,05/06/2024,Grupo cuidadoras,5,15,9,13,7,6,16.8,8,"Blanco Díaz, Javier",1,,0,M,7,,2,Albolote,0,14,4
1024,12/02/2024,11/03/2024,15/02/2024,Taller de alimentación saludable,23,3,9,22,9,13,13.5,5,"Sánchez Domínguez, Javier",1,,0,M,14,,2,Albolote,0,0,2
1025,08/10/2024,03/12/2024,12/10/2024,Grupo cuidadoras,5,3,14,15,4,11,21.6,9,"Lara Guerrero, Elena",1,,0,F,7,,2,Albolote,0,14,4
1026,18/09/2025,18/09/2025,21/09/2025,Reunión coordinación — parentalidad positiva,3,20,13,7,4,3,1.1,1,"Pérez Ramos, Víctor",1,,0,M,8,,1,Albolote,0,8,6
1027,08/01/2024,08/01/2024,12/01/2024,Charla sobre violencia género,0,28,17,56,22,34,0.6,1,"Fuentes Hidalgo, Sandra",1,,0,F,8,,0,Albolote,0,13,2
1028,23/02/2024,12/04/2024,27/02/2024,Taller de IRAS,23,14,8,23,10,13,15.2,8,"Blanco Díaz, Javier",1,,0,M,7,,1,Albolote,0,9,6
1029,11/04/2024,06/06/2024,13/04/2024,Grupo cuidadoras,5,21,1,24,10,14,13.5,9,"Lara Guerrero, Elena",1,,0,F,7,,0,Albolote,0,6,7
1030,22/08/2024,22/08/2024,26/08/2024,Mesa informativa: salud bucodental,19,23,3,21,10,11,1.2,1,"Sánchez Domínguez, Javier",1,,0,M,14,,2,Albolote,0,14,14
1031,26/05/2025,11/08/2025,26/05/2025,PSIA,17,21,21,12,2,10,28.8,12,"Vega Moreno, Lucía",1,,0,F,2,3,2,Albolote,0,10,5
1032,20/09/2024,22/11/2024,22/09/2024,Grupo diabetológico,7,20,3,16,5,11,17.0,10,"Ruiz Cruz, Marta",1,,0,F,2,6,0,Albolote,0,9,15
1033,04/06/2025,04/06/2025,07/06/2025,Reunión coordinación — vacunación,3,27,18,3,1,2,1.8,1,"Ruiz Cruz, Marta",1,,0,F,2,6,2,Albolote,0,14,11
1034,09/10/2025,31/12/2025,13/10/2025,IAHS,14,20,15,8,3,5,21.0,14,"Blanco Díaz, Javier",1,,0,M,7,,0,Albolote,0,4,0
1035,14/03/2025,04/04/2025,17/03/2025,Mapeo de activos: sexualidad,18,24,10,9,3,6,6.0,4,"Hernández Flores, Alejandro",1,,0,M,13,,0,Albolote,0,11,14
1036,14/03/2024,06/06/2024,17/03/2024,Rehabilitación cardiaca,9,16,12,21,13,8,32.5,13,"Ruiz Cruz, Marta",1,,0,F,2,6,2,Albolote,0,1,2
1037,14/07/2024,29/09/2024,19/07/2024,IAHS,14,8,23,17,9,8,27.6,12,"Fuentes Hernández, Lucía",1,,0,F,2,6,0,Albolote,0,10,7
1038,17/02/2024,17/02/2024,20/02/2024,Sesión clínica: parentalidad positiva,21,20,13,14,5,9,1.6,1,"Serrano Castro, Manuel",1,,0,M,7,,0,Albolote,0,11,3
1039,30/12/2024,13/01/2025,01/01/2025,Sesión clínica: IRAS,21,14,25,6,2,4,4.5,3,"Molina Montero, Juan",1,,0,M,7,,2,Albolote,0,7,15
1040,23/09/2025,07/10/2025,24/09/2025,Sesión formativa: act. física,22,1,7,14,6,8,3.6,3,"Blanco Díaz, Javier",1,,0,M,7,,2,Albolote,1,10,0
1041,21/10/2024,28/10/2024,24/10/2024,Actividad PS: consumo alcohol,24,6,9,29,6,23,3.2,2,"Díaz Vega, David",1,,0,M,8,,0,Albolote,0,2,8
1042,07/07/2024,01/09/2024,12/07/2024,Grupo diabetológico,7,15,16,21,8,13,20.7,9,"Fernández Espinosa, Patricia",1,,0,F,2,1,1,Albolote,0,12,6
1043,18/12/2024,29/01/2025,22/12/2024,Taller de parentalidad positiva,23,20,24,10,4,6,17.5,7,"Fuentes Hidalgo, Sandra",1,,0,F,8,,0,Albolote,0,7,8
1044,17/04/2024,31/07/2024,21/04/2024,PSIA,17,8,10,11,0,11,25.6,16,"Ruiz Cruz, Marta",1,,0,F,2,6,0,Albolote,0,5,7
1045,24/02/2024,02/03/2024,28/02/2024,Sesión formativa: conducta suicida,22,5,14,20,5,15,3.4,2,"Fuentes Hidalgo, Sandra",1,,0,F,8,,1,Albolote,0,13,13
1046,05/10/2024,05/10/2024,05/10/2024,Sesión formativa: consumo alcohol,22,6,7,29,15,14,1.7,1,"Hernández Flores, Alejandro",1,,0,M,13,,2,Albolote,0,2,4
1047,13/08/2024,27/08/2024,15/08/2024,Sesión formativa: parentalidad positiva,22,20,10,14,5,9,6.0,3,"Serrano Castro, Manuel",1,,0,M,7,,2,Albolote,0,3,7
1048,25/02/2024,25/02/2024,25/02/2024,Mesa informativa: enf. transmisibles,19,9,11,22,8,14,0.9,1,"Serrano Castro, Manuel",1,,0,M,7,,2,Albolote,0,2,6
1049,19/05/2025,11/08/2025,22/05/2025,PITA,16,22,3,13,7,6,22.1,13,"Vega Moreno, Lucía",1,,0,F,2,3,1,Albolote,0,3,5
1050,14/05/2024,16/07/2024,17/05/2024,Programa educación maternal,11,20,6,13,0,13,21.0,10,"Ruiz Cruz, Marta",1,,0,F,2,6,0,Albolote,0,10,7
1051,16/09/2025,16/12/2025,18/09/2025,GRUSE,13,6,21,8,4,4,33.6,14,"Díaz Vega, David",1,,0,M,8,,2,Albolote,0,7,13
1052,20/11/2024,27/11/2024,24/11/2024,Sesión formativa: primeros auxilios,22,22,11,7,4,3,3.6,2,"Moreno Morales, Andrés",1,,0,M,2,3,0,Albolote,0,4,11
1053,07/11/2025,14/11/2025,08/11/2025,Actividad PS: uso medicamento,4,25,11,28,9,19,4.0,2,"Lara Morales, María",1,,0,F,6,,2,Albolote,0,2,6
1054,29/09/2025,20/10/2025,01/10/2025,Mapeo de activos: parentalidad positiva,18,20,6,11,3,8,4.8,4,"Hernández Flores, Alejandro",1,,0,M,13,,0,Albolote,1,2,2
1055,24/03/2024,24/03/2024,29/03/2024,Charla sobre enf. transmisibles,0,9,24,36,19,17,1.7,1,"Fuentes Hernández, Lucía",1,,0,F,2,6,2,Albolote,0,11,0
1056,10/11/2024,08/12/2024,10/11/2024,Grupo cuidadoras,5,21,14,25,7,18,12.0,5,"Fuentes Hernández, Lucía",1,,0,F,2,6,2,Albolote,0,1,9
1057,21/09/2025,12/10/2025,26/09/2025,Actividad PS: uso medicamento,24,25,18,9,3,6,4.8,4,"Lara Morales, María",1,,0,F,6,,0,Albolote,0,14,12
1058,27/07/2024,14/09/2024,27/07/2024,Grupo diabetológico,7,6,14,22,5,17,17.6,8,"Vega Moreno, Lucía",1,,0,F,2,3,1,Albolote,0,5,6
1059,03/03/2024,03/03/2024,04/03/2024,Charla sobre salud bucodental,0,23,16,41,9,32,1.6,1,"Sánchez Domínguez, Javier",1,,0,M,14,,2,Albolote,0,14,0
1060,01/06/2024,01/06/2024,05/06/2024,Charla sobre parentalidad positiva,0,20,14,24,6,18,0.9,1,"Fernández Espinosa, Patricia",1,,0,F,2,1,0,Albolote,0,2,10
1061,28/02/2024,12/06/2024,01/03/2024,Grupo cuidadoras,5,4,6,17,5,12,30.4,16,"Molina Montero, Juan",1,,0,M,7,,2,Albolote,0,5,0
1062,18/08/2024,18/08/2024,20/08/2024,Sesión formativa: alimentación saludable,22,3,6,14,6,8,1.5,1,"Lara Guerrero, Elena",1,,0,F,7,,2,Albolote,0,2,8
1063,23/01/2025,23/01/2025,26/01/2025,Charla sobre dolor crónico,0,8,21,23,6,17,0.6,1,"Vega Moreno, Lucía",1,,0,F,2,3,2,Albolote,0,9,9
1064,23/04/2025,28/05/2025,26/04/2025,GRUSE,13,29,12,13,6,7,12.0,6,"Fuentes Hidalgo, Sandra",1,,0,F,8,,2,Albolote,0,2,0
1065,01/01/2025,08/01/2025,02/01/2025,Taller de vacunación,23,27,14,25,9,16,3.6,2,"Blanco Díaz, Javier",1,,0,M,7,,2,Albolote,0,3,9
1066,05/08/2024,30/09/2024,08/08/2024,Programa educación maternal,11,10,9,10,2,8,13.5,9,"Fuentes Hernández, Lucía",1,,0,F,2,6,0,Albolote,0,12,3
1067,12/06/2025,25/09/2025,14/06/2025,Grupo cuidadoras,5,3,21,21,4,17,33.6,16,"Sánchez Rubio, Elena",1,,1,F,2,6,0,Alfacar,0,10,1
1068,31/12/2024,18/03/2025,01/01/2025,Grupo dolor crónico,6,9,17,11,6,5,19.2,12,"Sánchez Rubio, Elena",1,,1,F,2,6,1,Alfacar,0,3,10
1069,13/12/2025,31/12/2025,13/12/2025,PIOBIN,15,8,21,24,6,18,14.4,8,"Cortés Blanco, Rosa",1,,1,F,2,7,0,Alfacar,1,6,5
1070,26/05/2025,07/07/2025,30/05/2025,Taller de lactancia materna,23,15,12,17,4,13,14.0,7,"Cortés Blanco, Rosa",1,,1,F,2,7,1,Alfacar,0,10,7
1071,23/02/2024,01/03/2024,24/02/2024,Reunión coordinación — act. física,3,1,12,2,1,1,3.0,2,"Carmona Morales, Alejandro",1,,1,M,6,,2,Alfacar,0,0,4
1072,15/06/2025,20/07/2025,15/06/2025,PIOBIN,15,22,21,21,11,10,11.4,6,"Ruiz Delgado, Roberto",1,,1,M,2,8,1,Alfacar,0,10,8
1073,23/02/2025,30/03/2025,24/02/2025,Taller de voluntades vitales,23,29,11,11,3,8,10.8,6,"Carmona Morales, Alejandro",1,,1,M,6,,1,Alfacar,0,4,15
1074,05/07/2025,16/08/2025,10/07/2025,Taller de act. física,23,1,2,26,11,15,11.9,7,"Carmona Morales, Alejandro",1,,1,M,6,,1,Alfacar,1,6,6
1075,13/05/2024,03/06/2024,13/05/2024,Actividad PS: consumo alcohol,4,6,13,30,16,14,5.2,4,"Carmona Morales, Alejandro",1,,1,M,6,,0,Alfacar,0,0,13
1076,11/01/2024,11/01/2024,11/01/2024,Mesa informativa: otras formas fumar,19,19,9,35,11,24,0.9,1,"Díaz Guerrero, Pablo",1,,1,M,4,,0,Alfacar,0,5,14
1077,01/01/2025,05/03/2025,06/01/2025,PIOBIN,15,22,8,21,9,12,21.0,10,"Cortés Blanco, Rosa",1,,1,F,2,7,1,Alfacar,0,11,11
1078,11/09/2024,11/09/2024,14/09/2024,Ponencia: parentalidad positiva,20,20,13,92,23,69,3.0,1,"Reyes Serrano, Patricia",1,,1,F,9,,0,Alfacar,0,5,10
1079,30/04/2025,14/05/2025,03/05/2025,Sesión formativa: manejo enf. crónicas,22,16,25,7,2,5,3.9,3,"Ruiz Delgado, Roberto",1,,1,M,2,8,1,Alfacar,0,10,14
1080,22/02/2024,14/03/2024,24/02/2024,Ponencia: act. física,20,1,24,105,35,70,8.4,4,"Carmona Morales, Alejandro",1,,1,M,6,,2,Alfacar,0,5,15
1081,26/06/2024,11/09/2024,29/06/2024,PIOBIN,15,22,1,14,7,7,20.4,12,"Blanco Montero, Inmaculada",1,,1,F,2,7,1,Alfacar,0,0,3
1082,13/05/2024,13/05/2024,14/05/2024,Charla sobre prev. accidentes,0,21,23,19,8,11,0.6,1,"Cortés Blanco, Rosa",1,,1,F,2,7,0,Alfacar,0,9,10
1083,09/04/2025,04/06/2025,09/04/2025,PSIA,17,7,8,8,0,8,18.9,9,"Blanco Montero, Inmaculada",1,,1,F,2,7,0,Alfacar,0,2,7
1084,03/07/2024,31/07/2024,05/07/2024,Rehabilitación cardiaca,9,22,8,18,11,7,9.0,5,"Sánchez Rubio, Elena",1,,1,F,2,6,0,Alfacar,0,0,12
1085,23/06/2024,04/08/2024,24/06/2024,Taller de vacunación,23,27,4,21,11,10,20.3,7,"Carmona Morales, Alejandro",1,,1,M,6,,0,Alfacar,0,4,10
1086,24/05/2025,07/06/2025,28/05/2025,Sesión formativa: enf. transmisibles,22,9,12,10,3,7,3.3,3,"Ruiz Delgado, Roberto",1,,1,M,2,8,1,Alfacar,0,2,9
1087,20/07/2024,27/07/2024,22/07/2024,Reunión coordinación — vacunación,3,27,1,9,5,4,3.6,2,"Díaz Guerrero, Pablo",1,,1,M,4,,2,Alfacar,0,3,5
1088,01/08/2024,24/10/2024,03/08/2024,Rehabilitación respiratoria,10,7,19,12,7,5,23.4,13,"Sánchez Rubio, Elena",1,,1,F,2,6,1,Alfacar,0,3,13
1089,04/09/2025,04/09/2025,05/09/2025,Ponencia: uso medicamento,20,25,18,48,11,37,2.7,1,"Carmona Morales, Alejandro",1,,1,M,6,,2,Alfacar,0,10,11
1090,12/02/2025,12/03/2025,15/02/2025,Programa educación maternal,11,9,5,24,4,20,9.0,5,"Cortés Blanco, Rosa",1,,1,F,2,7,2,Alfacar,0,4,11
1091,23/08/2025,06/09/2025,26/08/2025,Sesión formativa: vacunación,22,27,13,7,2,5,3.0,3,"Díaz Guerrero, Pablo",1,,1,M,4,,2,Alfacar,0,3,13
1092,22/07/2024,16/09/2024,23/07/2024,Grupo EPOC/asma,8,16,4,10,3,7,15.3,9,"Sánchez Rubio, Elena",1,,1,F,2,6,1,Alfacar,0,5,6
1093,31/05/2025,06/09/2025,03/06/2025,Grupo EPOC/asma,8,16,11,19,6,13,33.0,15,"Blanco Montero, Inmaculada",1,,1,F,2,7,0,Alfacar,0,1,10
1094,19/05/2024,19/05/2024,20/05/2024,Mesa informativa: tabaco,19,7,16,36,18,18,1.7,1,"Díaz Guerrero, Pablo",1,,1,M,4,,0,Alfacar,0,0,10
1095,19/11/2025,19/11/2025,23/11/2025,Charla sobre voluntades vitales,0,29,11,12,4,8,1.5,1,"Cortés Blanco, Rosa",1,,1,F,2,7,0,Alfacar,1,9,7
1096,07/09/2024,07/12/2024,08/09/2024,PSIA,17,22,25,12,1,11,22.4,14,"Reyes Serrano, Patricia",1,,1,F,9,,1,Alfacar,0,0,9
1097,19/06/2025,07/08/2025,23/06/2025,Grupo EPOC/asma,8,22,18,20,10,10,17.6,8,"Blanco Montero, Inmaculada",1,,1,F,2,7,1,Alfacar,0,10,12
1098,07/05/2025,07/05/2025,09/05/2025,Sesión formativa: consumo alcohol,22,6,19,18,6,12,1.8,1,"Díaz Guerrero, Pablo",1,,1,M,4,,1,Alfacar,0,1,2
1099,09/03/2024,20/04/2024,10/03/2024,Programa educación maternal,11,15,1,12,2,10,17.5,7,"Sánchez Rubio, Elena",1,,1,F,2,6,0,Alfacar,1,7,11
1100,28/09/2024,26/10/2024,28/09/2024,Rehabilitación cardiaca,9,1,4,15,8,7,10.5,5,"Cortés Blanco, Rosa",1,,1,F,2,7,1,Alfacar,0,9,7
1101,20/11/2024,05/02/2025,20/11/2024,Rehabilitación cardiaca,9,6,23,12,5,7,26.4,12,"Cortés Blanco, Rosa",1,,1,F,2,7,0,Alfacar,0,3,10
1102,27/10/2024,01/12/2024,31/10/2024,IAHS,14,6,5,22,9,13,10.8,6,"Reyes Serrano, Patricia",1,,1,F,9,,2,Alfacar,0,1,12
1103,08/12/2024,19/01/2025,08/12/2024,PITA,16,6,15,10,4,6,15.4,7,"Ruiz Delgado, Roberto",1,,1,M,2,8,2,Alfacar,0,6,11
1104,30/03/2025,30/03/2025,01/04/2025,Actividad PS: vacunación,24,27,23,28,7,21,1.1,1,"Carmona Morales, Alejandro",1,,1,M,6,,2,Alfacar,0,4,9
1105,21/07/2024,29/09/2024,23/07/2024,Rehabilitación respiratoria,10,20,14,16,8,8,19.8,11,"Blanco Montero, Inmaculada",1,,1,F,2,7,0,Alfacar,0,6,7
1106,23/02/2025,09/03/2025,23/02/2025,Sesión clínica: bienestar emocional,21,4,21,9,3,6,3.9,3,"Carmona Morales, Alejandro",1,,1,M,6,,1,Alfacar,0,10,5
1107,02/12/2024,24/02/2025,02/12/2024,Grupo dolor crónico,6,6,12,15,6,9,32.5,13,"Sánchez Rubio, Elena",1,,1,F,2,6,1,Alfacar,0,0,10
1108,28/04/2025,19/05/2025,28/04/2025,PSIA,17,20,3,9,0,9,9.2,4,"Blanco Montero, Inmaculada",1,,1,F,2,7,1,Alfacar,0,13,8
1109,31/05/2025,07/06/2025,05/06/2025,Taller de vacunación,23,27,20,28,6,22,4.6,2,"Cortés Blanco, Rosa",1,,1,F,2,7,0,Alfacar,0,12,9
1110,25/06/2024,06/08/2024,30/06/2024,Taller de otras formas fumar,23,19,19,18,6,12,12.6,7,"Díaz Guerrero, Pablo",1,,1,M,4,,1,Alfacar,0,7,12
1111,23/01/2025,23/01/2025,23/01/2025,Charla sobre higiene manos,0,11,19,56,24,32,1.0,1,"Cortés Blanco, Rosa",1,,1,F,2,7,0,Alfacar,0,5,15
1112,08/11/2025,31/12/2025,12/11/2025,Rehabilitación cardiaca,9,15,19,12,8,4,29.4,14,"Sánchez Rubio, Elena",1,,1,F,2,6,2,Alfacar,0,0,8
1113,06/10/2025,03/11/2025,11/10/2025,Taller de manejo enf. crónicas,23,16,14,18,9,9,12.5,5,"Díaz Guerrero, Pablo",1,,1,M,4,,0,Alfacar,0,2,3
1114,04/06/2024,04/06/2024,05/06/2024,Mesa informativa: manejo enf. crónicas,19,16,11,11,3,8,1.9,1,"Carmona Morales, Alejandro",1,,1,M,6,,1,Alfacar,0,7,4
1115,23/10/2025,31/12/2025,25/10/2025,PITA,16,10,12,25,14,11,34.5,15,"Sánchez Rubio, Elena",1,,1,F,2,6,0,Alfacar,0,1,0
1116,10/05/2025,10/05/2025,12/05/2025,Mapeo de activos: primeros auxilios,18,22,2,5,2,3,1.5,1,"Reyes Serrano, Patricia",1,,1,F,9,,1,Alfacar,0,7,15
1117,08/06/2024,08/06/2024,09/06/2024,Sesión formativa: tabaco,22,7,9,11,3,8,1.1,1,"Díaz Guerrero, Pablo",1,,1,M,4,,2,Alfacar,0,2,7
1118,25/04/2025,25/04/2025,27/04/2025,Mesa informativa: tabaco,19,7,2,20,6,14,0.6,1,"Díaz Guerrero, Pablo",1,,1,M,4,,2,Alfacar,0,8,9
1119,15/08/2025,24/10/2025,20/08/2025,PIOBIN,15,20,6,21,5,16,22.0,11,"Sánchez Rubio, Elena",1,,1,F,2,6,2,Alfacar,0,11,5
1120,07/02/2024,21/02/2024,12/02/2024,Ponencia: alimentación saludable,20,3,10,41,16,25,6.9,3,"Carmona Morales, Alejandro",1,,1,M,6,,0,Alfacar,0,12,13
1121,04/06/2024,04/06/2024,08/06/2024,Sesión formativa: bienestar emocional,22,4,21,22,9,13,1.7,1,"Ruiz Delgado, Roberto",1,,1,M,2,8,2,Alfacar,0,13,6
1122,19/05/2024,19/05/2024,19/05/2024,Sesión formativa: vacunación,22,27,9,7,2,5,1.1,1,"Carmona Morales, Alejandro",1,,1,M,6,,2,Alfacar,0,13,2
1123,03/04/2024,03/04/2024,05/04/2024,Charla sobre bienestar emocional,0,4,8,25,10,15,1.4,1,"Reyes Serrano, Patricia",1,,1,F,9,,1,Alfacar,0,2,2
1124,01/10/2024,14/01/2025,01/10/2024,PIOBIN,15,7,20,17,5,12,33.6,16,"Cortés Blanco, Rosa",1,,1,F,2,7,1,Alfacar,0,2,10
1125,25/02/2025,25/02/2025,25/02/2025,Mesa informativa: consumo alcohol,19,6,4,12,2,10,1.4,1,"Díaz Guerrero, Pablo",1,,1,M,4,,1,Alfacar,0,14,15
1126,11/10/2025,18/10/2025,13/10/2025,Sesión formativa: vacunación,22,27,9,12,3,9,3.0,2,"Carmona Morales, Alejandro",1,,1,M,6,,1,Alfacar,0,13,7
1127,06/08/2024,29/10/2024,10/08/2024,PSIA,17,15,25,24,1,23,31.2,13,"Sánchez Rubio, Elena",1,,1,F,2,6,1,Alfacar,0,2,0
1128,26/03/2025,02/04/2025,31/03/2025,Reunión coordinación — bienestar emocional,3,4,12,2,1,1,2.0,2,"Carmona Morales, Alejandro",1,,1,M,6,,0,Alfacar,0,14,7
1129,14/01/2025,14/01/2025,18/01/2025,Mesa informativa: tabaco,19,7,21,55,22,33,1.6,1,"Carmona Morales, Alejandro",1,,1,M,6,,1,Alfacar,0,14,12
1130,10/07/2024,31/07/2024,11/07/2024,IAHS,14,11,10,14,5,9,7.6,4,"Ruiz Delgado, Roberto",1,,1,M,2,8,2,Alfacar,0,2,10
1131,07/01/2025,21/01/2025,11/01/2025,Sesión formativa: otras temáticas,22,30,8,14,8,6,3.9,3,"Díaz Guerrero, Pablo",1,,1,M,4,,1,Alfacar,0,3,12
1132,04/08/2024,04/08/2024,08/08/2024,Mesa informativa: otras formas fumar,19,19,21,10,3,7,0.7,1,"Díaz Guerrero, Pablo",1,,1,M,4,,1,Alfacar,0,13,4
1133,22/05/2024,14/08/2024,26/05/2024,Grupo dolor crónico,6,9,8,15,7,8,29.9,13,"Blanco Montero, Inmaculada",1,,1,F,2,7,0,Alfacar,0,10,15
1134,23/04/2025,16/07/2025,28/04/2025,PITA,16,16,22,18,8,10,31.2,13,"Blanco Montero, Inmaculada",1,,1,F,2,7,1,Alfacar,0,11,7
1135,18/06/2024,25/06/2024,19/06/2024,Sesión clínica: consumo alcohol,21,6,11,22,7,15,3.2,2,"Carmona Morales, Alejandro",1,,1,M,6,,2,Alfacar,0,9,1
1136,22/01/2024,22/01/2024,26/01/2024,Ponencia: consumo alcohol,20,6,13,33,16,17,1.9,1,"Carmona Morales, Alejandro",1,,1,M,6,,0,Alfacar,0,14,3
1137,13/03/2024,26/06/2024,15/03/2024,PITA,16,20,13,23,12,11,36.8,16,"Reyes Serrano, Patricia",1,,1,F,9,,0,Alfacar,0,10,8
1138,12/07/2024,16/08/2024,16/07/2024,GRUSE,13,3,11,12,6,6,13.2,6,"Reyes Serrano, Patricia",1,,1,F,9,,0,Alfacar,0,10,4
1139,18/02/2025,13/05/2025,20/02/2025,Rehabilitación cardiaca,9,12,2,24,11,13,26.0,13,"Sánchez Rubio, Elena",1,,1,F,2,6,2,Alfacar,0,12,6
1140,05/05/2025,05/05/2025,07/05/2025,Charla sobre vacunación,0,27,22,59,20,39,0.8,1,"Carmona Morales, Alejandro",1,,1,M,6,,0,Alfacar,1,11,9
1141,11/08/2025,06/10/2025,15/08/2025,Grupo EPOC/asma,8,12,11,25,12,13,15.3,9,"Sánchez Rubio, Elena",1,,1,F,2,6,0,Alfacar,1,2,9
1142,13/07/2024,20/07/2024,17/07/2024,Taller de vacunación,23,27,20,19,4,15,5.2,2,"Carmona Morales, Alejandro",1,,1,M,6,,2,Alfacar,0,11,2
1143,19/10/2025,21/12/2025,19/10/2025,PIOBIN,15,7,23,11,3,8,19.0,10,"Ruiz Delgado, Roberto",1,,1,M,2,8,1,Alfacar,0,5,4
1144,11/09/2024,23/10/2024,16/09/2024,PSIA,17,26,1,14,2,12,14.7,7,"Reyes Serrano, Patricia",1,,1,F,9,,0,Alfacar,0,2,2
1145,15/09/2024,06/10/2024,16/09/2024,Programa educación maternal,11,22,16,12,0,12,9.6,4,"Sánchez Rubio, Elena",1,,1,F,2,6,1,Alfacar,0,5,6
1146,23/04/2025,21/05/2025,23/04/2025,GRUSE,13,22,4,18,9,9,10.0,5,"Reyes Serrano, Patricia",1,,1,F,9,,0,Alfacar,0,3,6
1147,26/03/2024,30/04/2024,30/03/2024,Ponencia: otras temáticas,20,30,22,63,31,32,8.4,6,"Carmona Morales, Alejandro",1,,1,M,6,,2,Alfacar,0,12,2
1148,08/01/2025,09/04/2025,09/01/2025,Rehabilitación respiratoria,10,22,4,19,10,9,33.6,14,"Sánchez Rubio, Elena",1,,1,F,2,6,2,Alfacar,1,7,8
1149,17/06/2024,12/08/2024,18/06/2024,PIOBIN,15,21,9,25,13,12,15.3,9,"Ruiz Delgado, Roberto",1,,1,M,2,8,2,Alfacar,0,6,5
1150,12/07/2024,11/10/2024,17/07/2024,PIOBIN,15,3,20,14,7,7,22.4,14,"Cortés Blanco, Rosa",1,,1,F,2,7,2,Alfacar,1,2,4
1151,10/10/2025,24/10/2025,14/10/2025,Taller de voluntades vitales,23,29,8,30,11,19,6.6,3,"Carmona Morales, Alejandro",1,,1,M,6,,1,Alfacar,0,5,8
1152,19/09/2024,17/10/2024,19/09/2024,IAHS,14,7,19,8,2,6,9.0,5,"Cortés Blanco, Rosa",1,,1,F,2,7,1,Alfacar,0,8,0
1153,20/04/2024,20/04/2024,23/04/2024,Charla sobre lactancia materna,0,15,18,27,15,12,1.2,1,"Cortés Blanco, Rosa",1,,1,F,2,7,2,Alfacar,0,2,4
1154,28/03/2025,11/07/2025,28/03/2025,Programa educación maternal,11,4,5,12,1,11,38.4,16,"Aguilar Moreno, Pedro",1,,2,M,2,1,1,Alhama,0,11,8
1155,08/08/2024,12/09/2024,08/08/2024,Actividad PS: enf. transmisibles,1,9,11,83,45,38,7.2,6,"Suárez Navarro, Juan",1,,2,M,11,,0,Alhama,0,2,0
1156,29/08/2025,29/08/2025,31/08/2025,Mesa informativa: sexualidad,19,24,7,43,18,25,2.0,1,"Cortés Blanco, Nuria",1,,2,F,9,,0,Alhama,0,4,7
1157,02/03/2024,02/03/2024,05/03/2024,Mesa informativa: sexualidad,19,24,24,51,14,37,1.5,1,"Ramos González, Verónica",1,,2,F,13,,0,Alhama,0,3,3
1158,24/09/2025,24/09/2025,28/09/2025,Sesión formativa: consumo alcohol,22,6,21,28,10,18,1.1,1,"Ramos González, Verónica",1,,2,F,13,,2,Alhama,0,11,0
1159,06/08/2025,20/08/2025,09/08/2025,Actividad PS: parentalidad positiva,24,20,12,14,7,7,3.0,3,"Díaz Ortiz, Concepción",1,,2,F,13,,0,Alhama,0,11,4
1160,15/08/2024,29/08/2024,15/08/2024,Sesión formativa: voluntades vitales,22,29,24,27,6,21,5.1,3,"Fuentes Aguilar, Rosa",1,,2,F,2,4,0,Alhama,0,8,9
1161,22/03/2025,19/04/2025,25/03/2025,Grupo dolor crónico,6,22,18,15,7,8,11.5,5,"Fuentes Aguilar, Rosa",1,,2,F,2,4,1,Alhama,0,14,0
1162,17/09/2025,08/10/2025,21/09/2025,Actividad PS: alimentación saludable,24,3,22,36,20,16,5.6,4,"Molina Navarro, Salvador",1,,2,M,15,,0,Alhama,0,8,0
1163,18/09/2025,18/09/2025,21/09/2025,Actividad PS: otras temáticas,1,30,9,28,15,13,2.4,1,"Blanco Cruz, Mario",1,,2,M,10,,0,Alhama,0,3,13
1164,19/01/2024,09/02/2024,22/01/2024,Mapeo de activos: manejo enf. crónicas,18,16,14,32,14,18,4.4,4,"Ramos González, Verónica",1,,2,F,13,,2,Alhama,0,5,9
1165,02/09/2025,07/10/2025,03/09/2025,Taller de alimentación saludable,23,3,18,25,13,12,10.8,6,"Molina Navarro, Salvador",1,,2,M,15,,1,Alhama,1,14,15
1166,29/07/2024,05/08/2024,01/08/2024,Mapeo de activos: enf. transmisibles,18,9,25,21,10,11,3.2,2,"Montero Fernández, Verónica",1,,2,F,11,,2,Alhama,0,7,11
1167,14/05/2024,28/05/2024,19/05/2024,Actividad PS: otras temáticas,24,30,16,28,14,14,4.2,3,"Molina Navarro, Salvador",1,,2,M,15,,2,Alhama,0,0,4
1168,02/01/2025,20/03/2025,04/01/2025,Rehabilitación cardiaca,9,3,5,16,8,8,21.6,12,"Aguilar Moreno, Pedro",1,,2,M,2,1,1,Alhama,0,4,7
1169,25/12/2024,25/12/2024,28/12/2024,Charla sobre bienestar emocional,0,4,10,13,4,9,1.2,1,"Díaz Ortiz, Concepción",1,,2,F,13,,2,Alhama,0,4,8
1170,06/11/2024,06/11/2024,10/11/2024,Sesión formativa: otras temáticas,22,30,6,5,1,4,1.2,1,"Jiménez Espinosa, Diego",1,,2,M,10,,1,Alhama,0,9,9
1171,02/07/2024,06/08/2024,04/07/2024,Ponencia: higiene manos,20,11,14,104,31,73,11.4,6,"Montero Fernández, Verónica",1,,2,F,11,,2,Alhama,0,5,4
1172,12/09/2024,31/10/2024,13/09/2024,Taller de manejo enf. crónicas,23,16,12,24,11,13,19.2,8,"Díaz Rodríguez, Enrique",1,,2,M,2,7,0,Alhama,0,4,10
1173,03/04/2025,10/04/2025,08/04/2025,Ponencia: prev. accidentes,20,21,13,84,19,65,3.8,2,"Blanco Cruz, Mario",1,,2,M,10,,1,Alhama,0,0,11
1174,07/05/2025,28/05/2025,09/05/2025,Actividad PS: bienestar emocional,24,4,13,39,21,18,6.0,4,"Molina Navarro, Salvador",1,,2,M,15,,0,Alhama,0,8,2
1175,20/11/2024,22/01/2025,20/11/2024,Rehabilitación cardiaca,9,15,3,21,13,8,24.0,10,"Fuentes Aguilar, Rosa",1,,2,F,2,4,0,Alhama,0,2,0
1176,21/02/2025,14/03/2025,24/02/2025,Taller de parentalidad positiva,23,20,14,26,9,17,12.0,4,"Ramos González, Verónica",1,,2,F,13,,0,Alhama,0,6,12
1177,08/11/2024,08/11/2024,13/11/2024,Mesa informativa: IRAS,19,14,15,27,8,19,1.4,1,"Montero Fernández, Verónica",1,,2,F,11,,1,Alhama,0,0,14
1178,09/04/2024,09/04/2024,11/04/2024,Mesa informativa: lactancia materna,19,15,11,32,14,18,1.1,1,"Ramos González, Verónica",1,,2,F,13,,0,Alhama,0,9,5
1179,03/05/2024,24/05/2024,06/05/2024,Actividad PS: IRAS,24,14,8,19,9,10,4.4,4,"Montero Fernández, Verónica",1,,2,F,11,,2,Alhama,0,9,4
1180,22/07/2024,22/07/2024,27/07/2024,Sesión clínica: alimentación saludable,21,3,15,14,4,10,1.4,1,"Lara Espinosa, Cristina",1,,2,F,7,,0,Alhama,0,4,4
1181,01/05/2024,08/05/2024,01/05/2024,Actividad PS: prev. accidentes,24,21,22,26,9,17,3.0,2,"Jiménez Espinosa, Diego",1,,2,M,10,,1,Alhama,0,6,0
1182,02/03/2025,02/03/2025,06/03/2025,Actividad PS: envejecimiento,1,10,23,55,28,27,2.4,1,"Jiménez Espinosa, Diego",1,,2,M,10,,0,Alhama,0,4,15
1183,03/12/2024,10/12/2024,03/12/2024,Taller de otras adicciones,23,18,17,22,11,11,4.6,2,"Cortés Blanco, Nuria",1,,2,F,9,,0,Alhama,0,9,12
1184,14/06/2024,28/06/2024,18/06/2024,Ponencia: envejecimiento,20,10,10,83,27,56,4.2,3,"Blanco Cruz, Mario",1,,2,M,10,,1,Alhama,0,14,11
1185,07/03/2025,21/03/2025,10/03/2025,Sesión formativa: voluntades vitales,22,29,13,9,4,5,4.2,3,"Díaz Rodríguez, Enrique",1,,2,M,2,7,1,Alhama,1,1,13
1186,20/09/2024,20/09/2024,25/09/2024,Mesa informativa: consumo alcohol,19,6,3,46,22,24,1.0,1,"Ramos González, Verónica",1,,2,F,13,,0,Alhama,0,8,12
1187,24/03/2024,31/03/2024,25/03/2024,Sesión formativa: alimentación saludable,22,3,20,19,10,9,3.8,2,"Molina Navarro, Salvador",1,,2,M,15,,0,Alhama,0,12,14
1188,09/03/2025,09/03/2025,11/03/2025,Reunión coordinación — manejo enf. crónicas,3,16,15,5,2,3,1.1,1,"Díaz Ortiz, Concepción",1,,2,F,13,,0,Alhama,0,11,0
1189,21/10/2025,04/11/2025,26/10/2025,Actividad PS: enf. transmisibles,1,9,18,52,19,33,5.7,3,"Montero Fernández, Verónica",1,,2,F,11,,1,Alhama,0,12,10
1190,31/12/2025,31/12/2025,31/12/2025,Grupo EPOC/asma,8,22,19,9,4,5,10.0,5,"Fuentes Aguilar, Rosa",1,,2,F,2,4,1,Alhama,1,10,6
1191,09/02/2025,16/03/2025,10/02/2025,Taller de parentalidad positiva,23,20,15,15,3,12,10.8,6,"Díaz Ortiz, Concepción",1,,2,F,13,,1,Alhama,0,6,3
1192,27/01/2024,27/01/2024,27/01/2024,Charla sobre IRAS,0,14,25,53,13,40,1.0,1,"Lara Espinosa, Cristina",1,,2,F,7,,1,Alhama,0,11,13
1193,09/12/2024,13/01/2025,14/12/2024,Ponencia: vacunación,20,27,14,33,11,22,9.6,6,"Montero Fernández, Verónica",1,,2,F,11,,2,Alhama,0,12,10
1194,23/03/2025,04/05/2025,26/03/2025,Rehabilitación respiratoria,10,4,25,20,12,8,14.0,7,"Fuentes Aguilar, Rosa",1,,2,F,2,4,0,Alhama,0,11,0
1195,27/06/2024,01/08/2024,02/07/2024,Grupo cuidadoras,5,20,2,13,4,9,12.0,6,"Fuentes Aguilar, Rosa",1,,2,F,2,4,1,Alhama,0,2,14
1196,27/04/2024,27/04/2024,27/04/2024,Mesa informativa: higiene manos,19,11,5,40,13,27,0.7,1,"Montero Fernández, Verónica",1,,2,F,11,,0,Alhama,0,14,0
1197,27/08/2025,27/08/2025,28/08/2025,Charla sobre prev. accidentes,0,21,11,55,28,27,1.3,1,"Díaz Rodríguez, Enrique",1,,2,M,2,7,2,Alhama,0,10,7
1198,30/07/2025,17/09/2025,03/08/2025,Rehabilitación cardiaca,9,29,25,10,6,4,12.0,8,"Fuentes Aguilar, Rosa",1,,2,F,2,4,2,Alhama,0,2,0
1199,16/10/2024,20/11/2024,18/10/2024,PIOBIN,15,9,7,8,3,5,9.6,6,"Díaz Rodríguez, Enrique",1,,2,M,2,7,2,Alhama,0,0,10
1200,27/04/2024,06/07/2024,02/05/2024,Grupo cuidadoras,5,8,5,17,5,12,20.9,11,"Aguilar Moreno, Pedro",1,,2,M,2,1,0,Alhama,0,3,7
1201,22/07/2025,22/07/2025,27/07/2025,Charla sobre bienestar emocional,0,4,16,23,9,14,1.1,1,"Montero López, Concepción",1,,2,F,8,,0,Alhama,0,11,4
1202,30/03/2024,27/04/2024,04/04/2024,Taller de voluntades vitales,23,29,21,24,7,17,14.0,5,"Aguilar Moreno, Pedro",1,,2,M,2,1,1,Alhama,0,13,12
1203,08/03/2024,22/03/2024,09/03/2024,Taller de parentalidad positiva,23,20,12,21,5,16,8.4,3,"Montero López, Concepción",1,,2,F,8,,2,Alhama,0,14,7
1204,07/04/2024,28/04/2024,08/04/2024,Grupo cuidadoras,5,3,4,11,5,6,8.0,4,"Díaz Rodríguez, Enrique",1,,2,M,2,7,1,Alhama,0,3,5
1205,16/11/2024,16/11/2024,16/11/2024,Mesa informativa: otras temáticas,19,30,3,27,14,13,1.3,1,"Montero Fernández, Verónica",1,,2,F,11,,0,Alhama,0,8,12
1206,05/01/2025,19/01/2025,08/01/2025,Actividad PS: prev. accidentes,24,21,17,11,3,8,4.8,3,"Blanco Cruz, Mario",1,,2,M,10,,0,Alhama,1,13,4
1207,20/10/2024,27/10/2024,23/10/2024,Sesión clínica: act. física,21,1,14,14,3,11,3.0,2,"Lara Espinosa, Cristina",1,,2,F,7,,2,Alhama,0,6,0
1208,07/04/2025,05/05/2025,07/04/2025,Grupo dolor crónico,6,15,19,16,8,8,11.0,5,"Aguilar Moreno, Pedro",1,,2,M,2,1,2,Alhama,0,5,9
1209,04/10/2024,11/10/2024,05/10/2024,Ponencia: sexualidad,20,24,10,97,20,77,4.8,2,"Cortés Blanco, Nuria",1,,2,F,9,,0,Alhama,0,2,15
1210,30/12/2024,30/12/2024,02/01/2025,Sesión formativa: envejecimiento,22,10,10,10,3,7,1.8,1,"Jiménez Espinosa, Diego",1,,2,M,10,,2,Alhama,0,5,2
1211,29/08/2024,29/08/2024,31/08/2024,Sesión formativa: prev. accidentes,22,21,21,25,13,12,1.3,1,"Jiménez Espinosa, Diego",1,,2,M,10,,2,Alhama,0,3,5
1212,28/09/2025,12/10/2025,01/10/2025,Ponencia: vacunación,20,27,9,108,34,74,6.0,3,"Suárez Navarro, Juan",1,,2,M,11,,1,Alhama,1,0,2
1213,01/10/2025,15/10/2025,04/10/2025,Mapeo de activos: conducta suicida,18,5,14,40,10,30,4.2,3,"Ramos González, Verónica",1,,2,F,13,,1,Alhama,0,7,8
1214,25/07/2024,25/07/2024,28/07/2024,Sesión formativa: IRAS,22,14,8,22,12,10,1.7,1,"Montero Fernández, Verónica",1,,2,F,11,,2,Alhama,0,0,11
1215,18/09/2024,18/09/2024,23/09/2024,Reunión coordinación — prev. accidentes,3,21,1,5,2,3,1.8,1,"Fuentes Aguilar, Rosa",1,,2,F,2,4,1,Alhama,0,9,7
1216,03/12/2025,03/12/2025,04/12/2025,Mesa informativa: prev. accidentes,19,21,7,55,16,39,1.8,1,"Suárez Navarro, Juan",1,,2,M,11,,0,Alhama,0,6,5
1217,14/09/2025,28/12/2025,15/09/2025,Grupo cuidadoras,5,14,16,21,6,15,25.6,16,"Lara Espinosa, Cristina",1,,2,F,7,,0,Alhama,0,4,6
1218,08/04/2025,08/04/2025,13/04/2025,Mesa informativa: otras temáticas,19,30,5,32,17,15,1.6,1,"Suárez Navarro, Juan",1,,2,M,11,,2,Alhama,0,0,7
1219,12/11/2025,19/11/2025,16/11/2025,Sesión formativa: otras temáticas,22,30,21,12,5,7,2.0,2,"Montero Fernández, Verónica",1,,2,F,11,,0,Alhama,0,6,3
1220,02/06/2025,02/06/2025,03/06/2025,Mesa informativa: manejo enf. crónicas,19,16,2,38,10,28,1.2,1,"Díaz Ortiz, Concepción",1,,2,F,13,,1,Alhama,0,0,13
1221,11/08/2025,22/09/2025,14/08/2025,PIOBIN,15,15,11,14,7,7,12.6,7,"Aguilar Moreno, Pedro",1,,2,M,2,1,0,Alhama,1,12,2
1222,22/01/2024,22/04/2024,24/01/2024,Grupo dolor crónico,6,4,4,14,3,11,30.8,14,"Fuentes Aguilar, Rosa",1,,2,F,2,4,1,Alhama,0,7,12
1223,30/08/2025,15/11/2025,02/09/2025,PSIA,17,15,25,19,3,16,25.2,12,"Fuentes Aguilar, Rosa",1,,2,F,2,4,1,Alhama,0,7,8
1224,24/11/2025,31/12/2025,27/11/2025,PITA,16,7,18,16,6,10,27.0,15,"Cortés Blanco, Nuria",1,,2,F,9,,1,Alhama,0,10,14
1225,18/07/2025,01/08/2025,22/07/2025,Reunión coordinación — otras temáticas,3,30,8,5,2,3,5.7,3,"Blanco Cruz, Mario",1,,2,M,10,,2,Alhama,0,8,15
1226,24/07/2025,31/07/2025,24/07/2025,Ponencia: sexualidad,20,24,21,59,21,38,2.8,2,"Cortés Blanco, Nuria",1,,2,F,9,,1,Alhama,0,10,3
1227,31/05/2025,05/07/2025,05/06/2025,Taller de consumo alcohol,23,6,21,29,13,16,12.6,6,"Flores Martínez, Lucía",1,,3,F,8,,0,Armilla,0,0,7
1228,03/12/2025,31/12/2025,08/12/2025,Rehabilitación cardiaca,9,22,11,18,12,6,11.0,5,"Fuentes Carmona, Elena",1,,3,F,2,8,0,Armilla,0,12,8
1229,24/04/2025,24/04/2025,24/04/2025,Charla sobre alimentación saludable,0,3,22,25,9,16,1.8,1,"Díaz Montero, Roberto",1,,3,M,14,,1,Armilla,0,9,0
1230,22/02/2024,29/02/2024,22/02/2024,Actividad PS: conducta suicida,24,5,1,36,10,26,2.8,2,"Flores Martínez, Lucía",1,,3,F,8,,1,Armilla,1,14,5
1231,27/08/2024,24/09/2024,31/08/2024,Taller de tabaco,23,7,18,23,11,12,13.5,5,"Hidalgo Cabrera, Concepción",1,,3,F,2,7,2,Armilla,0,11,11
1232,18/06/2025,16/07/2025,21/06/2025,Actividad PS: otras temáticas,1,30,8,23,5,18,8.5,5,"Hernández Rubio, Roberto",1,,3,M,11,,1,Armilla,0,3,12
1233,31/12/2025,31/12/2025,01/01/2026,Grupo cuidadoras,5,14,20,14,7,7,25.5,15,"Delgado Blanco, Laura",1,,3,F,7,,1,Armilla,0,13,4
1234,25/10/2025,31/12/2025,25/10/2025,Grupo cuidadoras,5,20,1,10,3,7,22.4,14,"Delgado Romero, Alberto",1,,3,M,7,,1,Armilla,0,0,11
1235,04/03/2024,04/03/2024,04/03/2024,Charla sobre vacunación,0,27,5,10,3,7,1.0,1,"Delgado Romero, Alberto",1,,3,M,7,,1,Armilla,0,4,5
1236,30/08/2025,06/12/2025,30/08/2025,GRUSE,13,20,17,23,8,15,22.5,15,"Flores Martínez, Lucía",1,,3,F,8,,0,Armilla,1,9,0
1237,19/06/2025,07/08/2025,19/06/2025,PIOBIN,15,29,8,19,7,12,15.2,8,"Pérez Fernández, Sandra",1,,3,F,2,3,0,Armilla,0,1,4
1238,26/07/2025,27/09/2025,28/07/2025,Programa educación maternal,11,21,15,12,1,11,16.0,10,"Castro Aguilar, Carmen",1,,3,F,7,,1,Armilla,0,7,8
1239,28/11/2025,31/12/2025,29/11/2025,Actividad PS: enf. transmisibles,1,9,5,33,10,23,18.0,6,"Hernández Rubio, Roberto",1,,3,M,11,,2,Armilla,0,14,10
1240,08/09/2025,27/10/2025,12/09/2025,Taller de higiene postural,23,12,15,21,10,11,22.4,8,"Aguilar Martínez, Ramón",1,,3,M,2,9,1,Armilla,0,7,7
1241,18/05/2025,22/06/2025,23/05/2025,IAHS,14,4,19,12,4,8,11.4,6,"Fuentes Carmona, Elena",1,,3,F,2,8,1,Armilla,0,7,2
1242,18/07/2024,19/09/2024,19/07/2024,PSIA,17,21,13,12,1,11,19.0,10,"Fuentes Carmona, Elena",1,,3,F,2,8,2,Armilla,0,13,14
1243,25/12/2024,02/04/2025,27/12/2024,GRUSE,13,24,8,15,5,10,24.0,15,"Flores Martínez, Lucía",1,,3,F,8,,1,Armilla,0,6,1
1244,11/10/2025,11/10/2025,13/10/2025,Charla sobre lactancia materna,0,15,9,56,23,33,0.9,1,"Delgado Blanco, Laura",1,,3,F,7,,1,Armilla,1,8,2
1245,26/01/2024,02/02/2024,30/01/2024,Actividad PS: IRAS,1,14,10,75,23,52,3.0,2,"Hernández Rubio, Roberto",1,,3,M,11,,0,Armilla,0,0,2
1246,17/10/2024,31/10/2024,19/10/2024,Sesión formativa: uso medicamento,22,25,24,29,8,21,4.5,3,"Díaz Montero, Roberto",1,,3,M,14,,2,Armilla,0,3,8
1247,18/11/2024,18/11/2024,23/11/2024,Charla sobre vacunación,0,27,13,35,15,20,1.0,1,"Díaz Montero, Roberto",1,,3,M,14,,1,Armilla,0,7,13
1248,09/06/2025,09/06/2025,14/06/2025,Charla sobre higiene postural,0,12,3,11,3,8,1.7,1,"Aguilar Martínez, Ramón",1,,3,M,2,9,0,Armilla,0,3,8
1249,12/12/2024,12/12/2024,13/12/2024,Sesión clínica: enf. transmisibles,21,9,5,7,2,5,1.6,1,"Delgado Romero, Alberto",1,,3,M,7,,2,Armilla,0,13,13
1250,17/01/2024,31/01/2024,21/01/2024,Sesión formativa: violencia género,22,28,15,14,7,7,3.6,3,"Flores Martínez, Lucía",1,,3,F,8,,1,Armilla,0,0,12
1251,21/03/2025,13/06/2025,23/03/2025,Rehabilitación respiratoria,10,16,13,23,15,8,29.9,13,"Pérez Fernández, Sandra",1,,3,F,2,3,1,Armilla,0,6,15
1252,05/02/2025,05/02/2025,08/02/2025,Sesión clínica: uso medicamento,21,25,24,18,8,10,1.9,1,"Díaz Montero, Roberto",1,,3,M,14,,1,Armilla,0,13,14
1253,06/11/2024,08/01/2025,08/11/2024,Programa educación maternal,11,14,21,23,4,19,23.0,10,"Delgado Romero, Alberto",1,,3,M,7,,0,Armilla,0,1,2
1254,07/05/2025,28/05/2025,12/05/2025,Programa educación maternal,11,21,3,19,4,15,8.4,4,"Castro Aguilar, Carmen",1,,3,F,7,,2,Armilla,0,2,4
1255,25/05/2024,25/05/2024,29/05/2024,Mesa informativa: vacunación,19,27,13,39,14,25,0.6,1,"Hernández Rubio, Roberto",1,,3,M,11,,0,Armilla,0,2,11
1256,25/06/2025,25/06/2025,26/06/2025,Mesa informativa: parentalidad positiva,19,20,16,16,3,13,0.8,1,"Delgado Romero, Alberto",1,,3,M,7,,1,Armilla,0,2,2
1257,31/07/2025,13/11/2025,04/08/2025,Grupo EPOC/asma,8,20,19,23,12,11,25.6,16,"Hidalgo Fuentes, María",1,,3,F,2,1,2,Armilla,0,10,9
1258,15/01/2025,29/01/2025,15/01/2025,Sesión formativa: lactancia materna,22,15,8,17,8,9,5.1,3,"Delgado Blanco, Laura",1,,3,F,7,,1,Armilla,0,0,7
1259,26/03/2024,23/04/2024,31/03/2024,Grupo diabetológico,7,15,16,21,11,10,8.0,5,"Blanco Medina, Irene",1,,3,F,2,3,0,Armilla,0,10,15
1260,26/07/2025,27/09/2025,29/07/2025,PSIA,17,27,1,12,1,11,24.0,10,"Blanco Medina, Irene",1,,3,F,2,3,2,Armilla,1,4,12
1261,20/11/2024,04/12/2024,22/11/2024,Sesión clínica: act. física,21,1,13,25,8,17,3.9,3,"Delgado Romero, Alberto",1,,3,M,7,,1,Armilla,0,0,12
1262,09/11/2024,30/11/2024,10/11/2024,Taller de voluntades vitales,23,29,11,22,6,16,11.2,4,"Flores Martínez, Lucía",1,,3,F,8,,1,Armilla,0,0,8
1263,23/09/2024,23/09/2024,28/09/2024,Mapeo de activos: vacunación,18,27,25,31,12,19,1.8,1,"Hernández Rubio, Roberto",1,,3,M,11,,2,Armilla,0,6,15
1264,24/04/2025,03/07/2025,29/04/2025,PITA,16,9,9,15,7,8,19.8,11,"Blanco Medina, Irene",1,,3,F,2,3,2,Armilla,0,0,0
1265,04/07/2025,04/07/2025,06/07/2025,Actividad PS: bienestar emocional,24,4,17,27,9,18,1.9,1,"Flores Martínez, Lucía",1,,3,F,8,,0,Armilla,0,7,10
1266,04/06/2024,09/07/2024,08/06/2024,Taller de act. física,23,1,19,21,11,10,13.8,6,"Delgado Romero, Alberto",1,,3,M,7,,2,Armilla,0,6,13
1267,26/06/2025,14/08/2025,27/06/2025,PSIA,17,22,24,11,1,10,13.6,8,"Pérez Fernández, Sandra",1,,3,F,2,3,0,Armilla,0,0,3
1268,06/07/2024,21/09/2024,09/07/2024,IAHS,14,27,19,19,9,10,20.4,12,"Delgado Romero, Alberto",1,,3,M,7,,2,Armilla,0,14,0
1269,27/02/2024,16/04/2024,01/03/2024,PITA,16,12,13,16,5,11,20.0,8,"Fuentes Carmona, Elena",1,,3,F,2,8,1,Armilla,0,3,15
1270,18/05/2024,18/05/2024,20/05/2024,Sesión clínica: bienestar emocional,21,4,8,28,6,22,1.4,1,"Castro Aguilar, Carmen",1,,3,F,7,,0,Armilla,0,14,7
1271,31/01/2025,04/04/2025,02/02/2025,Rehabilitación respiratoria,10,27,12,25,12,13,20.0,10,"Hidalgo Cabrera, Concepción",1,,3,F,2,7,2,Armilla,0,8,10
1272,06/11/2025,13/11/2025,06/11/2025,Sesión formativa: IRAS,22,14,17,30,7,23,3.4,2,"Hernández Rubio, Roberto",1,,3,M,11,,1,Armilla,1,8,8
1273,29/01/2024,18/03/2024,29/01/2024,Taller de tabaco,23,7,15,24,11,13,20.8,8,"Hidalgo Fuentes, María",1,,3,F,2,1,2,Armilla,0,12,0
1274,01/04/2024,08/04/2024,03/04/2024,Sesión formativa: prev. accidentes,22,21,14,22,7,15,3.0,2,"Castro Aguilar, Carmen",1,,3,F,7,,1,Armilla,0,5,13
1275,18/04/2025,01/08/2025,18/04/2025,IAHS,14,29,3,17,4,13,35.2,16,"Blanco Medina, Irene",1,,3,F,2,3,0,Armilla,0,3,1
1276,25/11/2025,02/12/2025,25/11/2025,Sesión formativa: lactancia materna,22,15,17,5,1,4,3.6,2,"Delgado Romero, Alberto",1,,3,M,7,,1,Armilla,0,0,9
1277,03/04/2024,17/07/2024,05/04/2024,Programa educación maternal,11,27,16,8,1,7,28.8,16,"Pérez Fernández, Sandra",1,,3,F,2,3,1,Armilla,0,9,1
1278,08/11/2024,08/11/2024,08/11/2024,Sesión clínica: prev. accidentes,21,21,6,19,10,9,1.9,1,"Delgado Blanco, Laura",1,,3,F,7,,0,Armilla,0,14,4
1279,17/08/2024,30/11/2024,21/08/2024,Grupo EPOC/asma,8,10,25,13,5,8,32.0,16,"Aguilar Martínez, Ramón",1,,3,M,2,9,2,Armilla,0,2,7
1280,05/11/2025,26/11/2025,08/11/2025,PITA,16,29,16,10,4,6,8.0,4,"Fuentes Carmona, Elena",1,,3,F,2,8,2,Armilla,0,0,4
1281,07/06/2024,16/08/2024,08/06/2024,IAHS,14,9,12,21,9,12,26.4,11,"Pérez Fernández, Sandra",1,,3,F,2,3,1,Armilla,0,11,1
1282,10/11/2024,29/12/2024,11/11/2024,Taller de parentalidad positiva,23,20,16,23,7,16,20.8,8,"Delgado Blanco, Laura",1,,3,F,7,,0,Armilla,0,10,11
1283,01/11/2024,17/01/2025,06/11/2024,PITA,16,6,18,22,5,17,25.2,12,"Hidalgo Cabrera, Concepción",1,,3,F,2,7,2,Armilla,0,1,13
1284,26/06/2024,03/07/2024,30/06/2024,Reunión coordinación — envejecimiento,3,10,8,5,3,2,3.8,2,"Blanco Medina, Irene",1,,3,F,2,3,2,Armilla,0,14,0
1285,20/04/2024,08/06/2024,21/04/2024,Taller de alimentación saludable,23,3,19,15,7,8,22.4,8,"Díaz Montero, Roberto",1,,3,M,14,,1,Armilla,0,2,5
1286,03/01/2025,24/01/2025,08/01/2025,Taller de uso medicamento,23,25,2,17,6,11,8.8,4,"Díaz Montero, Roberto",1,,3,M,14,,1,Armilla,0,14,14
1287,21/10/2025,16/12/2025,25/10/2025,Programa educación maternal,11,21,2,15,3,12,14.4,9,"Hidalgo Cabrera, Concepción",1,,3,F,2,7,0,Armilla,0,2,4
1288,24/08/2024,30/11/2024,24/08/2024,Programa educación maternal,11,15,19,25,3,22,27.0,15,"Delgado Blanco, Laura",1,,3,F,7,,1,Armilla,0,6,0
1289,20/03/2024,12/06/2024,24/03/2024,PSIA,17,20,10,20,2,18,28.6,13,"Aguilar Martínez, Ramón",1,,3,M,2,9,2,Armilla,0,8,2
1290,16/08/2025,16/08/2025,17/08/2025,Reunión coordinación — voluntades vitales,3,29,7,4,2,2,1.8,1,"Flores Martínez, Lucía",1,,3,F,8,,2,Armilla,0,1,4
1291,10/07/2025,16/10/2025,10/07/2025,Grupo EPOC/asma,8,15,8,23,11,12,24.0,15,"Pérez Fernández, Sandra",1,,3,F,2,3,1,Armilla,0,6,14
1292,09/05/2025,23/05/2025,10/05/2025,Taller de dolor crónico,23,8,7,11,3,8,6.3,3,"Hidalgo Fuentes, María",1,,3,F,2,1,0,Armilla,0,2,9
1293,07/08/2024,07/08/2024,07/08/2024,Charla sobre alimentación saludable,0,3,10,36,15,21,1.3,1,"Pérez Fernández, Sandra",1,,3,F,2,3,2,Armilla,0,10,4
1294,12/08/2025,04/11/2025,16/08/2025,GRUSE,13,29,8,12,5,7,28.6,13,"Flores Martínez, Lucía",1,,3,F,8,,2,Armilla,0,10,13
1295,31/01/2025,16/05/2025,05/02/2025,Grupo cuidadoras,5,21,20,8,4,4,28.8,16,"Castro Aguilar, Carmen",1,,3,F,7,,2,Armilla,0,11,3
1296,12/03/2024,23/04/2024,13/03/2024,Taller de enf. transmisibles,23,9,7,17,8,9,18.9,7,"Delgado Blanco, Laura",1,,3,F,7,,2,Armilla,0,11,7
1297,18/11/2024,23/12/2024,18/11/2024,Ponencia: higiene manos,20,11,20,29,13,16,7.8,6,"Hernández Rubio, Roberto",1,,3,M,11,,1,Armilla,0,0,2
1298,02/09/2024,14/10/2024,06/09/2024,PIOBIN,15,20,1,20,5,15,11.2,7,"Aguilar Martínez, Ramón",1,,3,M,2,9,1,Armilla,0,1,8
1299,24/01/2025,14/03/2025,29/01/2025,Taller de alimentación saludable,23,3,1,28,10,18,19.2,8,"Díaz Montero, Roberto",1,,3,M,14,,2,Armilla,1,1,6
1300,16/01/2025,27/02/2025,20/01/2025,Programa educación maternal,11,9,11,14,3,11,12.6,7,"Blanco Medina, Irene",1,,3,F,2,3,2,Armilla,0,10,9
1301,16/11/2024,08/02/2025,20/11/2024,Rehabilitación respiratoria,10,8,2,14,7,7,27.3,13,"Blanco Medina, Irene",1,,3,F,2,3,1,Armilla,0,14,5
1302,16/08/2024,16/08/2024,17/08/2024,Charla sobre vacunación,0,27,17,50,17,33,1.7,1,"Delgado Romero, Alberto",1,,3,M,7,,0,Armilla,0,2,12
1303,15/02/2025,01/03/2025,15/02/2025,Reunión coordinación — voluntades vitales,3,29,5,6,3,3,4.8,3,"Cruz Morales, Isabel",1,,4,F,2,8,2,Atarfe,1,3,6
1304,01/03/2025,03/05/2025,02/03/2025,PITA,16,9,7,22,8,14,23.0,10,"Cruz Morales, Isabel",1,,4,F,2,8,2,Atarfe,1,8,0
1305,27/09/2024,15/11/2024,27/09/2024,Taller de consumo alcohol,23,6,2,17,9,8,21.6,8,"Domínguez González, Irene",1,,4,F,2,9,0,Atarfe,1,8,6
1306,06/08/2024,19/11/2024,11/08/2024,Grupo dolor crónico,6,29,1,18,7,11,35.2,16,"Cruz Martínez, Raquel",1,,4,F,2,2,2,Atarfe,1,13,0
1307,23/02/2024,19/04/2024,27/02/2024,GRUSE,13,20,1,13,4,9,16.2,9,"Flores Hernández, Carmen",1,,4,F,8,,2,Atarfe,1,4,2
1308,02/06/2025,30/06/2025,06/06/2025,Ponencia: vacunación,20,27,20,90,43,47,13.0,5,"González Martínez, Silvia",1,,4,F,6,,2,Atarfe,1,4,8
1309,03/12/2025,31/12/2025,06/12/2025,PITA,16,20,11,13,5,8,19.2,12,"Cruz Martínez, Raquel",1,,4,F,2,2,2,Atarfe,1,8,5
1310,29/10/2024,19/11/2024,31/10/2024,Reunión coordinación — primeros auxilios,3,22,15,4,2,2,4.4,4,"Medina Ortiz, Sandra",1,,4,F,5,,2,Atarfe,1,0,7
1311,02/06/2024,01/09/2024,02/06/2024,IAHS,14,29,13,23,9,14,32.2,14,"Domínguez González, Irene",1,,4,F,2,9,1,Atarfe,1,10,7
1312,22/08/2024,22/08/2024,26/08/2024,Charla sobre voluntades vitales,0,29,19,56,17,39,1.3,1,"Flores Hernández, Carmen",1,,4,F,8,,1,Atarfe,1,9,6
1313,13/09/2024,13/09/2024,17/09/2024,Reunión coordinación — otras adicciones,3,18,8,4,1,3,1.9,1,"Flores Hernández, Carmen",1,,4,F,8,,0,Atarfe,1,6,9
1314,17/09/2024,08/10/2024,17/09/2024,Actividad PS: voluntades vitales,4,29,21,20,5,15,7.6,4,"González Martínez, Silvia",1,,4,F,6,,0,Atarfe,1,1,11
1315,22/11/2025,31/12/2025,27/11/2025,Grupo dolor crónico,6,1,9,23,11,12,14.4,8,"Medina Ortiz, Sandra",1,,4,F,5,,2,Atarfe,1,13,3
1316,09/02/2025,20/04/2025,10/02/2025,Rehabilitación cardiaca,9,6,17,8,6,2,27.5,11,"Cruz Martínez, Raquel",1,,4,F,2,2,2,Atarfe,1,1,2
1317,05/01/2024,16/02/2024,10/01/2024,Rehabilitación respiratoria,10,8,17,17,9,8,17.5,7,"Medina Ortiz, Sandra",1,,4,F,5,,0,Atarfe,1,3,2
1318,29/05/2024,29/05/2024,30/05/2024,Reunión coordinación — otras temáticas,3,30,11,10,4,6,1.4,1,"González Domínguez, Rocío",1,,4,F,6,,2,Atarfe,1,7,0
1319,29/03/2024,29/03/2024,29/03/2024,Charla sobre alimentación saludable,0,3,11,19,4,15,0.7,1,"González Martínez, Silvia",1,,4,F,6,,2,Atarfe,1,0,13
1320,06/09/2025,06/09/2025,10/09/2025,Reunión coordinación — higiene manos,3,11,20,5,1,4,1.8,1,"Domínguez González, Irene",1,,4,F,2,9,1,Atarfe,1,4,14
1321,12/02/2025,05/03/2025,13/02/2025,GRUSE,13,24,4,21,10,11,6.0,4,"Flores Hernández, Carmen",1,,4,F,8,,0,Atarfe,1,6,4
1322,04/02/2025,11/03/2025,08/02/2025,PITA,16,27,1,14,5,9,11.4,6,"Cruz Morales, Isabel",1,,4,F,2,8,2,Atarfe,1,0,11
1323,09/08/2024,23/08/2024,13/08/2024,Sesión clínica: tabaco,21,7,18,17,5,12,3.6,3,"González Domínguez, Rocío",1,,4,F,6,,1,Atarfe,1,4,4
1324,01/07/2025,14/10/2025,03/07/2025,GRUSE,13,4,14,19,8,11,33.6,16,"Flores Hernández, Carmen",1,,4,F,8,,2,Atarfe,1,3,15
1325,15/01/2024,22/01/2024,17/01/2024,Actividad PS: uso medicamento,4,25,16,26,7,19,2.2,2,"González Domínguez, Rocío",1,,4,F,6,,1,Atarfe,1,10,7
1326,16/07/2025,30/07/2025,19/07/2025,Reunión coordinación — parentalidad positiva,3,20,13,7,3,4,5.7,3,"Cruz Martínez, Raquel",1,,4,F,2,2,2,Atarfe,1,9,6
1327,06/05/2025,06/05/2025,08/05/2025,Charla sobre voluntades vitales,0,29,11,21,10,11,0.5,1,"Flores Hernández, Carmen",1,,4,F,8,,1,Atarfe,1,0,4
1328,16/09/2024,16/12/2024,20/09/2024,Grupo dolor crónico,6,15,6,24,10,14,23.8,14,"Cruz Martínez, Raquel",1,,4,F,2,2,0,Atarfe,1,8,11
1329,20/06/2024,20/06/2024,20/06/2024,Sesión clínica: act. física,21,1,13,17,5,12,1.1,1,"González Martínez, Silvia",1,,4,F,6,,1,Atarfe,1,1,15
1330,30/08/2024,30/08/2024,02/09/2024,Charla sobre violencia género,0,28,12,42,20,22,1.9,1,"Hernández Morales, Rocío",1,,4,F,8,,0,Atarfe,1,11,3
1331,07/01/2025,14/01/2025,10/01/2025,Sesión formativa: tabaco,22,7,14,24,13,11,3.0,2,"Cruz Morales, Isabel",1,,4,F,2,8,2,Atarfe,1,2,15
1332,29/05/2024,31/07/2024,29/05/2024,Rehabilitación cardiaca,9,16,16,9,6,3,16.0,10,"Domínguez González, Irene",1,,4,F,2,9,0,Atarfe,1,10,13
1333,27/03/2025,05/06/2025,31/03/2025,PIOBIN,15,29,18,17,5,12,20.9,11,"Domínguez González, Irene",1,,4,F,2,9,1,Atarfe,1,10,10
1334,04/03/2024,13/05/2024,08/03/2024,PSIA,17,11,17,15,2,13,22.0,11,"Domínguez González, Irene",1,,4,F,2,9,0,Atarfe,1,12,9
1335,14/09/2025,19/10/2025,18/09/2025,IAHS,14,1,1,24,13,11,10.2,6,"Cruz Martínez, Raquel",1,,4,F,2,2,2,Atarfe,1,2,5
1336,03/04/2025,24/04/2025,08/04/2025,Reunión coordinación — consumo alcohol,3,6,24,5,1,4,5.2,4,"Flores Hernández, Carmen",1,,4,F,8,,0,Atarfe,1,6,11
1337,14/02/2024,14/02/2024,16/02/2024,Sesión formativa: conducta suicida,22,5,18,25,12,13,1.3,1,"Flores Hernández, Carmen",1,,4,F,8,,1,Atarfe,1,2,5
1338,27/12/2025,31/12/2025,01/01/2026,Rehabilitación respiratoria,10,29,7,12,8,4,20.0,10,"Cruz Morales, Isabel",1,,4,F,2,8,0,Atarfe,1,2,14
1339,29/06/2025,29/06/2025,03/07/2025,Sesión formativa: violencia género,22,28,2,25,7,18,1.5,1,"Flores Hernández, Carmen",1,,4,F,8,,1,Atarfe,1,10,1
1340,03/05/2025,14/06/2025,08/05/2025,Grupo diabetológico,7,8,22,19,6,13,14.0,7,"Domínguez González, Irene",1,,4,F,2,9,1,Atarfe,1,11,15
1341,18/04/2025,02/05/2025,22/04/2025,Actividad PS: bienestar emocional,4,4,12,9,4,5,5.4,3,"González Domínguez, Rocío",1,,4,F,6,,0,Atarfe,1,12,0
1342,18/07/2025,17/10/2025,21/07/2025,GRUSE,13,5,15,10,5,5,25.2,14,"Flores Hernández, Carmen",1,,4,F,8,,0,Atarfe,1,10,8
1343,24/03/2025,26/05/2025,29/03/2025,Grupo cuidadoras,5,21,9,15,8,7,21.0,10,"Cruz Morales, Isabel",1,,4,F,2,8,2,Atarfe,1,4,4
1344,11/02/2025,18/02/2025,16/02/2025,Sesión formativa: otras adicciones,22,18,16,14,3,11,3.0,2,"Hernández Morales, Rocío",1,,4,F,8,,1,Atarfe,1,6,3
1345,02/08/2024,11/10/2024,06/08/2024,Rehabilitación respiratoria,10,29,9,11,6,5,25.3,11,"Cruz Morales, Isabel",1,,4,F,2,8,2,Atarfe,1,6,8
1346,19/12/2024,16/01/2025,20/12/2024,Taller de otras adicciones,23,18,19,29,8,21,11.5,5,"Flores Hernández, Carmen",1,,4,F,8,,1,Atarfe,1,3,8
1347,12/03/2025,12/03/2025,17/03/2025,Reunión coordinación — tabaco,3,7,8,4,2,2,1.2,1,"González Martínez, Silvia",1,,4,F,6,,1,Atarfe,1,5,3
1348,10/10/2025,21/11/2025,10/10/2025,Taller de voluntades vitales,23,29,24,16,4,12,11.9,7,"Flores Hernández, Carmen",1,,4,F,8,,1,Atarfe,1,1,9
1349,19/04/2025,10/05/2025,24/04/2025,Reunión coordinación — consumo alcohol,3,6,1,6,3,3,5.6,4,"González Domínguez, Rocío",1,,4,F,6,,1,Atarfe,1,1,5
1350,25/01/2025,08/02/2025,28/01/2025,Reunión coordinación — tabaco,3,7,10,5,2,3,6.0,3,"González Domínguez, Rocío",1,,4,F,6,,1,Atarfe,1,1,0
1351,08/10/2024,05/11/2024,08/10/2024,Taller de dolor crónico,23,8,14,10,3,7,13.5,5,"Medina Ortiz, Sandra",1,,4,F,5,,2,Atarfe,1,2,10
1352,22/06/2024,06/07/2024,23/06/2024,Sesión formativa: manejo enf. crónicas,22,16,24,6,3,3,3.0,3,"Cruz Martínez, Raquel",1,,4,F,2,2,2,Atarfe,1,13,0
1353,20/08/2024,17/09/2024,23/08/2024,Rehabilitación respiratoria,10,16,17,25,15,10,10.5,5,"Cruz Morales, Isabel",1,,4,F,2,8,1,Atarfe,1,13,9
1354,09/05/2024,30/05/2024,12/05/2024,Actividad PS: tabaco,24,7,20,31,10,21,7.2,4,"González Domínguez, Rocío",1,,4,F,6,,0,Atarfe,1,11,2
1355,10/09/2024,01/10/2024,14/09/2024,PIOBIN,15,3,6,19,6,13,7.2,4,"Cruz Martínez, Raquel",1,,4,F,2,2,1,Atarfe,1,3,14
1356,06/07/2025,19/10/2025,09/07/2025,Rehabilitación cardiaca,9,1,7,12,7,5,28.8,16,"Cruz Martínez, Raquel",1,,4,F,2,2,1,Atarfe,1,8,11
1357,10/02/2024,16/03/2024,15/02/2024,PIOBIN,15,10,21,24,8,16,13.2,6,"Cruz Martínez, Raquel",1,,4,F,2,2,2,Atarfe,1,0,11
1358,02/12/2024,06/01/2025,07/12/2024,Grupo dolor crónico,6,9,23,19,5,14,11.4,6,"Cruz Martínez, Raquel",1,,4,F,2,2,2,Atarfe,1,9,9
1359,30/04/2025,07/05/2025,05/05/2025,Sesión formativa: prev. accidentes,22,21,21,17,6,11,2.6,2,"Cruz Martínez, Raquel",1,,4,F,2,2,2,Atarfe,1,9,1
1360,25/08/2024,01/09/2024,25/08/2024,Actividad PS: otras adicciones,24,18,19,28,8,20,3.0,2,"Hernández Morales, Rocío",1,,4,F,8,,1,Atarfe,1,11,7
1361,09/06/2025,14/07/2025,13/06/2025,Taller de consumo alcohol,23,6,25,17,6,11,10.8,6,"Hernández Morales, Rocío",1,,4,F,8,,1,Atarfe,1,6,10
1362,23/04/2025,23/04/2025,24/04/2025,Actividad PS: otras temáticas,24,30,23,17,6,11,1.5,1,"González Martínez, Silvia",1,,4,F,6,,1,Atarfe,1,1,14
1363,22/02/2024,22/02/2024,27/02/2024,Actividad PS: voluntades vitales,24,29,6,30,13,17,1.4,1,"Hernández Morales, Rocío",1,,4,F,8,,0,Atarfe,1,10,6
1364,11/09/2025,02/10/2025,13/09/2025,Reunión coordinación — act. física,3,1,25,3,1,2,6.8,4,"Medina Ortiz, Sandra",1,,4,F,5,,2,Atarfe,1,0,1
1365,05/12/2025,31/12/2025,07/12/2025,GRUSE,13,4,14,19,5,14,26.0,13,"Flores Hernández, Carmen",1,,4,F,8,,2,Atarfe,1,2,6
1366,19/09/2024,19/09/2024,20/09/2024,Charla sobre otras adicciones,0,18,21,43,21,22,1.1,1,"Flores Hernández, Carmen",1,,4,F,8,,0,Atarfe,1,2,2
1367,14/04/2025,05/05/2025,15/04/2025,Reunión coordinación — incontinencia,3,13,9,6,2,4,6.0,4,"Medina Ortiz, Sandra",1,,4,F,5,,0,Atarfe,1,7,5
1368,12/02/2024,12/02/2024,17/02/2024,Charla sobre prev. accidentes,0,21,11,52,24,28,1.2,1,"Medina Ortiz, Sandra",1,,4,F,5,,2,Atarfe,1,14,0
1369,08/08/2025,21/11/2025,08/08/2025,GRUSE,13,29,14,24,7,17,27.2,16,"Hernández Morales, Rocío",1,,4,F,8,,1,Atarfe,1,1,14
1370,21/05/2024,20/08/2024,23/05/2024,Rehabilitación respiratoria,10,10,12,22,11,11,29.4,14,"Cruz Morales, Isabel",1,,4,F,2,8,2,Atarfe,1,12,6
1371,12/03/2024,18/06/2024,13/03/2024,Grupo dolor crónico,6,13,13,17,8,9,25.5,15,"Medina Ortiz, Sandra",1,,4,F,5,,2,Atarfe,1,11,9
1372,06/11/2025,06/11/2025,06/11/2025,Charla sobre voluntades vitales,0,29,15,26,12,14,1.3,1,"Flores Hernández, Carmen",1,,4,F,8,,1,Atarfe,1,3,1
1373,05/12/2024,19/12/2024,07/12/2024,Reunión coordinación — manejo enf. crónicas,3,16,23,4,1,3,3.0,3,"Cruz Martínez, Raquel",1,,4,F,2,2,2,Atarfe,1,7,0
1374,09/04/2025,04/06/2025,12/04/2025,Rehabilitación cardiaca,9,1,19,24,13,11,18.0,9,"Domínguez González, Irene",1,,4,F,2,9,2,Atarfe,1,3,11
1375,25/02/2024,25/02/2024,01/03/2024,Mesa informativa: uso medicamento,19,25,21,35,12,23,0.8,1,"González Domínguez, Rocío",1,,4,F,6,,0,Atarfe,1,8,5
1376,20/11/2025,11/12/2025,25/11/2025,Taller de tabaco,23,7,8,30,11,19,7.2,4,"Domínguez González, Irene",1,,4,F,2,9,1,Atarfe,1,12,4
1377,22/02/2025,08/03/2025,25/02/2025,Ponencia: uso medicamento,20,25,5,64,26,38,7.5,3,"González Martínez, Silvia",1,,4,F,6,,2,Atarfe,1,3,13
1378,11/09/2025,11/09/2025,16/09/2025,Sesión clínica: uso medicamento,21,25,25,19,9,10,1.8,1,"González Domínguez, Rocío",1,,4,F,6,,0,Atarfe,1,7,3
1379,13/07/2025,27/07/2025,18/07/2025,Reunión coordinación — voluntades vitales,3,29,15,3,1,2,5.7,3,"González Domínguez, Rocío",1,,4,F,6,,2,Atarfe,1,4,6
1380,01/04/2025,01/04/2025,02/04/2025,Charla sobre violencia género,0,28,16,51,23,28,1.0,1,"Delgado Hidalgo, María",1,,5,F,13,,0,Cenes,0,3,10
1381,28/03/2025,30/05/2025,01/04/2025,PIOBIN,15,7,18,15,4,11,24.0,10,"Carmona Domínguez, Sandra",1,,5,F,2,1,1,Cenes,0,3,0
1382,08/04/2024,22/07/2024,09/04/2024,GRUSE,13,14,22,21,10,11,25.6,16,"Delgado Hidalgo, María",1,,5,F,13,,0,Cenes,0,13,5
1383,13/01/2024,20/01/2024,13/01/2024,Sesión formativa: lactancia materna,22,15,23,5,2,3,2.4,2,"Suárez Serrano, Mónica",1,,5,F,2,8,2,Cenes,0,1,4
1384,28/11/2024,23/01/2025,03/12/2024,IAHS,14,1,5,13,5,8,18.0,9,"Delgado Vargas, Óscar",1,,5,M,9,,2,Cenes,0,9,2
1385,28/09/2025,05/10/2025,28/09/2025,Reunión coordinación — manejo enf. crónicas,3,16,25,10,5,5,3.2,2,"Carmona Suárez, Virginia",1,,5,F,4,,2,Cenes,0,1,8
1386,30/09/2024,06/01/2025,02/10/2024,PIOBIN,15,16,12,14,4,10,24.0,15,"Castro Ortiz, Rocío",1,,5,F,2,2,1,Cenes,0,8,6
1387,15/03/2024,17/05/2024,15/03/2024,Rehabilitación respiratoria,10,20,3,10,7,3,24.0,10,"Vargas Suárez, Virginia",1,,5,F,2,4,2,Cenes,0,5,12
1388,20/05/2025,20/05/2025,25/05/2025,Charla sobre lactancia materna,0,15,2,52,16,36,0.7,1,"Delgado Hidalgo, María",1,,5,F,13,,2,Cenes,0,5,7
1389,27/07/2024,10/08/2024,31/07/2024,Sesión clínica: otras formas fumar,21,19,1,14,3,11,4.8,3,"Carmona Suárez, Virginia",1,,5,F,4,,0,Cenes,0,4,6
1390,14/08/2024,27/11/2024,17/08/2024,Grupo cuidadoras,5,27,6,10,4,6,25.6,16,"Suárez Serrano, Mónica",1,,5,F,2,8,1,Cenes,1,6,6
1391,26/12/2025,31/12/2025,28/12/2025,Ponencia: sexualidad,20,24,25,77,39,38,8.8,4,"Delgado Vargas, Óscar",1,,5,M,9,,2,Cenes,0,1,12
1392,18/08/2025,18/08/2025,19/08/2025,Reunión coordinación — tabaco,3,7,2,2,1,1,1.8,1,"Carmona Domínguez, Sandra",1,,5,F,2,1,1,Cenes,0,0,11
1393,18/06/2025,27/08/2025,21/06/2025,Grupo EPOC/asma,8,29,24,16,4,12,18.7,11,"Vargas Suárez, Virginia",1,,5,F,2,4,1,Cenes,0,11,14
1394,31/07/2025,31/07/2025,01/08/2025,Reunión coordinación — envejecimiento,3,10,19,9,4,5,1.4,1,"Carmona Domínguez, Sandra",1,,5,F,2,1,0,Cenes,0,8,1
1395,22/10/2025,31/12/2025,27/10/2025,Grupo dolor crónico,6,29,25,9,3,6,37.5,15,"Vargas Suárez, Virginia",1,,5,F,2,4,1,Cenes,0,6,11
1396,26/03/2024,26/03/2024,26/03/2024,Reunión coordinación — otras adicciones,3,18,1,2,1,1,1.4,1,"Ruiz Torres, Cristina",1,,5,F,8,,2,Cenes,0,10,13
1397,19/10/2024,19/10/2024,19/10/2024,Charla sobre uso medicamento,0,25,23,54,22,32,0.6,1,"Carmona Suárez, Virginia",1,,5,F,4,,0,Cenes,0,6,9
1398,11/06/2024,25/06/2024,12/06/2024,Sesión formativa: parentalidad positiva,22,20,16,12,5,7,3.9,3,"Hidalgo Aguilar, Pilar",1,,5,F,2,2,0,Cenes,1,6,11
1399,12/03/2024,16/04/2024,12/03/2024,Taller de IRAS,23,14,23,20,11,9,10.8,6,"Delgado Hidalgo, María",1,,5,F,13,,0,Cenes,0,5,7
1400,25/02/2024,31/03/2024,25/02/2024,Rehabilitación cardiaca,9,3,5,8,5,3,9.0,6,"Suárez Serrano, Mónica",1,,5,F,2,8,0,Cenes,0,0,0
1401,09/01/2025,24/04/2025,11/01/2025,GRUSE,13,5,16,24,13,11,36.8,16,"Ruiz Torres, Cristina",1,,5,F,8,,0,Cenes,0,3,8
1402,02/03/2025,02/03/2025,04/03/2025,Charla sobre IRAS,0,14,6,38,16,22,1.2,1,"Serrano Medina, Patricia",1,,5,F,13,,0,Cenes,0,5,6
1403,01/04/2024,01/04/2024,03/04/2024,Mapeo de activos: sexualidad,18,24,4,19,10,9,1.6,1,"Delgado Hidalgo, María",1,,5,F,13,,1,Cenes,0,4,5
1404,19/03/2024,07/05/2024,20/03/2024,Taller de consumo alcohol,23,6,7,29,9,20,22.4,8,"Díaz Torres, Isabel",1,,5,F,8,,0,Cenes,0,4,9
1405,03/06/2024,03/06/2024,08/06/2024,Charla sobre bienestar emocional,0,4,25,44,15,29,0.7,1,"Delgado Hidalgo, María",1,,5,F,13,,0,Cenes,0,14,0
1406,05/08/2024,05/08/2024,07/08/2024,Sesión formativa: salud bucodental,22,23,19,26,14,12,1.4,1,"Delgado Vargas, Óscar",1,,5,M,9,,1,Cenes,0,6,8
1407,30/09/2025,30/09/2025,02/10/2025,Sesión formativa: lactancia materna,22,15,1,28,12,16,1.7,1,"Serrano Medina, Patricia",1,,5,F,13,,2,Cenes,0,7,9
1408,30/06/2024,14/07/2024,05/07/2024,Reunión coordinación — higiene manos,3,11,2,6,3,3,4.2,3,"Hidalgo Aguilar, Pilar",1,,5,F,2,2,0,Cenes,0,4,5
1409,29/01/2025,29/01/2025,03/02/2025,Charla sobre tabaco,0,7,24,23,5,18,1.6,1,"Castro Ortiz, Rocío",1,,5,F,2,2,1,Cenes,0,3,9
1410,14/11/2025,21/11/2025,19/11/2025,Sesión formativa: act. física,22,1,8,14,7,7,3.2,2,"Vargas Suárez, Virginia",1,,5,F,2,4,0,Cenes,0,0,10
1411,11/06/2024,18/06/2024,16/06/2024,Sesión clínica: consumo alcohol,21,6,3,24,10,14,3.2,2,"Castro Vega, Isabel",1,,5,F,6,,0,Cenes,0,10,7
1412,16/10/2025,23/10/2025,18/10/2025,Sesión formativa: alimentación saludable,22,3,25,8,2,6,3.2,2,"Carmona Domínguez, Sandra",1,,5,F,2,1,2,Cenes,0,1,13
1413,16/10/2024,16/10/2024,16/10/2024,Charla sobre IRAS,0,14,25,16,8,8,1.9,1,"Serrano Medina, Patricia",1,,5,F,13,,2,Cenes,0,5,10
1414,08/07/2024,26/08/2024,11/07/2024,Taller de act. física,23,1,18,15,7,8,21.6,8,"Aguilar Gutiérrez, Enrique",1,,5,M,5,,0,Cenes,0,9,6
1415,21/09/2024,21/09/2024,25/09/2024,Actividad PS: violencia género,24,28,16,16,4,12,1.7,1,"Díaz Torres, Isabel",1,,5,F,8,,2,Cenes,0,6,5
1416,28/04/2025,26/05/2025,02/05/2025,Grupo diabetológico,7,27,21,13,6,7,9.0,5,"Suárez Serrano, Mónica",1,,5,F,2,8,2,Cenes,0,7,6
1417,25/11/2024,23/12/2024,26/11/2024,Taller de parentalidad positiva,23,20,17,10,3,7,11.5,5,"Díaz Torres, Isabel",1,,5,F,8,,0,Cenes,0,9,8
1418,02/03/2024,02/03/2024,02/03/2024,Mesa informativa: vacunación,19,27,3,54,11,43,1.2,1,"Carmona Suárez, Virginia",1,,5,F,4,,0,Cenes,0,2,13
1419,19/08/2025,26/08/2025,20/08/2025,Sesión formativa: alimentación saludable,22,3,11,29,6,23,2.4,2,"Castro Vega, Isabel",1,,5,F,6,,2,Cenes,0,12,4
1420,05/09/2024,19/09/2024,10/09/2024,Reunión coordinación — uso medicamento,3,25,15,7,2,5,3.3,3,"Carmona Suárez, Virginia",1,,5,F,4,,0,Cenes,0,10,6
1421,28/11/2024,28/11/2024,02/12/2024,Actividad PS: bienestar emocional,24,4,8,12,5,7,1.2,1,"Ruiz Torres, Cristina",1,,5,F,8,,1,Cenes,0,2,8
1422,22/04/2025,20/05/2025,27/04/2025,PSIA,17,29,12,22,2,20,8.0,5,"Hidalgo Aguilar, Pilar",1,,5,F,2,2,2,Cenes,0,9,1
1423,04/06/2025,16/07/2025,08/06/2025,IAHS,14,1,19,21,5,16,13.3,7,"Delgado Vargas, Óscar",1,,5,M,9,,1,Cenes,0,5,15
1424,03/01/2025,17/01/2025,07/01/2025,Sesión formativa: sexualidad,22,24,22,16,4,12,5.4,3,"Delgado Hidalgo, María",1,,5,F,13,,1,Cenes,0,6,2
1425,08/07/2024,29/07/2024,11/07/2024,GRUSE,13,24,16,15,6,9,7.6,4,"Delgado Hidalgo, María",1,,5,F,13,,1,Cenes,0,12,6
1426,01/06/2024,22/06/2024,01/06/2024,PIOBIN,15,2,20,9,4,5,8.0,4,"Delgado Vargas, Óscar",1,,5,M,9,,0,Cenes,0,13,11
1427,28/08/2024,11/09/2024,28/08/2024,Sesión formativa: prev. accidentes,22,21,10,28,9,19,3.9,3,"Delgado Vargas, Óscar",1,,5,M,9,,2,Cenes,0,1,0
1428,17/01/2025,31/01/2025,17/01/2025,Mapeo de activos: violencia género,18,28,4,11,4,7,3.3,3,"Serrano Medina, Patricia",1,,5,F,13,,0,Cenes,0,6,12
1429,03/02/2024,10/02/2024,07/02/2024,Taller de parentalidad positiva,23,20,4,22,10,12,4.0,2,"Serrano Medina, Patricia",1,,5,F,13,,2,Cenes,0,14,10
1430,11/06/2025,13/08/2025,13/06/2025,Grupo EPOC/asma,8,3,4,21,6,15,20.0,10,"Suárez Serrano, Mónica",1,,5,F,2,8,2,Cenes,0,0,6
1431,26/06/2024,10/07/2024,01/07/2024,Reunión coordinación — conducta suicida,3,5,5,2,1,1,4.2,3,"Serrano Medina, Patricia",1,,5,F,13,,1,Cenes,1,7,14
1432,14/02/2024,13/03/2024,15/02/2024,Programa educación maternal,11,29,18,16,3,13,9.0,5,"Vargas Suárez, Virginia",1,,5,F,2,4,0,Cenes,0,1,15
1433,25/01/2025,03/05/2025,30/01/2025,IAHS,14,21,15,21,12,9,31.5,15,"Carmona Domínguez, Sandra",1,,5,F,2,1,1,Cenes,0,5,2
1434,21/07/2025,21/07/2025,26/07/2025,Charla sobre sexualidad,0,24,7,20,11,9,1.6,1,"Delgado Hidalgo, María",1,,5,F,13,,2,Cenes,0,11,10
1435,30/01/2025,06/03/2025,01/02/2025,Grupo EPOC/asma,8,12,19,24,10,14,10.8,6,"Aguilar Gutiérrez, Enrique",1,,5,M,5,,1,Cenes,1,12,11
1436,26/04/2024,05/07/2024,01/05/2024,Rehabilitación respiratoria,10,7,20,11,6,5,19.8,11,"Castro Ortiz, Rocío",1,,5,F,2,2,2,Cenes,0,8,15
1437,28/04/2024,11/08/2024,03/05/2024,PITA,16,11,11,19,7,12,35.2,16,"Suárez Serrano, Mónica",1,,5,F,2,8,2,Cenes,0,10,6
1438,15/03/2024,29/03/2024,17/03/2024,Reunión coordinación — otras adicciones,3,18,4,10,5,5,3.3,3,"Díaz Torres, Isabel",1,,5,F,8,,1,Cenes,0,1,5
1439,07/02/2024,14/02/2024,12/02/2024,Taller de prev. accidentes,23,21,19,12,5,7,3.0,2,"Cortés Lara, Sandra",1,,5,F,2,3,2,Cenes,0,12,8
1440,21/04/2024,05/05/2024,23/04/2024,Sesión clínica: tabaco,21,7,4,13,5,8,6.0,3,"Carmona Suárez, Virginia",1,,5,F,4,,2,Cenes,1,6,14
1441,15/08/2024,15/08/2024,20/08/2024,Reunión coordinación — dolor crónico,3,8,1,6,3,3,1.0,1,"Cortés Lara, Sandra",1,,5,F,2,3,1,Cenes,0,4,7
1442,14/01/2025,18/02/2025,18/01/2025,Rehabilitación respiratoria,10,27,19,15,8,7,10.8,6,"Hidalgo Aguilar, Pilar",1,,5,F,2,2,0,Cenes,0,1,11
1443,14/04/2024,28/04/2024,19/04/2024,Sesión formativa: manejo enf. crónicas,22,16,18,8,3,5,3.6,3,"Serrano Medina, Patricia",1,,5,F,13,,0,Cenes,0,12,15
1444,08/05/2024,29/05/2024,09/05/2024,Rehabilitación respiratoria,10,8,20,14,8,6,9.2,4,"Carmona Domínguez, Sandra",1,,5,F,2,1,2,Cenes,0,4,13
1445,13/08/2025,13/08/2025,17/08/2025,Charla sobre lactancia materna,0,15,21,60,22,38,0.9,1,"Suárez Serrano, Mónica",1,,5,F,2,8,1,Cenes,0,13,9
1446,26/03/2024,16/04/2024,30/03/2024,Taller de consumo alcohol,23,6,8,23,5,18,8.8,4,"Delgado Vargas, Óscar",1,,5,M,9,,1,Cenes,0,10,9
1447,05/08/2025,05/08/2025,05/08/2025,Mesa informativa: conducta suicida,19,5,21,22,9,13,1.0,1,"Serrano Medina, Patricia",1,,5,F,13,,0,Cenes,0,7,7
1448,13/04/2024,01/06/2024,17/04/2024,IAHS,14,3,13,24,6,18,14.4,8,"Cortés Lara, Sandra",1,,5,F,2,3,0,Cenes,0,14,11
1449,16/11/2025,28/12/2025,18/11/2025,PIOBIN,15,9,23,14,7,7,17.5,7,"Vargas Suárez, Virginia",1,,5,F,2,4,1,Cenes,0,1,14
1450,15/07/2024,29/07/2024,19/07/2024,Actividad PS: bienestar emocional,24,4,20,16,8,8,5.1,3,"Serrano Medina, Patricia",1,,5,F,13,,1,Cenes,0,12,2
1451,23/03/2025,27/04/2025,24/03/2025,Grupo cuidadoras,5,22,4,15,6,9,14.4,6,"Cortés Lara, Sandra",1,,5,F,2,3,0,Cenes,0,8,3
1452,02/12/2025,02/12/2025,03/12/2025,Mesa informativa: salud bucodental,19,23,20,32,14,18,1.8,1,"Delgado Vargas, Óscar",1,,5,M,9,,1,Cenes,0,14,10
1453,28/01/2025,28/01/2025,28/01/2025,Sesión formativa: incontinencia,22,13,1,30,12,18,1.8,1,"Aguilar Gutiérrez, Enrique",1,,5,M,5,,0,Cenes,0,11,9
1454,18/11/2025,02/12/2025,23/11/2025,Actividad PS: parentalidad positiva,24,20,18,18,6,12,3.0,3,"Díaz Torres, Isabel",1,,5,F,8,,1,Cenes,0,14,14
1455,12/06/2024,31/07/2024,12/06/2024,GRUSE,13,15,14,25,14,11,12.8,8,"Serrano Medina, Patricia",1,,5,F,13,,2,Cenes,0,7,11
1456,10/08/2025,24/08/2025,10/08/2025,Taller de consumo alcohol,23,6,12,17,5,12,4.8,3,"Delgado Hidalgo, María",1,,5,F,13,,0,Cenes,0,6,8
1457,17/06/2024,17/06/2024,18/06/2024,Charla sobre sexualidad,0,24,2,59,28,31,1.3,1,"Díaz Torres, Isabel",1,,5,F,8,,2,Cenes,0,1,11
1458,11/02/2024,31/03/2024,16/02/2024,PIOBIN,15,6,12,25,14,11,12.0,8,"Delgado Vargas, Óscar",1,,5,M,9,,0,Cenes,0,6,7
1459,25/01/2024,08/02/2024,30/01/2024,Sesión clínica: vacunación,21,27,18,9,3,6,3.0,3,"Cruz Fernández, Sofía",1,,6,F,6,,1,Churriana,0,9,9
1460,14/08/2025,21/08/2025,18/08/2025,Sesión clínica: salud bucodental,21,23,14,27,6,21,3.0,2,"Cabrera Ortiz, Sergio",1,,6,M,14,,0,Churriana,0,10,11
1461,24/01/2024,24/01/2024,24/01/2024,Mesa informativa: vacunación,19,27,7,38,21,17,0.9,1,"Espinosa Ortiz, Miguel",1,,6,M,7,,2,Churriana,0,4,4
1462,11/11/2025,25/11/2025,13/11/2025,Sesión formativa: uso medicamento,22,25,1,19,8,11,3.9,3,"Cabrera Ortiz, Sergio",1,,6,M,14,,1,Churriana,0,12,3
1463,15/03/2024,29/03/2024,20/03/2024,Reunión coordinación — voluntades vitales,3,29,4,9,4,5,4.8,3,"González Vargas, Tomás",1,,6,M,6,,2,Churriana,0,5,15
1464,30/05/2024,13/06/2024,04/06/2024,Actividad PS: act. física,4,1,11,40,15,25,5.4,3,"Cruz Fernández, Sofía",1,,6,F,6,,2,Churriana,1,8,3
1465,22/09/2024,29/09/2024,22/09/2024,Sesión formativa: parentalidad positiva,22,20,19,14,4,10,3.6,2,"Espinosa Ortiz, Miguel",1,,6,M,7,,2,Churriana,0,11,5
1466,22/04/2025,22/04/2025,27/04/2025,Mesa informativa: tabaco,19,7,16,28,10,18,1.4,1,"González Vargas, Tomás",1,,6,M,6,,2,Churriana,0,8,8
1467,08/05/2024,08/05/2024,13/05/2024,Charla sobre otras temáticas,0,30,25,44,14,30,1.1,1,"Cruz Fernández, Sofía",1,,6,F,6,,0,Churriana,0,13,9
1468,29/04/2025,29/04/2025,03/05/2025,Mesa informativa: uso medicamento,19,25,11,18,7,11,1.1,1,"Cabrera Ortiz, Sergio",1,,6,M,14,,2,Churriana,0,9,13
1469,31/08/2025,21/09/2025,02/09/2025,Taller de salud bucodental,23,23,24,18,8,10,8.4,4,"Cabrera Ortiz, Sergio",1,,6,M,14,,0,Churriana,0,5,5
1470,17/09/2024,17/09/2024,17/09/2024,Actividad PS: vacunación,4,27,14,37,20,17,1.1,1,"Cruz Fernández, Sofía",1,,6,F,6,,2,Churriana,1,7,15
1471,27/11/2025,31/12/2025,28/11/2025,Taller de bienestar emocional,23,4,13,25,13,12,15.0,6,"Cruz Fernández, Sofía",1,,6,F,6,,0,Churriana,0,8,1
1472,13/08/2025,10/09/2025,14/08/2025,Ponencia: sexualidad,20,24,5,83,37,46,14.5,5,"Torres Lara, Roberto",1,,6,M,9,,2,Churriana,0,14,6
1473,22/09/2024,22/09/2024,26/09/2024,Sesión clínica: uso medicamento,21,25,5,30,15,15,1.8,1,"Cabrera Ortiz, Sergio",1,,6,M,14,,1,Churriana,0,0,8
1474,04/11/2024,02/12/2024,09/11/2024,PSIA,17,6,17,23,1,22,7.5,5,"Torres Lara, Roberto",1,,6,M,9,,2,Churriana,0,0,7
1475,24/10/2025,14/11/2025,28/10/2025,IAHS,14,3,22,17,4,13,10.0,4,"Montero Delgado, Carmen",1,,6,F,7,,2,Churriana,0,14,7
1476,30/09/2025,30/09/2025,30/09/2025,Mesa informativa: lactancia materna,19,15,12,50,26,24,1.5,1,"Montero Delgado, Carmen",1,,6,F,7,,2,Churriana,0,1,15
1477,08/05/2024,03/07/2024,13/05/2024,Programa educación maternal,11,29,24,24,2,22,20.7,9,"García Cabrera, Verónica",1,,6,F,2,4,0,Churriana,0,14,5
1478,15/07/2025,29/07/2025,17/07/2025,Sesión clínica: salud bucodental,21,23,10,28,11,17,3.3,3,"Cabrera Ortiz, Sergio",1,,6,M,14,,1,Churriana,0,9,13
1479,13/04/2025,20/04/2025,17/04/2025,Sesión clínica: uso medicamento,21,25,14,10,2,8,2.8,2,"Cabrera Ortiz, Sergio",1,,6,M,14,,2,Churriana,0,8,1
1480,08/08/2024,15/08/2024,13/08/2024,Sesión formativa: uso medicamento,22,25,22,24,10,14,2.8,2,"González Vargas, Tomás",1,,6,M,6,,2,Churriana,0,7,15
1481,06/04/2024,18/05/2024,11/04/2024,Grupo cuidadoras,5,20,9,17,6,11,11.9,7,"Montero Delgado, Carmen",1,,6,F,7,,1,Churriana,0,3,6
1482,18/09/2024,02/10/2024,23/09/2024,Sesión clínica: salud bucodental,21,23,23,12,6,6,4.5,3,"Cabrera Ortiz, Sergio",1,,6,M,14,,1,Churriana,0,3,10
1483,09/06/2025,16/06/2025,11/06/2025,Sesión formativa: alimentación saludable,22,3,10,5,2,3,2.6,2,"Cruz Fernández, Sofía",1,,6,F,6,,2,Churriana,0,10,8
1484,23/09/2024,21/10/2024,23/09/2024,Taller de tabaco,23,7,2,23,7,16,15.0,5,"Cruz Fernández, Sofía",1,,6,F,6,,0,Churriana,1,9,5
1485,11/01/2024,15/02/2024,14/01/2024,PSIA,17,22,5,11,2,9,12.0,6,"Torres Lara, Roberto",1,,6,M,9,,2,Churriana,0,9,5
1486,06/10/2025,13/10/2025,08/10/2025,Sesión formativa: otras temáticas,22,30,5,20,8,12,2.2,2,"Torres Lara, Roberto",1,,6,M,9,,0,Churriana,0,11,8
1487,29/02/2024,29/02/2024,02/03/2024,Charla sobre alimentación saludable,0,3,8,20,10,10,2.0,1,"Espinosa Ortiz, Miguel",1,,6,M,7,,1,Churriana,0,12,9
1488,31/03/2024,31/03/2024,04/04/2024,Charla sobre salud bucodental,0,23,4,59,28,31,0.5,1,"Cabrera Ortiz, Sergio",1,,6,M,14,,0,Churriana,0,2,10
1489,13/12/2024,31/01/2025,18/12/2024,Grupo cuidadoras,5,12,22,23,8,15,16.8,8,"García Cabrera, Verónica",1,,6,F,2,4,0,Churriana,0,11,2
1490,06/05/2025,17/06/2025,10/05/2025,Taller de act. física,23,1,7,20,11,9,14.7,7,"González Vargas, Tomás",1,,6,M,6,,1,Churriana,0,14,2
1491,27/09/2024,18/10/2024,29/09/2024,Ponencia: bienestar emocional,20,4,2,98,20,78,4.4,4,"Cruz Fernández, Sofía",1,,6,F,6,,0,Churriana,0,13,2
1492,12/01/2025,02/02/2025,15/01/2025,Taller de vacunación,23,27,11,22,7,15,9.2,4,"Espinosa Ortiz, Miguel",1,,6,M,7,,1,Churriana,0,7,11
1493,13/05/2025,27/05/2025,15/05/2025,Sesión formativa: vacunación,22,27,16,5,2,3,4.5,3,"Montero Delgado, Carmen",1,,6,F,7,,0,Churriana,0,4,13
1494,11/09/2024,11/09/2024,11/09/2024,Mesa informativa: uso medicamento,19,25,24,20,9,11,1.0,1,"González Vargas, Tomás",1,,6,M,6,,1,Churriana,0,1,4
1495,04/07/2024,04/07/2024,09/07/2024,Sesión formativa: otras temáticas,22,30,8,21,8,13,1.8,1,"Cruz Fernández, Sofía",1,,6,F,6,,2,Churriana,0,5,0
1496,22/01/2025,30/04/2025,22/01/2025,PITA,16,23,2,19,8,11,34.5,15,"Torres Lara, Roberto",1,,6,M,9,,2,Churriana,0,10,10
1497,16/02/2025,25/05/2025,17/02/2025,Programa educación maternal,11,27,13,25,3,22,36.0,15,"Montero Delgado, Carmen",1,,6,F,7,,1,Churriana,0,12,10
1498,09/01/2024,12/03/2024,11/01/2024,Grupo cuidadoras,5,14,7,25,12,13,20.0,10,"Espinosa Ortiz, Miguel",1,,6,M,7,,1,Churriana,0,3,13
1499,02/12/2024,02/12/2024,06/12/2024,Sesión formativa: salud bucodental,22,23,18,18,9,9,1.6,1,"Cabrera Ortiz, Sergio",1,,6,M,14,,1,Churriana,0,14,3
1500,15/07/2024,15/07/2024,16/07/2024,Actividad PS: consumo alcohol,4,6,11,39,20,19,1.2,1,"Cruz Fernández, Sofía",1,,6,F,6,,2,Churriana,0,4,9
1501,18/08/2024,25/08/2024,21/08/2024,Taller de alimentación saludable,23,3,22,26,8,18,5.8,2,"González Vargas, Tomás",1,,6,M,6,,2,Churriana,0,3,9
1502,21/06/2024,05/07/2024,24/06/2024,Sesión clínica: bienestar emocional,21,4,2,26,11,15,6.0,3,"Montero Delgado, Carmen",1,,6,F,7,,0,Churriana,0,3,7
1503,06/11/2025,13/11/2025,08/11/2025,Sesión formativa: uso medicamento,22,25,17,20,7,13,3.2,2,"González Vargas, Tomás",1,,6,M,6,,0,Churriana,0,8,7
1504,05/02/2025,05/02/2025,09/02/2025,Sesión formativa: uso TRICs,22,26,2,13,4,9,1.6,1,"Torres Lara, Roberto",1,,6,M,9,,0,Churriana,0,10,5
1505,22/01/2024,22/01/2024,27/01/2024,Actividad PS: uso medicamento,24,25,6,14,5,9,1.9,1,"González Vargas, Tomás",1,,6,M,6,,0,Churriana,0,7,5
1506,24/04/2025,17/07/2025,25/04/2025,PITA,16,3,10,22,7,15,29.9,13,"Torres Lara, Roberto",1,,6,M,9,,2,Churriana,0,5,2
1507,09/05/2025,20/06/2025,10/05/2025,Taller de uso medicamento,23,25,4,18,7,11,18.2,7,"Cabrera Ortiz, Sergio",1,,6,M,14,,1,Churriana,0,0,14
1508,01/10/2024,07/01/2025,05/10/2024,GRAFA,12,21,3,20,4,16,28.5,15,"Torres Lara, Roberto",1,,6,M,9,,0,Churriana,0,1,3
1509,29/05/2025,10/07/2025,31/05/2025,Taller de sexualidad,23,24,1,18,10,8,19.6,7,"Torres Lara, Roberto",1,,6,M,9,,2,Churriana,0,2,1
1510,28/03/2025,11/04/2025,01/04/2025,Sesión formativa: enf. transmisibles,22,9,7,11,5,6,3.3,3,"Espinosa Ortiz, Miguel",1,,6,M,7,,1,Churriana,0,8,4
1511,23/09/2025,14/10/2025,24/09/2025,Actividad PS: alimentación saludable,4,3,21,31,11,20,4.4,4,"González Vargas, Tomás",1,,6,M,6,,2,Churriana,0,7,9
1512,12/08/2024,12/08/2024,17/08/2024,Mesa informativa: IRAS,19,14,20,52,11,41,1.9,1,"Montero Delgado, Carmen",1,,6,F,7,,2,Churriana,0,8,5
1513,19/01/2025,26/01/2025,22/01/2025,Sesión formativa: prev. accidentes,22,21,1,23,8,15,2.4,2,"Montero Delgado, Carmen",1,,6,F,7,,0,Churriana,0,5,3
1514,26/03/2025,16/04/2025,31/03/2025,Grupo cuidadoras,5,6,23,17,6,11,6.8,4,"García Cabrera, Verónica",1,,6,F,2,4,1,Churriana,0,6,2
1515,07/03/2024,21/03/2024,07/03/2024,Ponencia: vacunación,20,27,4,43,18,25,6.0,3,"Cruz Fernández, Sofía",1,,6,F,6,,0,Churriana,0,11,4
1516,03/04/2025,22/05/2025,08/04/2025,IAHS,14,27,11,16,6,10,19.2,8,"Espinosa Ortiz, Miguel",1,,6,M,7,,1,Churriana,0,1,6
1517,05/11/2024,10/12/2024,05/11/2024,Ponencia: activos salud,20,2,18,110,46,64,6.6,6,"Torres Lara, Roberto",1,,6,M,9,,1,Churriana,0,10,5
1518,15/06/2025,15/06/2025,20/06/2025,Charla sobre parentalidad positiva,0,20,11,51,21,30,1.7,1,"Espinosa Ortiz, Miguel",1,,6,M,7,,0,Churriana,0,4,11
1519,19/02/2024,19/02/2024,24/02/2024,Charla sobre voluntades vitales,0,29,16,19,4,15,1.3,1,"González Vargas, Tomás",1,,6,M,6,,0,Churriana,0,14,5
1520,12/06/2025,12/06/2025,17/06/2025,Sesión clínica: enf. transmisibles,21,9,3,26,5,21,1.1,1,"Espinosa Ortiz, Miguel",1,,6,M,7,,2,Churriana,0,2,14
1521,19/06/2024,10/07/2024,24/06/2024,Reunión coordinación — enf. transmisibles,3,9,4,6,1,5,5.2,4,"García Cabrera, Verónica",1,,6,F,2,4,1,Churriana,0,5,2
1522,27/10/2025,27/10/2025,31/10/2025,Actividad PS: vacunación,4,27,14,39,17,22,1.1,1,"Cruz Fernández, Sofía",1,,6,F,6,,1,Churriana,0,6,7
1523,10/09/2024,05/11/2024,11/09/2024,Grupo diabetológico,7,20,3,21,7,14,15.3,9,"García Cabrera, Verónica",1,,6,F,2,4,0,Churriana,0,10,11
1524,18/02/2025,18/02/2025,20/02/2025,Charla sobre otras temáticas,0,30,1,15,5,10,1.6,1,"González Vargas, Tomás",1,,6,M,6,,1,Churriana,0,4,14
1525,02/06/2025,02/06/2025,06/06/2025,Charla sobre uso medicamento,0,25,13,29,7,22,1.1,1,"González Vargas, Tomás",1,,6,M,6,,2,Churriana,0,3,2
1526,04/09/2025,13/11/2025,05/09/2025,PITA,16,30,9,16,5,11,18.7,11,"Torres Lara, Roberto",1,,6,M,9,,0,Churriana,0,9,14
1527,05/03/2024,26/03/2024,08/03/2024,Taller de alimentación saludable,23,3,3,12,5,7,11.6,4,"Cabrera Ortiz, Sergio",1,,6,M,14,,2,Churriana,1,8,0
1528,11/03/2024,11/03/2024,12/03/2024,Mesa informativa: bienestar emocional,19,4,3,21,11,10,1.2,1,"Espinosa Ortiz, Miguel",1,,6,M,7,,0,Churriana,0,0,6
1529,04/04/2025,18/04/2025,06/04/2025,Mapeo de activos: primeros auxilios,18,22,16,16,7,9,4.5,3,"Torres Lara, Roberto",1,,6,M,9,,1,Churriana,1,3,5
1530,04/07/2025,04/07/2025,06/07/2025,Charla sobre parentalidad positiva,0,20,6,49,13,36,0.7,1,"Espinosa Ortiz, Miguel",1,,6,M,7,,0,Churriana,0,6,5
1531,20/06/2025,11/07/2025,21/06/2025,IAHS,14,4,14,19,9,10,8.4,4,"Espinosa Ortiz, Miguel",1,,6,M,7,,2,Churriana,0,10,15
1532,19/02/2025,05/03/2025,19/02/2025,Sesión formativa: vacunación,22,27,8,19,4,15,3.3,3,"Cabrera Ortiz, Sergio",1,,6,M,14,,1,Churriana,0,4,15
1533,27/06/2024,01/08/2024,29/06/2024,Taller de alimentación saludable,23,3,23,29,15,14,13.8,6,"Cabrera Ortiz, Sergio",1,,6,M,14,,2,Churriana,0,2,3
1534,10/09/2025,24/09/2025,13/09/2025,Sesión formativa: prev. accidentes,22,21,17,9,3,6,4.5,3,"García Cabrera, Verónica",1,,6,F,2,4,2,Churriana,0,0,12
1535,03/07/2025,03/07/2025,05/07/2025,Charla sobre manejo enf. crónicas,0,16,12,39,12,27,1.1,1,"González Vargas, Tomás",1,,6,M,6,,2,Churriana,0,3,2
1536,24/12/2024,31/12/2024,29/12/2024,Sesión clínica: alimentación saludable,21,3,8,15,7,8,3.0,2,"Cruz Fernández, Sofía",1,,6,F,6,,2,Churriana,1,4,13
1537,17/05/2025,17/05/2025,18/05/2025,Reunión coordinación — envejecimiento,3,10,7,7,1,6,1.6,1,"García Cabrera, Verónica",1,,6,F,2,4,2,Churriana,0,2,5
1538,27/08/2025,12/11/2025,29/08/2025,Grupo cuidadoras,5,22,5,13,6,7,19.2,12,"Castro Fuentes, Rocío",1,,7,F,2,5,0,Huétor-Tájar,1,6,2
1539,21/06/2025,19/07/2025,25/06/2025,Grupo cuidadoras,5,4,12,21,7,14,11.5,5,"García Díaz, Irene",1,,7,F,2,2,2,Huétor-Tájar,1,3,14
1540,04/07/2024,04/07/2024,07/07/2024,Mesa informativa: bienestar emocional,19,4,16,56,20,36,0.8,1,"Hernández Morales, Dolores",1,,7,F,6,,0,Huétor-Tájar,1,9,7
1541,09/11/2025,31/12/2025,14/11/2025,PSIA,17,8,18,17,0,17,13.5,9,"Medina Aguilar, Mercedes",1,,7,F,2,9,1,Huétor-Tájar,1,4,1
1542,27/07/2024,27/07/2024,29/07/2024,Sesión formativa: vacunación,22,27,21,6,2,4,1.9,1,"Blanco Navarro, Patricia",1,,7,F,14,,0,Huétor-Tájar,1,0,6
1543,26/02/2025,09/04/2025,03/03/2025,Grupo EPOC/asma,8,8,2,18,9,9,12.6,7,"Ramos Cabrera, Raquel",1,,7,F,2,5,2,Huétor-Tájar,1,1,14
1544,22/07/2025,19/08/2025,25/07/2025,Taller de parentalidad positiva,23,20,7,16,5,11,14.5,5,"Medina Aguilar, Mercedes",1,,7,F,2,9,1,Huétor-Tájar,1,7,14
1545,27/04/2025,27/04/2025,27/04/2025,Sesión clínica: uso medicamento,21,25,17,29,11,18,1.9,1,"Blanco Navarro, Patricia",1,,7,F,14,,0,Huétor-Tájar,1,5,13
1546,19/04/2025,10/05/2025,20/04/2025,PSIA,17,2,22,22,2,20,7.6,4,"Vargas Jiménez, Silvia",1,,7,F,9,,1,Huétor-Tájar,1,3,3
1547,01/07/2025,14/10/2025,05/07/2025,Programa educación maternal,11,6,13,19,4,15,30.4,16,"Castro Fuentes, Rocío",1,,7,F,2,5,1,Huétor-Tájar,1,3,9
1548,21/11/2024,09/01/2025,21/11/2024,Rehabilitación cardiaca,9,11,9,25,12,13,15.2,8,"Medina Aguilar, Mercedes",1,,7,F,2,9,1,Huétor-Tájar,1,5,11
1549,15/09/2025,08/12/2025,15/09/2025,PITA,16,22,25,12,6,6,22.1,13,"Ramos Cabrera, Raquel",1,,7,F,2,5,1,Huétor-Tájar,1,6,1
1550,23/12/2025,23/12/2025,24/12/2025,Sesión formativa: tabaco,22,7,5,23,12,11,1.8,1,"Ramos Cabrera, Raquel",1,,7,F,2,5,0,Huétor-Tájar,1,3,6
1551,11/02/2024,25/02/2024,11/02/2024,Sesión formativa: alimentación saludable,22,3,3,5,1,4,5.4,3,"Blanco Navarro, Patricia",1,,7,F,14,,0,Huétor-Tájar,1,10,10
1552,15/08/2025,17/10/2025,15/08/2025,Grupo diabetológico,7,6,24,9,4,5,24.0,10,"García Díaz, Irene",1,,7,F,2,2,1,Huétor-Tájar,1,4,1
1553,12/01/2024,12/04/2024,13/01/2024,Programa educación maternal,11,11,17,10,1,9,29.4,14,"Castro Fuentes, Rocío",1,,7,F,2,5,1,Huétor-Tájar,1,3,12
1554,01/08/2024,22/08/2024,02/08/2024,Reunión coordinación — tabaco,3,7,15,5,2,3,5.2,4,"Medina Aguilar, Mercedes",1,,7,F,2,9,1,Huétor-Tájar,1,0,2
1555,22/11/2025,20/12/2025,27/11/2025,Taller de enf. transmisibles,23,9,9,15,5,10,10.5,5,"Ramos Cabrera, Raquel",1,,7,F,2,5,0,Huétor-Tájar,1,0,4
1556,21/01/2025,25/03/2025,24/01/2025,PIOBIN,15,6,4,20,6,14,20.0,10,"Castro Fuentes, Rocío",1,,7,F,2,5,2,Huétor-Tájar,1,1,12
1557,21/12/2025,31/12/2025,26/12/2025,Grupo EPOC/asma,8,12,23,19,5,14,23.4,13,"Gutiérrez Medina, Elena",1,,7,F,2,2,2,Huétor-Tájar,1,13,7
1558,16/02/2025,06/04/2025,18/02/2025,IAHS,14,10,21,12,4,8,15.2,8,"Medina Aguilar, Mercedes",1,,7,F,2,9,1,Huétor-Tájar,1,4,7
1559,18/05/2025,01/06/2025,18/05/2025,Taller de salud bucodental,23,23,5,24,6,18,6.9,3,"Blanco Navarro, Patricia",1,,7,F,14,,0,Huétor-Tájar,1,9,2
1560,12/03/2024,11/06/2024,14/03/2024,PSIA,17,1,6,12,1,11,26.6,14,"Vargas Jiménez, Silvia",1,,7,F,9,,0,Huétor-Tájar,1,7,1
1561,24/08/2025,24/08/2025,28/08/2025,Sesión formativa: tabaco,22,7,25,22,12,10,1.4,1,"Hernández Morales, Dolores",1,,7,F,6,,1,Huétor-Tájar,1,4,8
1562,07/05/2024,07/05/2024,12/05/2024,Charla sobre alimentación saludable,0,3,8,22,10,12,1.4,1,"Blanco Navarro, Patricia",1,,7,F,14,,0,Huétor-Tájar,1,7,13
1563,05/01/2025,19/01/2025,08/01/2025,Sesión formativa: prev. accidentes,22,21,20,16,5,11,4.8,3,"Medina Aguilar, Mercedes",1,,7,F,2,9,0,Huétor-Tájar,1,5,12
1564,20/01/2025,05/05/2025,23/01/2025,Programa educación maternal,11,15,23,23,1,22,40.0,16,"Gutiérrez Medina, Elena",1,,7,F,2,2,0,Huétor-Tájar,1,10,7
1565,03/09/2025,12/11/2025,06/09/2025,PIOBIN,15,21,24,25,11,14,22.0,11,"Medina Aguilar, Mercedes",1,,7,F,2,9,1,Huétor-Tájar,1,6,15
1566,07/11/2024,02/01/2025,10/11/2024,PSIA,17,21,11,17,0,17,20.7,9,"Vargas Jiménez, Silvia",1,,7,F,9,,1,Huétor-Tájar,1,6,8
1567,24/01/2025,07/03/2025,24/01/2025,Grupo cuidadoras,5,16,6,21,7,14,11.2,7,"García Díaz, Irene",1,,7,F,2,2,0,Huétor-Tájar,1,14,0
1568,30/12/2025,31/12/2025,03/01/2026,IAHS,14,7,5,19,10,9,22.5,9,"Castro Fuentes, Rocío",1,,7,F,2,5,1,Huétor-Tájar,1,1,4
1569,11/06/2024,09/07/2024,14/06/2024,Rehabilitación respiratoria,10,29,21,10,6,4,10.0,5,"Medina Aguilar, Mercedes",1,,7,F,2,9,1,Huétor-Tájar,1,7,14
1570,18/10/2025,25/10/2025,22/10/2025,Reunión coordinación — parentalidad positiva,3,20,4,3,1,2,3.8,2,"García Díaz, Irene",1,,7,F,2,2,2,Huétor-Tájar,1,1,8
1571,10/01/2024,10/01/2024,10/01/2024,Sesión formativa: alimentación saludable,22,3,11,17,6,11,1.4,1,"Blanco Navarro, Patricia",1,,7,F,14,,0,Huétor-Tájar,1,8,13
1572,21/04/2024,21/04/2024,25/04/2024,Mesa informativa: parentalidad positiva,19,20,24,50,19,31,1.4,1,"Vargas Jiménez, Silvia",1,,7,F,9,,1,Huétor-Tájar,1,13,8
1573,21/11/2025,21/11/2025,26/11/2025,Charla sobre salud bucodental,0,23,25,46,19,27,1.9,1,"Blanco Navarro, Patricia",1,,7,F,14,,0,Huétor-Tájar,1,3,6
1574,01/11/2025,13/12/2025,02/11/2025,Taller de act. física,23,1,7,11,5,6,11.2,7,"Hernández Morales, Dolores",1,,7,F,6,,1,Huétor-Tájar,1,2,1
1575,04/05/2024,01/06/2024,08/05/2024,Rehabilitación respiratoria,10,9,4,12,8,4,10.5,5,"Castro Fuentes, Rocío",1,,7,F,2,5,2,Huétor-Tájar,1,0,9
1576,30/08/2025,30/08/2025,31/08/2025,Charla sobre parentalidad positiva,0,20,17,45,10,35,0.9,1,"Castro Fuentes, Rocío",1,,7,F,2,5,0,Huétor-Tájar,1,13,15
1577,13/01/2024,13/01/2024,13/01/2024,Charla sobre manejo enf. crónicas,0,16,17,24,6,18,0.6,1,"Hernández Morales, Dolores",1,,7,F,6,,1,Huétor-Tájar,1,11,3
1578,16/01/2025,16/01/2025,19/01/2025,Mesa informativa: alimentación saludable,19,3,8,54,14,40,1.0,1,"Hernández Morales, Dolores",1,,7,F,6,,1,Huétor-Tájar,1,10,13
1579,01/11/2025,22/11/2025,04/11/2025,Taller de salud bucodental,23,23,22,10,3,7,11.2,4,"Blanco Navarro, Patricia",1,,7,F,14,,0,Huétor-Tájar,1,3,15
1580,03/06/2024,01/07/2024,03/06/2024,Taller de consumo alcohol,23,6,17,10,2,8,14.0,5,"Hernández Morales, Dolores",1,,7,F,6,,1,Huétor-Tájar,1,12,2
1581,20/03/2024,20/03/2024,23/03/2024,Charla sobre prev. accidentes,0,21,20,25,8,17,0.8,1,"Gutiérrez Medina, Elena",1,,7,F,2,2,2,Huétor-Tájar,1,7,5
1582,20/09/2025,20/09/2025,22/09/2025,Sesión formativa: alimentación saludable,22,3,22,29,8,21,1.7,1,"Blanco Navarro, Patricia",1,,7,F,14,,2,Huétor-Tájar,1,3,1
1583,04/07/2025,10/10/2025,06/07/2025,Rehabilitación cardiaca,9,8,9,8,5,3,33.0,15,"Ramos Cabrera, Raquel",1,,7,F,2,5,1,Huétor-Tájar,1,13,5
1584,05/12/2025,31/12/2025,07/12/2025,Rehabilitación cardiaca,9,20,4,15,8,7,14.0,7,"Castro Fuentes, Rocío",1,,7,F,2,5,1,Huétor-Tájar,1,13,12
1585,20/03/2025,20/03/2025,20/03/2025,Sesión formativa: uso medicamento,22,25,24,21,5,16,1.1,1,"Blanco Navarro, Patricia",1,,7,F,14,,0,Huétor-Tájar,1,3,8
1586,06/01/2024,06/01/2024,06/01/2024,Sesión clínica: alimentación saludable,21,3,4,26,9,17,1.1,1,"Blanco Navarro, Patricia",1,,7,F,14,,1,Huétor-Tájar,1,11,8
1587,21/08/2025,06/11/2025,25/08/2025,PITA,16,19,24,17,8,9,22.8,12,"Vargas Jiménez, Silvia",1,,7,F,9,,1,Huétor-Tájar,1,8,6
1588,14/01/2025,28/01/2025,17/01/2025,Taller de higiene manos,23,11,13,21,5,16,5.1,3,"Medina Aguilar, Mercedes",1,,7,F,2,9,0,Huétor-Tájar,1,6,0
1589,10/10/2025,10/10/2025,15/10/2025,Mesa informativa: salud bucodental,19,23,19,40,10,30,1.4,1,"Blanco Navarro, Patricia",1,,7,F,14,,2,Huétor-Tájar,1,2,6
1590,06/03/2025,03/04/2025,11/03/2025,Programa educación maternal,11,20,4,19,4,15,9.5,5,"Medina Aguilar, Mercedes",1,,7,F,2,9,1,Huétor-Tájar,1,4,7
1591,25/08/2024,08/09/2024,26/08/2024,Sesión formativa: salud bucodental,22,23,14,26,12,14,3.6,3,"Blanco Navarro, Patricia",1,,7,F,14,,0,Huétor-Tájar,1,7,15
1592,11/09/2025,23/10/2025,14/09/2025,Taller de manejo enf. crónicas,23,16,9,28,7,21,11.9,7,"Hernández Morales, Dolores",1,,7,F,6,,1,Huétor-Tájar,1,11,6
1593,02/12/2025,16/12/2025,03/12/2025,Sesión formativa: bienestar emocional,22,4,5,5,2,3,4.8,3,"Vargas Jiménez, Silvia",1,,7,F,9,,1,Huétor-Tájar,1,7,6
1594,30/04/2024,18/06/2024,02/05/2024,Taller de salud bucodental,23,23,4,14,5,9,23.2,8,"Castro Suárez, Verónica",1,,8,F,14,,0,Huétor-Vega,0,1,3
1595,15/09/2024,15/09/2024,15/09/2024,Charla sobre parentalidad positiva,0,20,5,21,7,14,1.1,1,"Espinosa Vega, Isabel",1,,8,F,13,,2,Huétor-Vega,0,14,8
1596,06/06/2024,04/07/2024,06/06/2024,Grupo cuidadoras,5,15,13,23,11,12,12.0,5,"Vargas Cabrera, Nuria",1,,8,F,2,2,2,Huétor-Vega,0,10,0
1597,29/07/2025,05/08/2025,01/08/2025,Actividad PS: voluntades vitales,24,29,6,20,9,11,2.2,2,"Blanco Reyes, Víctor",1,,8,M,8,,2,Huétor-Vega,0,7,11
1598,07/04/2025,07/04/2025,10/04/2025,Charla sobre manejo enf. crónicas,0,16,21,18,5,13,1.5,1,"Cabrera Montero, Ramón",1,,8,M,2,5,2,Huétor-Vega,0,0,14
1599,10/07/2024,14/08/2024,12/07/2024,Programa educación maternal,11,9,20,18,1,17,14.4,6,"Cabrera Montero, Ramón",1,,8,M,2,5,2,Huétor-Vega,0,3,13
1600,15/11/2024,15/11/2024,19/11/2024,Charla sobre otras adicciones,0,18,10,50,16,34,1.0,1,"Blanco Reyes, Víctor",1,,8,M,8,,1,Huétor-Vega,0,4,15
1601,22/09/2024,22/09/2024,22/09/2024,Sesión formativa: alimentación saludable,22,3,15,22,11,11,1.2,1,"Moreno Romero, Andrés",1,,8,M,2,5,1,Huétor-Vega,0,7,14
1602,07/05/2025,13/08/2025,07/05/2025,Grupo EPOC/asma,8,8,16,16,9,7,36.0,15,"Guerrero Hidalgo, María",1,,8,F,2,9,0,Huétor-Vega,0,8,14
1603,21/12/2025,31/12/2025,25/12/2025,IAHS,14,9,15,20,5,15,13.2,6,"Guerrero Hidalgo, María",1,,8,F,2,9,0,Huétor-Vega,0,9,13
1604,15/08/2025,15/08/2025,16/08/2025,Reunión coordinación — voluntades vitales,3,29,10,5,2,3,1.3,1,"Vargas Cabrera, Nuria",1,,8,F,2,2,0,Huétor-Vega,0,8,15
1605,11/04/2025,30/05/2025,15/04/2025,PSIA,17,20,14,22,0,22,13.6,8,"Moreno Romero, Andrés",1,,8,M,2,5,0,Huétor-Vega,0,7,8
1606,16/01/2025,10/04/2025,18/01/2025,PSIA,17,20,6,16,1,15,24.7,13,"Suárez Vargas, Rocío",1,,8,F,2,3,1,Huétor-Vega,0,7,6
1607,10/05/2024,10/05/2024,15/05/2024,Charla sobre conducta suicida,0,5,24,38,13,25,1.7,1,"Blanco Reyes, Víctor",1,,8,M,8,,1,Huétor-Vega,0,2,9
1608,11/05/2025,18/05/2025,14/05/2025,Reunión coordinación — lactancia materna,3,15,8,8,4,4,3.8,2,"Espinosa Vega, Isabel",1,,8,F,13,,1,Huétor-Vega,0,3,13
1609,23/03/2024,23/03/2024,23/03/2024,Mesa informativa: salud bucodental,19,23,7,57,14,43,1.3,1,"Castro Suárez, Verónica",1,,8,F,14,,2,Huétor-Vega,0,7,3
1610,16/04/2024,07/05/2024,16/04/2024,PIOBIN,15,20,17,9,3,6,7.6,4,"Sánchez Martínez, Marta",1,,8,F,9,,2,Huétor-Vega,0,3,2
1611,29/12/2024,29/12/2024,01/01/2025,Charla sobre consumo alcohol,0,6,15,42,13,29,0.5,1,"Blanco Reyes, Víctor",1,,8,M,8,,2,Huétor-Vega,0,9,14
1612,25/08/2025,25/08/2025,26/08/2025,Sesión formativa: alimentación saludable,22,3,18,6,3,3,1.7,1,"Castro Suárez, Verónica",1,,8,F,14,,0,Huétor-Vega,0,3,3
1613,18/10/2025,31/12/2025,19/10/2025,Grupo EPOC/asma,8,10,22,16,3,13,24.7,13,"Vargas Cabrera, Nuria",1,,8,F,2,2,1,Huétor-Vega,0,9,0
1614,10/12/2024,25/03/2025,14/12/2024,Programa educación maternal,11,8,9,14,3,11,27.2,16,"Flores Espinosa, Mercedes",1,,8,F,2,8,1,Huétor-Vega,0,13,8
1615,16/12/2024,13/01/2025,18/12/2024,Taller de manejo enf. crónicas,23,16,20,19,7,12,8.5,5,"Vargas García, Francisco",1,,8,M,6,,2,Huétor-Vega,0,6,3
1616,12/09/2024,12/09/2024,13/09/2024,Charla sobre salud bucodental,0,23,20,59,29,30,0.7,1,"Castro Suárez, Verónica",1,,8,F,14,,1,Huétor-Vega,0,0,10
1617,01/07/2025,09/09/2025,05/07/2025,Grupo EPOC/asma,8,16,11,12,5,7,23.1,11,"Vargas Cabrera, Nuria",1,,8,F,2,2,2,Huétor-Vega,0,14,10
1618,17/07/2024,24/07/2024,21/07/2024,Sesión clínica: vacunación,21,27,1,29,14,15,3.8,2,"Vargas García, Francisco",1,,8,M,6,,0,Huétor-Vega,1,2,9
1619,14/07/2024,22/09/2024,15/07/2024,PIOBIN,15,6,14,23,8,15,27.5,11,"Suárez Vargas, Rocío",1,,8,F,2,3,0,Huétor-Vega,0,14,1
1620,18/04/2025,18/04/2025,18/04/2025,Charla sobre alimentación saludable,0,3,1,51,19,32,0.8,1,"Cabrera Montero, Ramón",1,,8,M,2,5,2,Huétor-Vega,0,11,8
1621,16/09/2025,11/11/2025,18/09/2025,Rehabilitación cardiaca,9,10,19,23,14,9,21.6,9,"Vargas Cabrera, Nuria",1,,8,F,2,2,2,Huétor-Vega,0,10,9
1622,21/07/2024,22/09/2024,22/07/2024,PSIA,17,8,1,22,3,19,23.0,10,"Flores Espinosa, Mercedes",1,,8,F,2,8,0,Huétor-Vega,0,14,13
1623,06/09/2024,27/09/2024,06/09/2024,Actividad PS: voluntades vitales,4,29,5,19,9,10,7.2,4,"Díaz Pérez, Víctor",1,,8,M,6,,1,Huétor-Vega,0,12,14
1624,14/07/2025,21/07/2025,15/07/2025,Reunión coordinación — tabaco,3,7,21,10,4,6,3.6,2,"Díaz Pérez, Víctor",1,,8,M,6,,0,Huétor-Vega,0,3,10
1625,28/05/2024,04/06/2024,30/05/2024,Sesión formativa: otras temáticas,22,30,4,29,7,22,3.0,2,"Vargas García, Francisco",1,,8,M,6,,1,Huétor-Vega,0,12,10
1626,19/04/2025,10/05/2025,20/04/2025,Ponencia: primeros auxilios,20,22,14,100,23,77,4.8,4,"Cabrera Flores, Carmen",1,,8,F,9,,0,Huétor-Vega,0,2,4
1627,22/09/2025,06/10/2025,26/09/2025,Taller de vacunación,23,27,6,23,11,12,5.4,3,"Guerrero Hidalgo, María",1,,8,F,2,9,0,Huétor-Vega,0,11,15
1628,06/11/2025,06/11/2025,08/11/2025,Charla sobre primeros auxilios,0,22,11,27,14,13,0.5,1,"Guerrero Hidalgo, María",1,,8,F,2,9,1,Huétor-Vega,1,12,12
1629,14/09/2024,28/09/2024,16/09/2024,Sesión formativa: parentalidad positiva,22,20,19,15,8,7,4.8,3,"Pérez Ortiz, Verónica",1,,8,F,8,,2,Huétor-Vega,0,7,8
1630,16/08/2024,25/10/2024,17/08/2024,Rehabilitación respiratoria,10,1,11,12,8,4,26.4,11,"Suárez Vargas, Rocío",1,,8,F,2,3,0,Huétor-Vega,0,12,10
1631,17/07/2025,21/08/2025,22/07/2025,Rehabilitación cardiaca,9,21,5,16,8,8,12.6,6,"Vargas Cabrera, Nuria",1,,8,F,2,2,2,Huétor-Vega,0,2,2
1632,05/10/2025,26/10/2025,09/10/2025,Actividad PS: otras temáticas,24,30,13,29,16,13,5.2,4,"Díaz Pérez, Víctor",1,,8,M,6,,2,Huétor-Vega,0,5,14
1633,14/08/2024,30/10/2024,17/08/2024,Grupo EPOC/asma,8,22,16,22,9,13,22.8,12,"Guerrero Hidalgo, María",1,,8,F,2,9,1,Huétor-Vega,0,1,0
1634,06/12/2025,20/12/2025,10/12/2025,Reunión coordinación — tabaco,3,7,1,3,1,2,3.0,3,"Cortés Hidalgo, Laura",1,,8,F,4,,2,Huétor-Vega,0,1,3
1635,19/09/2025,03/10/2025,19/09/2025,Sesión formativa: sexualidad,22,24,21,8,4,4,4.5,3,"Espinosa Vega, Isabel",1,,8,F,13,,0,Huétor-Vega,0,8,0
1636,02/07/2024,08/10/2024,04/07/2024,Grupo EPOC/asma,8,9,19,10,3,7,28.5,15,"Guerrero Hidalgo, María",1,,8,F,2,9,0,Huétor-Vega,0,5,6
1637,02/02/2025,16/02/2025,07/02/2025,Actividad PS: tabaco,24,7,6,10,2,8,4.8,3,"Díaz Pérez, Víctor",1,,8,M,6,,0,Huétor-Vega,0,9,5
1638,25/11/2025,25/11/2025,25/11/2025,Charla sobre voluntades vitales,0,29,18,49,21,28,1.6,1,"Blanco Reyes, Víctor",1,,8,M,8,,2,Huétor-Vega,0,6,7
1639,05/05/2025,30/06/2025,09/05/2025,Rehabilitación cardiaca,9,15,14,15,8,7,19.8,9,"Cabrera Montero, Ramón",1,,8,M,2,5,2,Huétor-Vega,0,4,3
1640,20/02/2025,20/02/2025,20/02/2025,Sesión formativa: parentalidad positiva,22,20,13,6,1,5,1.9,1,"Suárez Vargas, Rocío",1,,8,F,2,3,2,Huétor-Vega,0,12,8
1641,03/03/2024,07/04/2024,08/03/2024,GRUSE,13,28,17,25,10,15,13.2,6,"Pérez Ortiz, Verónica",1,,8,F,8,,1,Huétor-Vega,0,14,4
1642,27/10/2025,31/12/2025,29/10/2025,PIOBIN,15,29,13,8,4,4,36.0,15,"Suárez Vargas, Rocío",1,,8,F,2,3,0,Huétor-Vega,0,10,3
1643,10/02/2025,10/02/2025,14/02/2025,Mesa informativa: uso medicamento,19,25,24,50,11,39,0.8,1,"Díaz Pérez, Víctor",1,,8,M,6,,2,Huétor-Vega,0,7,3
1644,22/06/2025,07/09/2025,25/06/2025,PIOBIN,15,3,11,9,5,4,20.4,12,"Suárez Vargas, Rocío",1,,8,F,2,3,1,Huétor-Vega,0,0,10
1645,02/09/2025,16/09/2025,06/09/2025,Actividad PS: uso medicamento,4,25,3,27,15,12,3.9,3,"Vargas García, Francisco",1,,8,M,6,,0,Huétor-Vega,1,5,11
1646,20/02/2024,28/05/2024,22/02/2024,PSIA,17,12,4,8,0,8,28.5,15,"Flores Espinosa, Mercedes",1,,8,F,2,8,1,Huétor-Vega,0,4,11
1647,08/12/2025,08/12/2025,12/12/2025,Reunión coordinación — parentalidad positiva,3,20,17,3,1,2,1.3,1,"Guerrero Lara, Diego",1,,9,M,8,,0,Íllora,1,2,15
1648,22/08/2024,19/09/2024,25/08/2024,GRUSE,13,4,8,22,8,14,10.0,5,"Torres Castro, Mónica",1,,9,F,13,,1,Íllora,1,10,8
1649,11/12/2024,12/03/2025,16/12/2024,Programa educación maternal,11,20,8,22,3,19,23.8,14,"Vega Fuentes, José",1,,9,M,7,,0,Íllora,1,4,5
1650,26/03/2024,26/03/2024,30/03/2024,Mesa informativa: alimentación saludable,19,3,16,42,20,22,1.7,1,"Blanco Torres, Mercedes",1,,9,F,7,,1,Íllora,1,12,15
1651,08/12/2025,31/12/2025,12/12/2025,Grupo cuidadoras,5,14,25,17,5,12,18.4,8,"Vega Fuentes, José",1,,9,M,7,,0,Íllora,1,4,5
1652,13/03/2024,19/06/2024,15/03/2024,Grupo cuidadoras,5,4,8,20,9,11,27.0,15,"Vega Fuentes, José",1,,9,M,7,,1,Íllora,1,14,13
1653,09/03/2025,16/03/2025,12/03/2025,Sesión formativa: alimentación saludable,22,3,21,10,5,5,3.4,2,"Vargas Delgado, Ana",1,,9,F,2,4,1,Íllora,1,7,7
1654,21/02/2024,28/02/2024,21/02/2024,Reunión coordinación — sexualidad,3,24,9,8,2,6,3.0,2,"Guerrero Lara, Diego",1,,9,M,8,,0,Íllora,1,4,6
1655,09/09/2024,18/11/2024,12/09/2024,PSIA,17,11,7,15,1,14,26.4,11,"Vargas Delgado, Ana",1,,9,F,2,4,0,Íllora,1,9,2
1656,17/08/2024,31/08/2024,17/08/2024,Taller de parentalidad positiva,23,20,11,17,8,9,7.5,3,"Fernández Rodríguez, Víctor",1,,9,M,7,,0,Íllora,1,3,5
1657,23/11/2025,31/12/2025,26/11/2025,Programa educación maternal,11,1,17,15,3,12,38.4,16,"Vega Fuentes, José",1,,9,M,7,,2,Íllora,1,6,15
1658,04/03/2024,10/06/2024,07/03/2024,Grupo EPOC/asma,8,22,8,24,11,13,22.5,15,"Rubio Delgado, Isabel",1,,9,F,2,1,0,Íllora,1,7,15
1659,22/07/2025,07/10/2025,24/07/2025,PITA,16,12,22,9,4,5,28.8,12,"Serrano Ramos, Cristina",1,,9,F,2,9,1,Íllora,1,7,13
1660,28/02/2024,13/03/2024,01/03/2024,Sesión clínica: otras adicciones,21,18,14,21,8,13,3.6,3,"Gutiérrez Cruz, Carmen",1,,9,F,4,,1,Íllora,1,4,4
1661,28/02/2025,07/03/2025,04/03/2025,Sesión formativa: lactancia materna,22,15,21,23,6,17,2.0,2,"Rubio Delgado, Isabel",1,,9,F,2,1,0,Íllora,1,9,1
1662,19/06/2024,26/06/2024,19/06/2024,Reunión coordinación — enf. transmisibles,3,9,7,9,3,6,2.4,2,"Rubio Delgado, Isabel",1,,9,F,2,1,1,Íllora,1,3,2
1663,24/09/2024,24/09/2024,26/09/2024,Mesa informativa: parentalidad positiva,19,20,4,55,19,36,0.5,1,"Fernández Rodríguez, Víctor",1,,9,M,7,,1,Íllora,1,7,15
1664,20/04/2025,20/04/2025,23/04/2025,Sesión formativa: bienestar emocional,22,4,19,16,4,12,1.8,1,"Guerrero Lara, Diego",1,,9,M,8,,1,Íllora,1,11,10
1665,31/01/2024,14/02/2024,05/02/2024,Actividad PS: bienestar emocional,24,4,18,12,6,6,3.6,3,"Cabrera Serrano, Mario",1,,9,M,6,,0,Íllora,1,14,12
1666,20/10/2024,01/12/2024,21/10/2024,Taller de tabaco,23,7,23,24,8,16,11.2,7,"Martínez Fernández, Alberto",1,,9,M,6,,2,Íllora,1,11,7
1667,24/08/2024,05/10/2024,25/08/2024,PSIA,17,7,24,11,1,10,15.4,7,"Vargas Delgado, Ana",1,,9,F,2,4,1,Íllora,1,9,5
1668,07/11/2025,31/12/2025,10/11/2025,Grupo diabetológico,7,4,7,12,3,9,17.0,10,"Vargas Delgado, Ana",1,,9,F,2,4,1,Íllora,1,1,14
1669,23/02/2024,01/03/2024,23/02/2024,Sesión clínica: lactancia materna,21,15,5,23,7,16,2.8,2,"Fernández Rodríguez, Víctor",1,,9,M,7,,1,Íllora,1,9,13
1670,06/02/2024,07/05/2024,11/02/2024,Programa educación maternal,11,22,6,23,0,23,33.6,14,"Rubio Delgado, Isabel",1,,9,F,2,1,1,Íllora,1,4,11
1671,12/01/2024,19/04/2024,12/01/2024,PITA,16,22,16,14,4,10,30.0,15,"López Aguilar, Isabel",1,,9,F,2,7,1,Íllora,1,0,3
1672,05/08/2024,05/08/2024,07/08/2024,Sesión formativa: act. física,22,1,6,22,8,14,1.1,1,"López Aguilar, Isabel",1,,9,F,2,7,2,Íllora,1,6,14
1673,05/10/2025,05/10/2025,07/10/2025,Charla sobre bienestar emocional,0,4,22,50,17,33,0.6,1,"Fernández Rodríguez, Víctor",1,,9,M,7,,1,Íllora,1,7,1
1674,28/07/2025,29/09/2025,28/07/2025,PIOBIN,15,27,15,23,8,15,17.0,10,"López Aguilar, Isabel",1,,9,F,2,7,2,Íllora,1,0,0
1675,02/06/2024,25/08/2024,04/06/2024,Grupo cuidadoras,5,10,25,13,7,6,23.4,13,"Vargas Delgado, Ana",1,,9,F,2,4,0,Íllora,1,2,4
1676,07/07/2025,08/09/2025,12/07/2025,Grupo cuidadoras,5,21,3,19,8,11,17.0,10,"Vargas Delgado, Ana",1,,9,F,2,4,1,Íllora,1,3,8
1677,26/09/2024,26/09/2024,28/09/2024,Charla sobre alimentación saludable,0,3,19,25,13,12,1.7,1,"Vega Fuentes, José",1,,9,M,7,,1,Íllora,1,5,15
1678,24/08/2025,07/12/2025,28/08/2025,PITA,16,16,8,14,3,11,38.4,16,"López Aguilar, Isabel",1,,9,F,2,7,1,Íllora,1,4,2
1679,15/08/2025,15/08/2025,19/08/2025,Actividad PS: parentalidad positiva,24,20,25,31,10,21,1.6,1,"Torres Castro, Mónica",1,,9,F,13,,1,Íllora,1,8,0
1680,05/09/2024,03/10/2024,10/09/2024,Ponencia: uso medicamento,20,25,11,23,11,12,5.5,5,"Cabrera Serrano, Mario",1,,9,M,6,,2,Íllora,1,3,7
1681,21/10/2025,18/11/2025,22/10/2025,PIOBIN,15,1,3,22,10,12,8.0,5,"López Aguilar, Isabel",1,,9,F,2,7,1,Íllora,1,10,6
1682,07/02/2024,27/03/2024,11/02/2024,Taller de dolor crónico,23,8,21,25,11,14,22.4,8,"Rubio Delgado, Isabel",1,,9,F,2,1,2,Íllora,1,10,4
1683,24/06/2025,08/07/2025,28/06/2025,Reunión coordinación — vacunación,3,27,19,7,4,3,3.0,3,"Gutiérrez Cruz, Carmen",1,,9,F,4,,1,Íllora,1,7,9
1684,09/01/2025,16/01/2025,12/01/2025,Reunión coordinación — consumo alcohol,3,6,23,7,2,5,3.2,2,"Serrano Ramos, Cristina",1,,9,F,2,9,1,Íllora,1,1,3
1685,19/11/2025,03/12/2025,23/11/2025,Sesión formativa: prev. accidentes,22,21,23,14,4,10,5.4,3,"Rubio Delgado, Isabel",1,,9,F,2,1,0,Íllora,1,6,3
1686,04/10/2025,15/11/2025,08/10/2025,Taller de act. física,23,1,15,17,7,10,16.8,7,"Cabrera Serrano, Mario",1,,9,M,6,,2,Íllora,1,10,12
1687,25/05/2024,13/07/2024,30/05/2024,Grupo EPOC/asma,8,27,5,10,5,5,18.4,8,"Rubio Delgado, Isabel",1,,9,F,2,1,0,Íllora,1,3,9
1688,19/04/2025,03/05/2025,24/04/2025,Sesión clínica: parentalidad positiva,21,20,1,10,4,6,5.4,3,"Fernández Rodríguez, Víctor",1,,9,M,7,,2,Íllora,1,3,11
1689,20/10/2025,31/12/2025,25/10/2025,Programa educación maternal,11,9,12,20,3,17,30.8,14,"Blanco Torres, Mercedes",1,,9,F,7,,1,Íllora,1,1,3
1690,03/01/2025,14/02/2025,07/01/2025,GRUSE,13,18,17,25,13,12,16.1,7,"Guerrero Lara, Diego",1,,9,M,8,,1,Íllora,1,7,11
1691,09/10/2025,31/12/2025,13/10/2025,PSIA,17,21,17,16,2,14,27.2,16,"López Aguilar, Isabel",1,,9,F,2,7,0,Íllora,1,13,0
1692,31/10/2025,31/12/2025,31/10/2025,Programa educación maternal,11,21,19,13,1,12,24.7,13,"Serrano Ramos, Cristina",1,,9,F,2,9,0,Íllora,1,10,12
1693,28/12/2024,04/01/2025,01/01/2025,Sesión formativa: IRAS,22,14,4,9,3,6,2.8,2,"Blanco Torres, Mercedes",1,,9,F,7,,0,Íllora,1,11,5
1694,02/02/2025,23/03/2025,04/02/2025,Programa educación maternal,11,21,23,14,2,12,13.6,8,"Blanco Torres, Mercedes",1,,9,F,7,,0,Íllora,1,10,1
1695,02/08/2025,20/09/2025,03/08/2025,GRUSE,13,5,9,24,7,17,16.8,8,"Guerrero Lara, Diego",1,,9,M,8,,0,Íllora,1,13,5
1696,03/04/2024,10/04/2024,03/04/2024,Taller de consumo alcohol,23,6,8,16,5,11,5.2,2,"Guerrero Lara, Diego",1,,9,M,8,,2,Íllora,1,1,7
1697,13/04/2025,20/07/2025,14/04/2025,IAHS,14,3,25,12,6,6,24.0,15,"Vargas Delgado, Ana",1,,9,F,2,4,2,Íllora,1,7,13
1698,28/06/2024,04/10/2024,01/07/2024,Grupo EPOC/asma,8,16,2,17,4,13,24.0,15,"Serrano Ramos, Cristina",1,,9,F,2,9,2,Íllora,1,12,1
1699,25/07/2025,25/07/2025,29/07/2025,Mesa informativa: bienestar emocional,19,4,10,42,17,25,0.7,1,"Martínez Fernández, Alberto",1,,9,M,6,,1,Íllora,1,4,14
1700,07/02/2025,25/04/2025,10/02/2025,GRUSE,13,4,24,23,5,18,19.2,12,"Torres Castro, Mónica",1,,9,F,13,,0,Íllora,1,3,8
1701,01/09/2025,01/09/2025,02/09/2025,Actividad PS: uso medicamento,4,25,1,16,6,10,1.6,1,"Cabrera Serrano, Mario",1,,9,M,6,,1,Íllora,1,11,14
1702,22/01/2025,09/04/2025,25/01/2025,Grupo cuidadoras,5,15,12,18,7,11,19.2,12,"Rubio Delgado, Isabel",1,,9,F,2,1,2,Íllora,1,5,7
1703,01/09/2024,17/11/2024,01/09/2024,Grupo EPOC/asma,8,22,10,13,5,8,21.6,12,"Domínguez Vega, Laura",1,,10,F,5,,1,Iznalloz,1,3,8
1704,11/06/2024,23/07/2024,15/06/2024,IAHS,14,3,16,15,4,11,11.9,7,"Cabrera Medina, Silvia",1,,10,F,7,,0,Iznalloz,1,1,12
1705,11/08/2025,17/11/2025,14/08/2025,IAHS,14,4,10,11,4,7,34.5,15,"Cabrera Medina, Silvia",1,,10,F,7,,1,Iznalloz,1,3,10
1706,22/11/2025,31/12/2025,24/11/2025,IAHS,14,16,20,24,7,17,11.2,7,"Hidalgo Lara, Marta",1,,10,F,2,5,0,Iznalloz,1,8,11
1707,27/07/2024,05/10/2024,01/08/2024,Grupo cuidadoras,5,8,6,19,5,14,16.5,11,"Hidalgo Lara, Marta",1,,10,F,2,5,2,Iznalloz,1,4,4
1708,21/11/2024,06/03/2025,23/11/2024,IAHS,14,3,20,13,6,7,38.4,16,"Cabrera Medina, Silvia",1,,10,F,7,,0,Iznalloz,1,11,5
1709,07/11/2025,07/11/2025,09/11/2025,Sesión formativa: alimentación saludable,22,3,10,24,12,12,1.4,1,"Vargas Moreno, Miguel",1,,10,M,6,,2,Iznalloz,1,6,12
1710,03/10/2025,03/10/2025,08/10/2025,Charla sobre enf. transmisibles,0,9,25,29,7,22,0.9,1,"Medina Jiménez, Sergio",1,,10,M,2,8,1,Iznalloz,1,2,15
1711,27/10/2025,03/11/2025,31/10/2025,Sesión formativa: parentalidad positiva,22,20,8,16,7,9,2.2,2,"Cabrera Medina, Silvia",1,,10,F,7,,1,Iznalloz,1,7,3
1712,07/12/2024,21/12/2024,09/12/2024,Actividad PS: consumo alcohol,4,6,22,37,10,27,5.7,3,"Vargas Moreno, Miguel",1,,10,M,6,,0,Iznalloz,1,9,5
1713,17/09/2025,01/10/2025,20/09/2025,Sesión formativa: enf. transmisibles,22,9,19,9,4,5,5.4,3,"Cabrera Medina, Silvia",1,,10,F,7,,1,Iznalloz,1,3,14
1714,11/11/2025,11/11/2025,15/11/2025,Reunión coordinación — conducta suicida,3,5,9,8,2,6,1.2,1,"Suárez Martínez, Sara",1,,10,F,8,,0,Iznalloz,1,8,6
1715,31/12/2024,07/01/2025,05/01/2025,Sesión formativa: tabaco,22,7,18,9,2,7,3.0,2,"Navarro Suárez, Sofía",1,,10,F,2,1,0,Iznalloz,1,9,14
1716,13/08/2024,24/09/2024,16/08/2024,Grupo EPOC/asma,8,12,21,9,3,6,16.1,7,"Domínguez Vega, Laura",1,,10,F,5,,0,Iznalloz,1,9,10
1717,21/05/2024,11/06/2024,26/05/2024,Reunión coordinación — envejecimiento,3,10,11,4,1,3,8.0,4,"Navarro Suárez, Sofía",1,,10,F,2,1,1,Iznalloz,1,5,7
1718,27/01/2025,12/05/2025,30/01/2025,Rehabilitación cardiaca,9,1,17,13,7,6,30.4,16,"Domínguez Vega, Laura",1,,10,F,5,,2,Iznalloz,1,3,0
1719,03/12/2025,31/12/2025,03/12/2025,Taller de parentalidad positiva,23,20,14,26,6,20,11.9,7,"Cabrera Medina, Silvia",1,,10,F,7,,0,Iznalloz,1,2,14
1720,10/06/2024,01/07/2024,13/06/2024,Programa educación maternal,11,12,15,17,1,16,8.4,4,"Navarro Suárez, Sofía",1,,10,F,2,1,0,Iznalloz,1,1,4
1721,15/06/2024,29/06/2024,15/06/2024,Sesión formativa: enf. transmisibles,22,9,12,10,4,6,3.6,3,"Cabrera Medina, Silvia",1,,10,F,7,,0,Iznalloz,1,2,11
1722,13/02/2025,06/03/2025,18/02/2025,Actividad PS: violencia género,24,28,1,40,20,20,6.0,4,"Torres Castro, Tomás",1,,10,M,8,,2,Iznalloz,1,10,8
1723,16/08/2025,06/09/2025,20/08/2025,Actividad PS: voluntades vitales,24,29,25,22,12,10,7.2,4,"Vargas Moreno, Miguel",1,,10,M,6,,0,Iznalloz,1,5,15
1724,04/10/2025,01/11/2025,08/10/2025,PSIA,17,22,16,16,3,13,8.5,5,"Hidalgo Lara, Marta",1,,10,F,2,5,0,Iznalloz,1,1,7
1725,27/09/2025,11/10/2025,30/09/2025,Reunión coordinación — uso medicamento,3,25,15,4,2,2,4.8,3,"Vargas Moreno, Miguel",1,,10,M,6,,1,Iznalloz,1,0,7
1726,09/02/2024,23/02/2024,12/02/2024,Sesión formativa: parentalidad positiva,22,20,18,28,10,18,5.4,3,"Torres Castro, Tomás",1,,10,M,8,,0,Iznalloz,1,2,15
1727,20/08/2024,03/09/2024,23/08/2024,Reunión coordinación — voluntades vitales,3,29,20,9,2,7,4.8,3,"Vargas Moreno, Miguel",1,,10,M,6,,2,Iznalloz,1,2,4
1728,18/10/2025,31/12/2025,20/10/2025,PITA,16,20,14,23,7,16,28.0,14,"Delgado González, Carmen",1,,10,F,2,1,0,Iznalloz,1,11,3
1729,23/05/2025,04/07/2025,28/05/2025,PIOBIN,15,20,13,25,12,13,16.8,7,"Navarro Suárez, Sofía",1,,10,F,2,1,1,Iznalloz,1,4,13
1730,25/01/2024,01/02/2024,26/01/2024,Sesión formativa: voluntades vitales,22,29,12,15,4,11,2.4,2,"Vargas Moreno, Miguel",1,,10,M,6,,2,Iznalloz,1,7,4
1731,02/10/2025,31/12/2025,02/10/2025,Grupo diabetológico,7,3,8,9,3,6,26.6,14,"Medina Jiménez, Sergio",1,,10,M,2,8,1,Iznalloz,1,0,11
1732,11/11/2025,25/11/2025,14/11/2025,Actividad PS: bienestar emocional,24,4,23,7,4,3,3.9,3,"Torres Castro, Tomás",1,,10,M,8,,0,Iznalloz,1,5,6
1733,05/12/2024,20/02/2025,10/12/2024,Grupo cuidadoras,5,4,18,9,4,5,22.8,12,"Navarro Suárez, Sofía",1,,10,F,2,1,0,Iznalloz,1,5,7
1734,16/06/2025,22/09/2025,20/06/2025,Rehabilitación respiratoria,10,15,5,14,7,7,30.0,15,"Navarro Suárez, Sofía",1,,10,F,2,1,1,Iznalloz,1,1,8
1735,15/02/2024,29/02/2024,15/02/2024,Sesión formativa: higiene postural,22,12,17,18,6,12,4.2,3,"Medina Jiménez, Sergio",1,,10,M,2,8,0,Iznalloz,1,7,9
1736,16/12/2025,31/12/2025,16/12/2025,Taller de consumo alcohol,23,6,13,28,9,19,15.4,7,"Suárez Martínez, Sara",1,,10,F,8,,0,Iznalloz,1,11,9
1737,28/03/2024,11/07/2024,28/03/2024,Rehabilitación cardiaca,9,3,9,22,11,11,25.6,16,"Hidalgo Lara, Marta",1,,10,F,2,5,0,Iznalloz,1,14,14
1738,18/12/2024,25/12/2024,23/12/2024,Taller de act. física,23,1,25,10,4,6,4.0,2,"Delgado González, Carmen",1,,10,F,2,1,0,Iznalloz,1,3,3
1739,12/09/2024,19/12/2024,12/09/2024,Grupo dolor crónico,6,22,8,24,5,19,31.5,15,"Delgado González, Carmen",1,,10,F,2,1,0,Iznalloz,1,2,8
1740,20/04/2024,11/05/2024,25/04/2024,Reunión coordinación — bienestar emocional,3,4,25,6,3,3,6.0,4,"Torres Castro, Tomás",1,,10,M,8,,0,Iznalloz,1,10,11
1741,19/11/2025,31/12/2025,23/11/2025,Rehabilitación cardiaca,9,8,17,9,5,4,22.4,14,"Domínguez Vega, Laura",1,,10,F,5,,2,Iznalloz,1,11,5
1742,12/07/2025,27/09/2025,12/07/2025,Grupo EPOC/asma,8,8,3,9,4,5,28.8,12,"Cruz Jiménez, Amparo",1,,10,F,5,,1,Iznalloz,1,13,2
1743,02/05/2025,20/06/2025,03/05/2025,GRUSE,13,20,13,9,3,6,19.2,8,"Torres Castro, Tomás",1,,10,M,8,,0,Iznalloz,1,14,9
1744,17/02/2024,02/03/2024,21/02/2024,Sesión formativa: parentalidad positiva,22,20,21,9,3,6,5.1,3,"Suárez Martínez, Sara",1,,10,F,8,,0,Iznalloz,1,1,0
1745,01/09/2024,22/09/2024,02/09/2024,Reunión coordinación — conducta suicida,3,5,3,9,3,6,6.8,4,"Suárez Martínez, Sara",1,,10,F,8,,0,Iznalloz,1,5,2
1746,16/06/2025,04/08/2025,18/06/2025,Rehabilitación cardiaca,9,11,10,15,10,5,15.2,8,"Navarro Suárez, Sofía",1,,10,F,2,1,0,Iznalloz,1,3,0
1747,04/04/2024,09/05/2024,09/04/2024,Grupo EPOC/asma,8,6,8,14,7,7,10.8,6,"Navarro Suárez, Sofía",1,,10,F,2,1,0,Iznalloz,1,7,14
1748,22/05/2024,22/05/2024,25/05/2024,Charla sobre parentalidad positiva,0,20,23,17,8,9,0.6,1,"Suárez Martínez, Sara",1,,10,F,8,,2,Iznalloz,1,7,3
1749,26/03/2025,26/03/2025,30/03/2025,Charla sobre higiene postural,0,12,17,57,21,36,1.6,1,"Navarro Suárez, Sofía",1,,10,F,2,1,2,Iznalloz,1,12,7
1750,01/02/2025,01/02/2025,05/02/2025,Mesa informativa: voluntades vitales,19,29,16,46,10,36,1.2,1,"Vargas Moreno, Miguel",1,,10,M,6,,0,Iznalloz,1,1,5
1751,21/06/2024,02/08/2024,25/06/2024,Taller de act. física,23,1,13,12,6,6,14.0,7,"Domínguez Vega, Laura",1,,10,F,5,,0,Iznalloz,1,5,9
1752,30/11/2024,21/12/2024,03/12/2024,Taller de tabaco,23,7,17,18,10,8,11.2,4,"Medina Jiménez, Sergio",1,,10,M,2,8,1,Iznalloz,1,1,15
1753,24/06/2025,24/06/2025,29/06/2025,Charla sobre incontinencia,0,13,9,60,25,35,0.9,1,"Domínguez Vega, Laura",1,,10,F,5,,2,Iznalloz,1,7,14
1754,24/03/2025,31/03/2025,27/03/2025,Sesión formativa: higiene postural,22,12,14,6,2,4,2.4,2,"Domínguez Vega, Laura",1,,10,F,5,,0,Iznalloz,1,6,12
1755,20/10/2025,31/12/2025,25/10/2025,PITA,16,15,11,16,7,9,36.0,15,"Medina Jiménez, Sergio",1,,10,M,2,8,0,Iznalloz,1,0,1
1756,03/08/2024,14/09/2024,03/08/2024,PSIA,17,16,25,23,2,21,12.6,7,"Medina Jiménez, Sergio",1,,10,M,2,8,1,Iznalloz,1,0,0
1757,28/05/2025,04/06/2025,01/06/2025,Reunión coordinación — bienestar emocional,3,4,19,10,4,6,3.2,2,"Suárez Martínez, Sara",1,,10,F,8,,0,Iznalloz,1,2,12
1758,18/10/2024,18/10/2024,20/10/2024,Sesión formativa: higiene postural,22,12,13,11,3,8,1.7,1,"Delgado González, Carmen",1,,10,F,2,1,1,Iznalloz,1,14,15
1759,07/01/2025,25/03/2025,10/01/2025,Rehabilitación respiratoria,10,12,3,22,11,11,20.4,12,"Hidalgo Lara, Marta",1,,10,F,2,5,0,Iznalloz,1,13,13
1760,22/03/2024,26/04/2024,22/03/2024,Grupo EPOC/asma,8,3,1,13,4,9,12.0,6,"Navarro Suárez, Sofía",1,,10,F,2,1,0,Iznalloz,1,14,0
1761,11/03/2025,01/04/2025,16/03/2025,Actividad PS: parentalidad positiva,24,20,16,29,9,20,4.4,4,"Torres Castro, Tomás",1,,10,M,8,,2,Iznalloz,1,4,3
1762,20/12/2025,20/12/2025,20/12/2025,Charla sobre conducta suicida,0,5,6,28,7,21,1.0,1,"Torres Castro, Tomás",1,,10,M,8,,1,Iznalloz,1,6,10
1763,31/08/2025,31/08/2025,01/09/2025,Reunión coordinación — sexualidad,3,24,6,8,4,4,1.4,1,"Suárez Martínez, Sara",1,,10,F,8,,1,Iznalloz,1,10,7
1764,10/02/2025,10/02/2025,13/02/2025,Mesa informativa: tabaco,19,7,9,16,5,11,1.1,1,"Vargas Moreno, Miguel",1,,10,M,6,,2,Iznalloz,1,14,9
1765,04/07/2024,29/08/2024,05/07/2024,PSIA,17,16,12,13,2,11,15.3,9,"Navarro Suárez, Sofía",1,,10,F,2,1,0,Iznalloz,1,8,13
1766,23/04/2024,06/08/2024,25/04/2024,Rehabilitación cardiaca,9,21,4,13,9,4,36.8,16,"Domínguez Vega, Laura",1,,10,F,5,,2,Iznalloz,1,4,12
1767,08/08/2024,19/09/2024,10/08/2024,Taller de consumo alcohol,23,6,7,27,10,17,11.9,7,"Hidalgo Lara, Marta",1,,10,F,2,5,0,Iznalloz,1,14,10
1768,07/08/2024,20/11/2024,07/08/2024,Programa educación maternal,11,9,19,21,2,19,25.6,16,"Cabrera Medina, Silvia",1,,10,F,7,,1,Iznalloz,1,4,10
1769,20/06/2024,11/07/2024,20/06/2024,PITA,16,6,18,13,7,6,8.4,4,"Delgado González, Carmen",1,,10,F,2,1,2,Iznalloz,1,12,8
1770,18/05/2025,25/05/2025,21/05/2025,Sesión formativa: incontinencia,22,13,16,9,2,7,3.4,2,"Domínguez Vega, Laura",1,,10,F,5,,2,Iznalloz,1,9,14
1771,13/02/2025,13/02/2025,15/02/2025,Sesión formativa: bienestar emocional,22,4,4,14,6,8,1.1,1,"Torres Castro, Tomás",1,,10,M,8,,0,Iznalloz,1,10,7
1772,21/07/2024,04/08/2024,22/07/2024,Actividad PS: parentalidad positiva,24,20,14,14,7,7,3.9,3,"Torres Castro, Tomás",1,,10,M,8,,2,Iznalloz,1,3,13
1773,26/09/2024,21/11/2024,27/09/2024,Grupo EPOC/asma,8,1,15,13,6,7,17.1,9,"Cruz Jiménez, Amparo",1,,10,F,5,,1,Iznalloz,1,7,14
1774,18/08/2024,08/09/2024,20/08/2024,Taller de dolor crónico,23,8,24,19,5,14,8.4,4,"Cruz Jiménez, Amparo",1,,10,F,5,,2,Iznalloz,1,8,14
1775,04/04/2025,04/04/2025,09/04/2025,Reunión coordinación — voluntades vitales,3,29,18,5,2,3,1.9,1,"Suárez Martínez, Sara",1,,10,F,8,,2,Iznalloz,1,8,0
1776,04/05/2025,10/08/2025,05/05/2025,PITA,16,7,11,8,2,6,30.0,15,"Hidalgo Lara, Marta",1,,10,F,2,5,2,Iznalloz,1,12,13
1777,24/01/2024,31/01/2024,26/01/2024,Reunión coordinación — parentalidad positiva,3,20,13,10,2,8,3.4,2,"Torres Castro, Tomás",1,,10,M,8,,2,Iznalloz,1,1,9
1778,16/04/2024,07/05/2024,21/04/2024,Programa educación maternal,11,27,14,20,3,17,8.0,4,"Delgado González, Carmen",1,,10,F,2,1,0,Iznalloz,1,5,7
1779,22/07/2024,29/07/2024,27/07/2024,Sesión clínica: alimentación saludable,21,3,9,13,6,7,2.0,2,"Cabrera Medina, Silvia",1,,10,F,7,,1,Iznalloz,1,5,6
1780,02/06/2024,16/06/2024,02/06/2024,Reunión coordinación — dolor crónico,3,8,24,4,2,2,4.2,3,"Domínguez Vega, Laura",1,,10,F,5,,0,Iznalloz,1,12,15
1781,27/01/2024,11/05/2024,29/01/2024,Grupo EPOC/asma,8,21,4,23,7,16,25.6,16,"Cruz Jiménez, Amparo",1,,10,F,5,,1,Iznalloz,1,2,0
1782,17/06/2024,01/07/2024,18/06/2024,Sesión formativa: otras adicciones,22,18,1,12,6,6,5.1,3,"Suárez Martínez, Sara",1,,10,F,8,,0,Iznalloz,1,7,0
1783,29/01/2024,29/01/2024,29/01/2024,Charla sobre violencia género,0,28,6,55,19,36,1.1,1,"Suárez Martínez, Sara",1,,10,F,8,,1,Iznalloz,1,3,6
1784,08/01/2024,08/01/2024,08/01/2024,Mesa informativa: act. física,19,1,17,50,18,32,0.9,1,"Cabrera Medina, Silvia",1,,10,F,7,,2,Iznalloz,1,1,15
1785,11/09/2025,11/12/2025,15/09/2025,Rehabilitación respiratoria,10,1,1,20,9,11,23.8,14,"Domínguez Vega, Laura",1,,10,F,5,,1,Iznalloz,1,13,7
1786,29/01/2025,14/05/2025,30/01/2025,Programa educación maternal,11,27,10,11,1,10,35.2,16,"Cabrera Medina, Silvia",1,,10,F,7,,1,Iznalloz,1,0,10
1787,23/08/2025,04/10/2025,24/08/2025,Grupo EPOC/asma,8,1,14,9,2,7,12.6,7,"Navarro Suárez, Sofía",1,,10,F,2,1,0,Iznalloz,1,7,14
1788,02/07/2025,09/07/2025,07/07/2025,Sesión formativa: act. física,22,1,21,6,1,5,2.2,2,"Torres Ortiz, Juan",1,,11,M,7,,0,La Zubia,0,9,11
1789,23/07/2025,23/07/2025,24/07/2025,Mesa informativa: act. física,19,1,14,40,10,30,1.2,1,"Carmona García, Ana",1,,11,F,7,,2,La Zubia,0,3,3
1790,22/03/2025,12/04/2025,22/03/2025,Taller de sexualidad,23,24,24,21,6,15,6.4,4,"Vargas Cabrera, Francisco",1,,11,M,8,,2,La Zubia,0,1,10
1791,11/05/2024,25/05/2024,12/05/2024,Taller de manejo enf. crónicas,23,16,2,20,6,14,5.7,3,"Castro Martínez, Andrés",1,,11,M,2,1,2,La Zubia,0,1,15
1792,08/03/2025,08/03/2025,12/03/2025,Charla sobre prev. accidentes,0,21,8,35,12,23,1.3,1,"Delgado Cortés, Sofía",1,,11,F,5,,0,La Zubia,0,8,12
1793,26/10/2025,02/11/2025,30/10/2025,Mapeo de activos: tabaco,18,7,2,8,3,5,2.0,2,"Martínez Aguilar, Cristina",1,,11,F,9,,0,La Zubia,0,13,7
1794,02/10/2024,02/10/2024,03/10/2024,Charla sobre otras formas fumar,0,19,2,30,13,17,0.7,1,"Carmona Suárez, Beatriz",1,,11,F,4,,1,La Zubia,0,8,15
1795,14/03/2025,14/03/2025,17/03/2025,Mesa informativa: enf. transmisibles,19,9,23,38,15,23,1.5,1,"González Ruiz, Fernando",1,,11,M,1,,0,La Zubia,0,6,1
1796,12/12/2025,12/12/2025,16/12/2025,Charla sobre act. física,0,1,15,14,6,8,0.7,1,"Cabrera Ramos, Pilar",1,,11,F,6,,1,La Zubia,0,1,12
1797,27/12/2024,03/01/2025,01/01/2025,Taller de prev. accidentes,23,21,14,20,10,10,5.8,2,"Torres Ortiz, Juan",1,,11,M,7,,2,La Zubia,0,3,12
1798,23/02/2025,06/04/2025,24/02/2025,Taller de consumo alcohol,23,6,24,18,5,13,18.9,7,"Carmona Suárez, Beatriz",1,,11,F,4,,1,La Zubia,0,12,13
1799,30/07/2024,08/10/2024,31/07/2024,IAHS,14,27,2,8,4,4,25.3,11,"Torres Ortiz, Juan",1,,11,M,7,,2,La Zubia,0,11,0
1800,29/01/2025,05/02/2025,29/01/2025,Sesión formativa: alimentación saludable,22,3,7,8,4,4,3.8,2,"Cabrera Ramos, Pilar",1,,11,F,6,,0,La Zubia,0,3,6
1801,25/04/2025,25/04/2025,30/04/2025,Sesión clínica: vacunación,21,27,5,10,3,7,1.4,1,"Torres Ortiz, Juan",1,,11,M,7,,2,La Zubia,0,3,5
1802,02/01/2024,16/01/2024,04/01/2024,Reunión coordinación — consumo alcohol,3,6,15,5,2,3,4.8,3,"Rodríguez Reyes, Alejandro",1,,11,M,6,,1,La Zubia,0,10,0
1803,24/04/2025,01/05/2025,26/04/2025,Sesión clínica: uso medicamento,21,25,15,27,11,16,3.6,2,"Rodríguez Reyes, Alejandro",1,,11,M,6,,0,La Zubia,1,0,15
1804,25/11/2025,25/11/2025,27/11/2025,Charla sobre manejo enf. crónicas,0,16,4,60,22,38,1.1,1,"Rodríguez Reyes, Alejandro",1,,11,M,6,,1,La Zubia,0,10,0
1805,27/09/2025,20/12/2025,28/09/2025,PITA,16,12,14,15,6,9,31.2,13,"Castro Martínez, Andrés",1,,11,M,2,1,1,La Zubia,0,3,14
1806,09/05/2024,16/05/2024,11/05/2024,Sesión formativa: vacunación,22,27,19,13,7,6,3.8,2,"Torres Domínguez, Víctor",1,,11,M,14,,0,La Zubia,0,13,2
1807,25/08/2025,01/09/2025,25/08/2025,Actividad PS: manejo enf. crónicas,4,16,19,13,5,8,3.6,2,"Rodríguez Reyes, Alejandro",1,,11,M,6,,0,La Zubia,0,10,0
1808,02/02/2025,09/02/2025,04/02/2025,Sesión formativa: uso medicamento,22,25,24,28,10,18,2.0,2,"Torres Domínguez, Víctor",1,,11,M,14,,1,La Zubia,0,10,13
1809,31/03/2025,07/04/2025,03/04/2025,Actividad PS: IRAS,24,14,20,7,2,5,3.0,2,"González Ruiz, Fernando",1,,11,M,1,,2,La Zubia,0,13,5
1810,31/03/2024,21/04/2024,05/04/2024,Reunión coordinación — alimentación saludable,3,3,5,5,3,2,7.2,4,"Rodríguez Reyes, Alejandro",1,,11,M,6,,0,La Zubia,0,8,7
1811,03/04/2024,03/04/2024,07/04/2024,Charla sobre voluntades vitales,0,29,22,27,8,19,0.8,1,"Navarro Lara, Marta",1,,11,F,6,,1,La Zubia,0,14,12
1812,05/05/2024,05/05/2024,06/05/2024,Mesa informativa: parentalidad positiva,19,20,24,13,4,9,1.2,1,"Martínez Aguilar, Cristina",1,,11,F,9,,0,La Zubia,0,13,13
1813,26/07/2025,09/08/2025,28/07/2025,Actividad PS: uso medicamento,24,25,5,36,19,17,5.7,3,"Cabrera Ramos, Pilar",1,,11,F,6,,0,La Zubia,1,12,7
1814,24/06/2024,24/06/2024,29/06/2024,Actividad PS: vacunación,4,27,2,24,9,15,1.8,1,"González Ortiz, Carlos",1,,11,M,6,,0,La Zubia,0,1,10
1815,02/03/2025,02/03/2025,07/03/2025,Actividad PS: act. física,4,1,17,40,13,27,1.1,1,"Cabrera Ramos, Pilar",1,,11,F,6,,1,La Zubia,0,6,12
1816,20/12/2024,27/12/2024,23/12/2024,Sesión clínica: manejo enf. crónicas,21,16,18,12,4,8,2.4,2,"Díaz Romero, Juan",1,,11,M,6,,0,La Zubia,0,5,7
1817,19/07/2024,19/07/2024,19/07/2024,Sesión formativa: vacunación,22,27,16,14,4,10,1.2,1,"Torres Domínguez, Víctor",1,,11,M,14,,1,La Zubia,0,14,14
1818,02/06/2024,09/06/2024,05/06/2024,Ponencia: IRAS,20,14,17,51,25,26,5.8,2,"González Ruiz, Fernando",1,,11,M,1,,0,La Zubia,0,8,3
1819,20/12/2024,04/04/2025,21/12/2024,IAHS,14,21,7,17,4,13,36.8,16,"Castro Martínez, Andrés",1,,11,M,2,1,0,La Zubia,0,2,12
1820,06/02/2024,26/03/2024,09/02/2024,Taller de voluntades vitales,23,29,17,19,7,12,15.2,8,"Cabrera Ramos, Pilar",1,,11,F,6,,2,La Zubia,0,13,1
1821,06/05/2025,10/06/2025,10/05/2025,GRUSE,13,30,22,20,9,11,10.2,6,"Martínez Aguilar, Cristina",1,,11,F,9,,1,La Zubia,0,0,12
1822,18/06/2025,18/06/2025,21/06/2025,Sesión formativa: prev. accidentes,22,21,20,11,2,9,1.5,1,"Delgado Cortés, Sofía",1,,11,F,5,,1,La Zubia,1,3,13
1823,09/05/2025,23/05/2025,09/05/2025,Reunión coordinación — higiene postural,3,12,11,2,1,1,4.5,3,"Delgado Cortés, Sofía",1,,11,F,5,,1,La Zubia,0,12,6
1824,17/10/2025,31/10/2025,17/10/2025,Ponencia: prev. accidentes,20,21,9,92,27,65,8.4,3,"González Ruiz, Fernando",1,,11,M,1,,0,La Zubia,0,11,13
1825,02/11/2024,11/01/2025,07/11/2024,PSIA,17,18,9,9,2,7,18.7,11,"Martínez Aguilar, Cristina",1,,11,F,9,,0,La Zubia,1,12,5
1826,08/03/2025,08/03/2025,10/03/2025,Ponencia: voluntades vitales,20,29,9,80,40,40,2.6,1,"Rodríguez Reyes, Alejandro",1,,11,M,6,,0,La Zubia,0,2,6
1827,17/12/2024,17/12/2024,20/12/2024,Sesión formativa: lactancia materna,22,15,4,9,3,6,1.5,1,"Carmona García, Ana",1,,11,F,7,,1,La Zubia,0,2,15
1828,24/12/2025,24/12/2025,24/12/2025,Mesa informativa: act. física,19,1,1,19,8,11,1.2,1,"Cabrera Ramos, Pilar",1,,11,F,6,,0,La Zubia,0,4,8
1829,27/09/2025,27/09/2025,01/10/2025,Mesa informativa: enf. transmisibles,19,9,17,22,8,14,1.4,1,"Torres Ortiz, Juan",1,,11,M,7,,1,La Zubia,0,0,9
1830,13/07/2024,03/08/2024,16/07/2024,Actividad PS: manejo enf. crónicas,24,16,10,24,13,11,5.2,4,"González Ortiz, Carlos",1,,11,M,6,,0,La Zubia,0,4,5
1831,15/05/2024,22/05/2024,20/05/2024,Sesión formativa: uso medicamento,22,25,20,19,7,12,3.2,2,"Navarro Lara, Marta",1,,11,F,6,,1,La Zubia,0,10,3
1832,25/02/2024,28/04/2024,28/02/2024,Grupo EPOC/asma,8,10,4,18,4,14,24.0,10,"Hidalgo Domínguez, Concepción",1,,11,F,2,8,1,La Zubia,0,11,3
1833,10/02/2025,17/03/2025,10/02/2025,Ponencia: otras temáticas,20,30,16,38,14,24,6.0,6,"González Ortiz, Carlos",1,,11,M,6,,0,La Zubia,0,8,9
1834,30/09/2025,14/10/2025,30/09/2025,Sesión clínica: enf. transmisibles,21,9,25,26,10,16,4.5,3,"Torres Ortiz, Juan",1,,11,M,7,,2,La Zubia,0,2,1
1835,15/04/2025,03/06/2025,18/04/2025,Rehabilitación respiratoria,10,8,21,15,9,6,16.0,8,"Castro Martínez, Andrés",1,,11,M,2,1,2,La Zubia,1,2,1
1836,30/10/2025,18/12/2025,04/11/2025,Taller de consumo alcohol,23,6,12,30,8,22,15.2,8,"Vargas Cabrera, Francisco",1,,11,M,8,,1,La Zubia,1,3,4
1837,17/06/2024,08/07/2024,21/06/2024,Ponencia: tabaco,20,7,1,109,28,81,8.8,4,"Rodríguez Reyes, Alejandro",1,,11,M,6,,2,La Zubia,0,12,10
1838,10/01/2024,14/02/2024,12/01/2024,Actividad PS: IRAS,1,14,13,42,22,20,8.4,6,"González Ruiz, Fernando",1,,11,M,1,,2,La Zubia,0,12,15
1839,11/11/2024,11/11/2024,15/11/2024,Charla sobre act. física,0,1,4,55,14,41,1.4,1,"Navarro Lara, Marta",1,,11,F,6,,0,La Zubia,1,12,5
1840,18/09/2024,18/09/2024,21/09/2024,Charla sobre act. física,0,1,8,12,3,9,2.0,1,"Martínez Aguilar, Cristina",1,,11,F,9,,2,La Zubia,0,13,9
1841,11/01/2025,25/01/2025,13/01/2025,Reunión coordinación — dolor crónico,3,8,12,6,2,4,3.6,3,"Delgado Cortés, Sofía",1,,11,F,5,,2,La Zubia,0,2,1
1842,17/01/2025,17/01/2025,17/01/2025,Mesa informativa: act. física,19,1,14,17,7,10,1.7,1,"Torres Ortiz, Juan",1,,11,M,7,,2,La Zubia,0,7,9
1843,28/01/2024,28/01/2024,28/01/2024,Charla sobre alimentación saludable,0,3,1,23,5,18,1.6,1,"Torres Domínguez, Víctor",1,,11,M,14,,1,La Zubia,0,8,1
1844,24/06/2024,16/09/2024,24/06/2024,IAHS,14,21,8,18,10,8,22.1,13,"Carmona García, Ana",1,,11,F,7,,1,La Zubia,0,7,3
1845,11/04/2024,06/06/2024,15/04/2024,PSIA,17,4,20,9,0,9,18.0,9,"Castro Martínez, Andrés",1,,11,M,2,1,2,La Zubia,0,2,10
1846,11/06/2024,11/06/2024,11/06/2024,Charla sobre otras temáticas,0,30,12,22,7,15,1.2,1,"González Ortiz, Carlos",1,,11,M,6,,0,La Zubia,0,5,5
1847,30/03/2025,20/04/2025,02/04/2025,Reunión coordinación — otras adicciones,3,18,4,7,4,3,5.2,4,"Carmona Suárez, Beatriz",1,,11,F,4,,0,La Zubia,0,6,7
1848,31/12/2024,31/12/2024,01/01/2025,Charla sobre consumo alcohol,0,6,23,35,14,21,1.0,1,"Carmona Suárez, Beatriz",1,,11,F,4,,2,La Zubia,0,14,12
1849,30/07/2025,20/08/2025,04/08/2025,Actividad PS: voluntades vitales,24,29,10,11,4,7,6.4,4,"Cabrera Ramos, Pilar",1,,11,F,6,,1,La Zubia,0,10,1
1850,06/04/2024,06/04/2024,09/04/2024,Sesión formativa: consumo alcohol,22,6,10,21,8,13,1.7,1,"González Ortiz, Carlos",1,,11,M,6,,2,La Zubia,1,0,0
1851,28/07/2024,28/07/2024,28/07/2024,Charla sobre act. física,0,1,6,24,10,14,1.7,1,"Carmona García, Ana",1,,11,F,7,,1,La Zubia,1,13,13
1852,24/02/2024,02/03/2024,27/02/2024,Ponencia: consumo alcohol,20,6,13,21,5,16,5.8,2,"González Ortiz, Carlos",1,,11,M,6,,1,La Zubia,0,12,13
1853,13/08/2024,27/08/2024,16/08/2024,Taller de bienestar emocional,23,4,21,28,9,19,6.3,3,"Torres Ortiz, Juan",1,,11,M,7,,0,La Zubia,0,7,3
1854,03/08/2025,10/08/2025,08/08/2025,Sesión formativa: salud bucodental,22,23,18,5,2,3,3.4,2,"Torres Domínguez, Víctor",1,,11,M,14,,2,La Zubia,0,0,14
1855,25/12/2024,22/01/2025,26/12/2024,Programa educación maternal,11,20,13,20,2,18,9.0,5,"Carmona García, Ana",1,,11,F,7,,2,La Zubia,1,13,3
1856,21/05/2025,21/05/2025,24/05/2025,Actividad PS: manejo enf. crónicas,4,16,22,18,5,13,1.1,1,"Díaz Romero, Juan",1,,11,M,6,,1,La Zubia,0,8,9
1857,06/02/2024,06/02/2024,10/02/2024,Mesa informativa: menopausia,19,17,4,31,12,19,0.9,1,"Carmona Suárez, Beatriz",1,,11,F,4,,2,La Zubia,0,11,1
1858,28/03/2024,02/05/2024,30/03/2024,Taller de enf. transmisibles,23,9,20,10,2,8,17.4,6,"Torres Ortiz, Juan",1,,11,M,7,,1,La Zubia,0,3,10
1859,14/02/2025,14/02/2025,14/02/2025,Mesa informativa: alimentación saludable,19,3,25,35,14,21,0.7,1,"Carmona García, Ana",1,,11,F,7,,2,La Zubia,0,6,12
1860,25/12/2025,31/12/2025,25/12/2025,Actividad PS: uso medicamento,24,25,12,39,15,24,3.9,3,"Rodríguez Reyes, Alejandro",1,,11,M,6,,2,La Zubia,0,14,3
1861,14/11/2024,12/12/2024,14/11/2024,Ponencia: prev. accidentes,20,21,24,84,27,57,11.5,5,"Martínez Aguilar, Cristina",1,,11,F,9,,1,La Zubia,0,9,4
1862,11/01/2025,25/01/2025,12/01/2025,Sesión formativa: salud bucodental,22,23,25,15,5,10,5.4,3,"Martínez Aguilar, Cristina",1,,11,F,9,,0,La Zubia,0,11,6
1863,18/04/2024,06/06/2024,19/04/2024,PIOBIN,15,9,20,21,9,12,19.2,8,"Castro Martínez, Andrés",1,,11,M,2,1,1,La Zubia,0,3,12
1864,28/05/2024,28/05/2024,31/05/2024,Sesión clínica: tabaco,21,7,15,13,5,8,1.7,1,"Rodríguez Reyes, Alejandro",1,,11,M,6,,1,La Zubia,0,5,9
1865,05/07/2024,05/07/2024,07/07/2024,Actividad PS: uso medicamento,24,25,25,29,10,19,1.4,1,"Navarro Lara, Marta",1,,11,F,6,,0,La Zubia,0,1,14
1866,14/10/2025,04/11/2025,16/10/2025,Actividad PS: IRAS,24,14,15,20,5,15,5.6,4,"Díaz Alonso, Sergio",1,,12,M,11,,2,Las Gabias,1,4,6
1867,04/10/2024,25/10/2024,05/10/2024,GRUSE,13,20,8,25,13,12,6.4,4,"Reyes Díaz, Raquel",1,,12,F,13,,2,Las Gabias,1,3,15
1868,25/07/2024,25/07/2024,28/07/2024,Sesión formativa: otras temáticas,22,30,21,12,4,8,1.9,1,"Vega Aguilar, Concepción",1,,12,F,10,,2,Las Gabias,0,2,12
1869,25/12/2025,31/12/2025,25/12/2025,Mapeo de activos: higiene manos,18,11,23,40,22,18,5.4,3,"Fernández Navarro, Amparo",1,,12,F,3,,1,Las Gabias,0,3,5
1870,16/04/2025,21/05/2025,19/04/2025,Ponencia: prev. accidentes,20,21,2,28,11,17,16.8,6,"Pérez Ramos, Antonio",1,,12,M,12,,0,Las Gabias,0,6,12
1871,13/10/2025,13/10/2025,13/10/2025,Mesa informativa: higiene manos,19,11,10,17,9,8,1.1,1,"Flores Navarro, Isabel",1,,12,F,11,,0,Las Gabias,0,2,7
1872,27/03/2025,10/04/2025,28/03/2025,Actividad PS: enf. transmisibles,1,9,11,47,12,35,9.0,3,"Díaz Alonso, Sergio",1,,12,M,11,,0,Las Gabias,0,5,8
1873,28/01/2025,28/01/2025,01/02/2025,Actividad PS: envejecimiento,24,10,2,22,7,15,1.9,1,"Vega Aguilar, Concepción",1,,12,F,10,,2,Las Gabias,1,10,15
1874,22/05/2025,12/06/2025,26/05/2025,Actividad PS: consumo alcohol,4,6,5,11,5,6,6.0,4,"Martínez Sánchez, Roberto",1,,12,M,6,,0,Las Gabias,0,7,9
1875,20/05/2024,03/06/2024,20/05/2024,Actividad PS: prev. accidentes,1,21,9,41,14,27,7.8,3,"Fernández Navarro, Amparo",1,,12,F,3,,0,Las Gabias,0,3,3
1876,12/06/2024,18/09/2024,16/06/2024,IAHS,14,4,20,25,8,17,30.0,15,"Morales Rodríguez, Andrés",1,,12,M,2,4,2,Las Gabias,0,5,12
1877,18/01/2024,01/02/2024,23/01/2024,Reunión coordinación — envejecimiento,3,10,16,2,1,1,4.2,3,"Morales Rodríguez, Andrés",1,,12,M,2,4,0,Las Gabias,0,5,12
1878,02/05/2025,23/05/2025,04/05/2025,Ponencia: otras temáticas,20,30,22,81,23,58,11.2,4,"Pérez Ramos, Antonio",1,,12,M,12,,0,Las Gabias,0,1,1
1879,20/01/2025,10/02/2025,23/01/2025,Actividad PS: primeros auxilios,1,22,18,44,9,35,8.0,4,"Díaz Alonso, Sergio",1,,12,M,11,,2,Las Gabias,0,0,10
1880,13/09/2025,04/10/2025,14/09/2025,Actividad PS: primeros auxilios,24,22,6,22,6,16,4.8,4,"Díaz Alonso, Sergio",1,,12,M,11,,2,Las Gabias,0,9,13
1881,26/11/2024,03/12/2024,30/11/2024,Actividad PS: vacunación,1,27,9,95,37,58,3.4,2,"Flores Navarro, Isabel",1,,12,F,11,,2,Las Gabias,0,11,4
1882,21/11/2024,21/11/2024,25/11/2024,Reunión coordinación — prev. accidentes,3,21,13,6,2,4,1.6,1,"Vega Aguilar, Concepción",1,,12,F,10,,0,Las Gabias,0,6,10
1883,10/04/2024,19/06/2024,15/04/2024,GRUSE,13,6,20,23,11,12,22.0,11,"Reyes Díaz, Raquel",1,,12,F,13,,0,Las Gabias,0,14,5
1884,27/12/2025,27/12/2025,01/01/2026,Mesa informativa: primeros auxilios,19,22,21,17,5,12,0.9,1,"Díaz Alonso, Sergio",1,,12,M,11,,2,Las Gabias,0,14,8
1885,27/02/2025,27/02/2025,28/02/2025,Sesión formativa: prev. accidentes,22,21,25,17,6,11,1.9,1,"Fernández Navarro, Amparo",1,,12,F,3,,2,Las Gabias,0,3,10
1886,09/02/2024,09/02/2024,14/02/2024,Ponencia: otras temáticas,20,30,6,110,37,73,2.9,1,"Díaz Alonso, Sergio",1,,12,M,11,,2,Las Gabias,0,8,1
1887,06/12/2025,20/12/2025,09/12/2025,Actividad PS: higiene postural,24,12,11,7,2,5,4.2,3,"Vega Aguilar, Concepción",1,,12,F,10,,2,Las Gabias,0,4,2
1888,11/02/2025,25/02/2025,15/02/2025,Actividad PS: primeros auxilios,24,22,1,36,11,25,4.5,3,"Díaz Alonso, Sergio",1,,12,M,11,,0,Las Gabias,0,11,12
1889,15/05/2024,15/05/2024,20/05/2024,Reunión coordinación — prev. accidentes,3,21,2,10,3,7,1.2,1,"Vega Aguilar, Concepción",1,,12,F,10,,2,Las Gabias,0,1,1
1890,30/12/2025,31/12/2025,30/12/2025,Actividad PS: otras temáticas,24,30,17,15,8,7,7.6,4,"Pérez Ramos, Antonio",1,,12,M,12,,0,Las Gabias,0,13,11
1891,12/10/2025,09/11/2025,17/10/2025,Rehabilitación respiratoria,10,8,2,14,8,6,12.0,5,"Espinosa Suárez, Cristina",1,,12,F,5,,1,Las Gabias,0,10,1
1892,27/12/2025,31/12/2025,30/12/2025,PIOBIN,15,12,12,20,9,11,20.4,12,"Flores Fuentes, Raquel",1,,12,F,2,9,2,Las Gabias,0,4,0
1893,25/06/2024,25/06/2024,26/06/2024,Mesa informativa: prev. accidentes,19,21,22,57,29,28,0.8,1,"Díaz Alonso, Sergio",1,,12,M,11,,2,Las Gabias,0,10,5
1894,29/07/2024,29/07/2024,29/07/2024,Charla sobre parentalidad positiva,0,20,20,31,11,20,0.8,1,"Reyes Díaz, Raquel",1,,12,F,13,,0,Las Gabias,0,2,15
1895,13/01/2024,13/01/2024,13/01/2024,Actividad PS: higiene manos,1,11,4,29,6,23,1.1,1,"Fernández Navarro, Amparo",1,,12,F,3,,1,Las Gabias,0,12,8
1896,31/07/2025,07/08/2025,31/07/2025,Actividad PS: sexualidad,24,24,4,5,1,4,2.2,2,"Pérez Jiménez, Beatriz",1,,12,F,13,,1,Las Gabias,0,13,2
1897,13/04/2025,11/05/2025,16/04/2025,Taller de manejo enf. crónicas,23,16,20,15,5,10,14.0,5,"Pérez Jiménez, Beatriz",1,,12,F,13,,0,Las Gabias,0,7,13
1898,15/06/2024,03/08/2024,16/06/2024,GRUSE,13,14,15,9,2,7,20.0,8,"Reyes Díaz, Raquel",1,,12,F,13,,1,Las Gabias,1,14,12
1899,16/02/2024,16/02/2024,21/02/2024,Ponencia: prev. accidentes,20,21,24,84,38,46,1.6,1,"Vega Aguilar, Concepción",1,,12,F,10,,0,Las Gabias,0,7,14
1900,30/07/2025,30/07/2025,31/07/2025,Charla sobre higiene postural,0,12,15,25,6,19,1.0,1,"Espinosa Suárez, Cristina",1,,12,F,5,,2,Las Gabias,0,3,10
1901,26/11/2024,26/11/2024,27/11/2024,Mesa informativa: consumo alcohol,19,6,9,50,12,38,1.9,1,"Pérez Jiménez, Beatriz",1,,12,F,13,,2,Las Gabias,0,8,7
1902,10/01/2025,21/02/2025,12/01/2025,Grupo dolor crónico,6,13,2,21,7,14,16.1,7,"Espinosa Suárez, Cristina",1,,12,F,5,,1,Las Gabias,0,3,12
1903,06/04/2025,06/04/2025,10/04/2025,Actividad PS: bienestar emocional,24,4,25,35,11,24,1.4,1,"Reyes Díaz, Raquel",1,,12,F,13,,0,Las Gabias,0,6,6
1904,31/10/2025,31/12/2025,05/11/2025,Grupo EPOC/asma,8,8,21,16,7,9,20.8,13,"Flores Fuentes, Raquel",1,,12,F,2,9,2,Las Gabias,0,4,7
1905,28/06/2025,12/07/2025,29/06/2025,Sesión formativa: prev. accidentes,22,21,17,14,7,7,4.2,3,"Flores Navarro, Isabel",1,,12,F,11,,0,Las Gabias,0,1,10
1906,27/04/2024,04/05/2024,30/04/2024,Reunión coordinación — otras temáticas,3,30,15,7,3,4,2.4,2,"Pérez Ramos, Antonio",1,,12,M,12,,2,Las Gabias,0,4,10
1907,05/03/2024,05/03/2024,06/03/2024,Sesión clínica: vacunación,21,27,5,30,6,24,1.1,1,"Martínez Sánchez, Roberto",1,,12,M,6,,0,Las Gabias,0,12,12
1908,18/09/2025,06/11/2025,20/09/2025,IAHS,14,16,5,25,8,17,18.4,8,"Morales Rodríguez, Andrés",1,,12,M,2,4,1,Las Gabias,0,14,0
1909,27/08/2025,27/08/2025,01/09/2025,Charla sobre uso medicamento,0,25,17,19,9,10,1.6,1,"Medina Espinosa, Fernando",1,,12,M,6,,2,Las Gabias,0,6,10
1910,08/08/2025,22/08/2025,11/08/2025,Actividad PS: violencia género,24,28,17,23,7,16,5.7,3,"Reyes Díaz, Raquel",1,,12,F,13,,2,Las Gabias,0,5,0
1911,01/05/2025,15/05/2025,05/05/2025,Sesión formativa: manejo enf. crónicas,22,16,25,10,5,5,3.6,3,"Pérez Jiménez, Beatriz",1,,12,F,13,,2,Las Gabias,0,14,10
1912,06/11/2025,27/11/2025,08/11/2025,Actividad PS: primeros auxilios,24,22,1,8,4,4,5.6,4,"Díaz Alonso, Sergio",1,,12,M,11,,2,Las Gabias,0,1,7
1913,20/03/2025,27/03/2025,21/03/2025,Reunión coordinación — prev. accidentes,3,21,21,10,3,7,2.2,2,"Pérez Ramos, Antonio",1,,12,M,12,,0,Las Gabias,0,2,1
1914,24/01/2024,03/04/2024,26/01/2024,Grupo dolor crónico,6,8,8,10,5,5,17.6,11,"Espinosa Suárez, Cristina",1,,12,F,5,,1,Las Gabias,0,6,1
1915,23/11/2024,14/12/2024,25/11/2024,Actividad PS: higiene postural,1,12,7,92,25,67,8.0,4,"Pérez Ramos, Antonio",1,,12,M,12,,2,Las Gabias,0,7,3
1916,27/10/2025,17/11/2025,29/10/2025,Actividad PS: act. física,4,1,12,26,5,21,6.4,4,"Medina Espinosa, Fernando",1,,12,M,6,,0,Las Gabias,0,12,8
1917,17/07/2025,24/07/2025,21/07/2025,Taller de otras temáticas,23,30,14,14,7,7,3.2,2,"Medina Espinosa, Fernando",1,,12,M,6,,1,Las Gabias,0,10,0
1918,28/02/2024,28/02/2024,02/03/2024,Mesa informativa: prev. accidentes,19,21,22,54,25,29,1.8,1,"Díaz Alonso, Sergio",1,,12,M,11,,2,Las Gabias,1,7,3
1919,10/12/2025,10/12/2025,12/12/2025,Sesión formativa: enf. transmisibles,22,9,6,17,9,8,1.6,1,"Flores Navarro, Isabel",1,,12,F,11,,2,Las Gabias,0,11,15
1920,31/01/2024,20/03/2024,02/02/2024,Taller de conducta suicida,23,5,12,12,6,6,16.8,8,"Pérez Jiménez, Beatriz",1,,12,F,13,,1,Las Gabias,0,5,7
1921,26/12/2025,31/12/2025,26/12/2025,Taller de primeros auxilios,23,22,19,22,10,12,10.4,4,"Espinosa Suárez, Cristina",1,,12,F,5,,2,Las Gabias,0,7,14
1922,25/09/2024,02/10/2024,27/09/2024,Reunión coordinación — consumo alcohol,3,6,6,9,2,7,3.4,2,"Pérez Jiménez, Beatriz",1,,12,F,13,,2,Las Gabias,0,9,0
1923,21/01/2025,04/02/2025,24/01/2025,Ponencia: vacunación,20,27,3,57,26,31,6.6,3,"Medina Espinosa, Fernando",1,,12,M,6,,0,Las Gabias,0,12,1
1924,05/12/2025,05/12/2025,06/12/2025,Charla sobre violencia género,0,28,2,37,16,21,1.1,1,"Pérez Jiménez, Beatriz",1,,12,F,13,,0,Las Gabias,0,12,0
1925,25/03/2025,22/04/2025,25/03/2025,Actividad PS: otras temáticas,1,30,9,113,33,80,9.5,5,"Fernández Navarro, Amparo",1,,12,F,3,,1,Las Gabias,0,3,13
1926,07/07/2025,21/07/2025,12/07/2025,Actividad PS: otras temáticas,1,30,6,83,46,37,5.7,3,"Díaz Alonso, Sergio",1,,12,M,11,,0,Las Gabias,0,9,5
1927,19/11/2024,17/12/2024,24/11/2024,Ponencia: alimentación saludable,20,3,2,46,17,29,10.5,5,"Martínez Sánchez, Roberto",1,,12,M,6,,0,Las Gabias,0,4,2
1928,10/01/2024,10/01/2024,13/01/2024,Mesa informativa: violencia género,19,28,5,46,18,28,2.0,1,"Pérez Jiménez, Beatriz",1,,12,F,13,,0,Las Gabias,0,9,10
1929,01/02/2024,22/02/2024,05/02/2024,Actividad PS: manejo enf. crónicas,24,16,15,14,5,9,5.2,4,"Pérez Jiménez, Beatriz",1,,12,F,13,,0,Las Gabias,0,8,3
1930,07/03/2024,07/03/2024,08/03/2024,Actividad PS: higiene manos,1,11,17,56,20,36,2.2,1,"Díaz Alonso, Sergio",1,,12,M,11,,0,Las Gabias,0,5,4
1931,24/02/2025,10/03/2025,01/03/2025,Mapeo de activos: otras temáticas,18,30,3,8,3,5,4.5,3,"Díaz Alonso, Sergio",1,,12,M,11,,0,Las Gabias,0,1,14
1932,03/10/2024,10/10/2024,06/10/2024,Sesión formativa: otras temáticas,22,30,5,24,12,12,2.6,2,"Vega Aguilar, Concepción",1,,12,F,10,,1,Las Gabias,0,0,6
1933,07/06/2024,28/06/2024,07/06/2024,Actividad PS: higiene postural,24,12,8,23,8,15,5.2,4,"Vega Aguilar, Concepción",1,,12,F,10,,2,Las Gabias,1,0,4
1934,20/03/2025,20/03/2025,21/03/2025,Mesa informativa: primeros auxilios,19,22,8,33,9,24,1.2,1,"Flores Navarro, Isabel",1,,12,F,11,,1,Las Gabias,0,6,3
1935,28/06/2024,19/07/2024,03/07/2024,Ponencia: IRAS,20,14,8,41,11,30,10.8,4,"Díaz Alonso, Sergio",1,,12,M,11,,2,Las Gabias,0,14,11
1936,04/09/2025,18/12/2025,08/09/2025,PIOBIN,15,16,18,23,10,13,25.6,16,"Morales Rodríguez, Andrés",1,,12,M,2,4,1,Las Gabias,0,14,13
1937,21/01/2024,24/03/2024,24/01/2024,Grupo EPOC/asma,8,16,2,24,7,17,24.0,10,"Flores Fuentes, Raquel",1,,12,F,2,9,1,Las Gabias,0,1,2
1938,07/07/2024,07/07/2024,08/07/2024,Charla sobre uso medicamento,0,25,2,45,14,31,1.2,1,"Flores Ruiz, Laura",1,,13,F,6,,2,Loja,0,2,2
1939,30/09/2024,11/11/2024,04/10/2024,Taller de prev. accidentes,23,21,22,23,7,16,15.4,7,"Pérez López, Mónica",1,,13,F,7,,1,Loja,0,9,4
1940,15/06/2024,21/09/2024,19/06/2024,PITA,16,10,12,15,5,10,24.0,15,"Rodríguez Lara, Elena",1,,13,F,2,8,0,Loja,0,10,12
1941,17/08/2025,17/08/2025,22/08/2025,Mesa informativa: act. física,19,1,18,38,16,22,1.0,1,"Pérez López, Mónica",1,,13,F,7,,1,Loja,0,4,13
1942,13/07/2025,17/08/2025,17/07/2025,Rehabilitación respiratoria,10,22,24,9,6,3,10.2,6,"Rodríguez Lara, Elena",1,,13,F,2,8,0,Loja,0,0,7
1943,17/01/2024,21/02/2024,20/01/2024,Programa educación maternal,11,15,8,15,1,14,9.0,6,"Pérez López, Mónica",1,,13,F,7,,1,Loja,1,11,5
1944,15/11/2024,17/01/2025,19/11/2024,PITA,16,27,3,21,11,10,18.0,10,"Rodríguez Lara, Elena",1,,13,F,2,8,0,Loja,0,5,15
1945,18/10/2025,06/12/2025,21/10/2025,PSIA,17,20,1,8,2,6,16.0,8,"Reyes Ruiz, Juan",1,,13,M,2,9,0,Loja,0,0,9
1946,02/11/2024,25/01/2025,06/11/2024,Grupo cuidadoras,5,3,9,13,7,6,32.5,13,"Cabrera Gutiérrez, Amparo",1,,13,F,2,1,2,Loja,0,7,2
1947,02/12/2025,16/12/2025,04/12/2025,Actividad PS: violencia género,24,28,11,30,15,15,5.1,3,"Domínguez Suárez, Roberto",1,,13,M,8,,1,Loja,0,10,5
1948,10/02/2025,10/02/2025,13/02/2025,Charla sobre salud bucodental,0,23,18,56,11,45,1.9,1,"Reyes Suárez, Juan",1,,13,M,14,,1,Loja,0,3,12
1949,07/05/2025,07/05/2025,11/05/2025,Reunión coordinación — prev. accidentes,3,21,11,5,2,3,1.6,1,"Reyes Ruiz, Juan",1,,13,M,2,9,2,Loja,0,11,9
1950,06/02/2024,06/02/2024,06/02/2024,Actividad PS: bienestar emocional,24,4,13,12,5,7,1.9,1,"Aguilar Navarro, Carlos",1,,13,M,8,,1,Loja,0,8,14
1951,13/04/2024,25/05/2024,14/04/2024,Grupo diabetológico,7,11,21,14,3,11,14.7,7,"Cabrera Gutiérrez, Amparo",1,,13,F,2,1,0,Loja,0,4,11
1952,07/10/2025,31/12/2025,11/10/2025,Programa educación maternal,11,16,23,25,5,20,32.0,16,"Reyes Ruiz, Juan",1,,13,M,2,9,0,Loja,0,5,7
1953,14/08/2025,28/08/2025,19/08/2025,Actividad PS: sexualidad,24,24,14,5,2,3,3.0,3,"Aguilar Navarro, Carlos",1,,13,M,8,,1,Loja,0,13,1
1954,16/05/2024,23/05/2024,20/05/2024,Actividad PS: consumo alcohol,24,6,1,16,7,9,2.4,2,"Flores Ruiz, Laura",1,,13,F,6,,0,Loja,1,5,12
1955,06/05/2025,06/05/2025,10/05/2025,Mesa informativa: vacunación,19,27,10,35,12,23,1.1,1,"Reyes Suárez, Juan",1,,13,M,14,,1,Loja,0,2,12
1956,27/05/2024,05/08/2024,31/05/2024,Grupo EPOC/asma,8,8,14,21,5,16,20.9,11,"González Ortiz, Carmen",1,,13,F,2,9,0,Loja,0,9,2
1957,19/02/2024,22/04/2024,20/02/2024,Programa educación maternal,11,20,25,20,3,17,20.0,10,"Cabrera Gutiérrez, Amparo",1,,13,F,2,1,2,Loja,0,6,7
1958,05/10/2024,12/10/2024,06/10/2024,Sesión clínica: manejo enf. crónicas,21,16,16,11,4,7,2.6,2,"Rubio Moreno, Verónica",1,,13,F,4,,0,Loja,0,5,8
1959,13/10/2024,20/10/2024,18/10/2024,Sesión formativa: consumo alcohol,22,6,16,20,9,11,3.8,2,"Aguilar Navarro, Carlos",1,,13,M,8,,0,Loja,0,0,4
1960,16/11/2025,30/11/2025,20/11/2025,Sesión formativa: higiene postural,22,12,6,26,6,20,3.6,3,"Reyes Ruiz, Juan",1,,13,M,2,9,1,Loja,0,14,3
1961,22/12/2025,22/12/2025,24/12/2025,Mesa informativa: otras adicciones,19,18,12,57,25,32,1.4,1,"Rubio Moreno, Verónica",1,,13,F,4,,2,Loja,0,13,13
1962,03/08/2024,03/08/2024,04/08/2024,Charla sobre consumo alcohol,0,6,9,33,16,17,1.0,1,"Rubio Moreno, Verónica",1,,13,F,4,,2,Loja,0,13,13
1963,13/02/2024,13/02/2024,13/02/2024,Reunión coordinación — alimentación saludable,3,3,15,2,1,1,1.5,1,"Flores Ruiz, Laura",1,,13,F,6,,2,Loja,0,4,9
1964,23/11/2025,14/12/2025,25/11/2025,Reunión coordinación — bienestar emocional,3,4,8,6,3,3,5.6,4,"Aguilar Navarro, Carlos",1,,13,M,8,,0,Loja,0,5,13
1965,21/05/2025,21/05/2025,26/05/2025,Charla sobre consumo alcohol,0,6,9,29,9,20,1.4,1,"Aguilar Navarro, Carlos",1,,13,M,8,,2,Loja,0,5,15
1966,30/08/2025,30/08/2025,30/08/2025,Mesa informativa: voluntades vitales,19,29,19,59,20,39,2.0,1,"Flores Ruiz, Laura",1,,13,F,6,,2,Loja,0,12,1
1967,14/10/2025,28/10/2025,16/10/2025,Sesión clínica: alimentación saludable,21,3,1,6,2,4,3.3,3,"Flores Ruiz, Laura",1,,13,F,6,,2,Loja,0,5,5
1968,28/08/2024,18/09/2024,01/09/2024,Taller de voluntades vitales,23,29,5,23,8,15,6.0,4,"Aguilar Navarro, Carlos",1,,13,M,8,,2,Loja,0,13,7
1969,24/06/2025,16/09/2025,26/06/2025,Grupo dolor crónico,6,22,16,25,12,13,20.8,13,"Rodríguez Lara, Elena",1,,13,F,2,8,1,Loja,0,6,7
1970,23/07/2025,30/07/2025,25/07/2025,Reunión coordinación — voluntades vitales,3,29,4,4,1,3,2.0,2,"Reyes Pérez, Lucía",1,,13,F,2,4,2,Loja,0,5,13
1971,06/06/2025,06/06/2025,10/06/2025,Charla sobre uso medicamento,0,25,21,41,17,24,1.8,1,"Flores Ruiz, Laura",1,,13,F,6,,2,Loja,0,1,15
1972,04/03/2024,10/06/2024,07/03/2024,Grupo EPOC/asma,8,15,13,21,7,14,22.5,15,"González Ortiz, Carmen",1,,13,F,2,9,2,Loja,0,7,6
1973,18/10/2024,01/11/2024,18/10/2024,Sesión clínica: otras temáticas,21,30,6,18,8,10,5.4,3,"Rubio Moreno, Verónica",1,,13,F,4,,2,Loja,0,7,1
1974,04/07/2024,25/07/2024,04/07/2024,Reunión coordinación — otras formas fumar,3,19,12,7,3,4,4.0,4,"Rubio Moreno, Verónica",1,,13,F,4,,2,Loja,0,7,3
1975,01/01/2024,18/03/2024,02/01/2024,PSIA,17,10,8,9,1,8,27.6,12,"Cabrera Gutiérrez, Amparo",1,,13,F,2,1,1,Loja,0,8,12
1976,07/05/2024,23/07/2024,08/05/2024,Grupo dolor crónico,6,27,20,21,7,14,25.2,12,"Cabrera Gutiérrez, Amparo",1,,13,F,2,1,2,Loja,0,7,9
1977,21/07/2025,06/10/2025,25/07/2025,Grupo dolor crónico,6,4,14,10,2,8,27.6,12,"González Ortiz, Carmen",1,,13,F,2,9,2,Loja,0,12,7
1978,25/03/2025,10/06/2025,25/03/2025,Grupo EPOC/asma,8,1,15,15,4,11,28.8,12,"Reyes Ruiz, Juan",1,,13,M,2,9,2,Loja,0,9,1
1979,22/04/2024,22/04/2024,23/04/2024,Reunión coordinación — bienestar emocional,3,4,2,8,2,6,1.7,1,"Domínguez Suárez, Roberto",1,,13,M,8,,2,Loja,0,8,11
1980,10/09/2024,05/11/2024,14/09/2024,IAHS,14,3,21,8,3,5,19.8,9,"Pérez López, Mónica",1,,13,F,7,,2,Loja,0,14,8
1981,08/07/2024,05/08/2024,11/07/2024,Rehabilitación cardiaca,9,6,13,9,6,3,8.5,5,"Reyes Pérez, Lucía",1,,13,F,2,4,1,Loja,0,1,3
1982,07/08/2025,14/08/2025,09/08/2025,Reunión coordinación — sexualidad,3,24,11,2,1,1,2.6,2,"Domínguez Suárez, Roberto",1,,13,M,8,,1,Loja,0,12,15
1983,10/02/2025,10/02/2025,15/02/2025,Charla sobre vacunación,0,27,11,54,20,34,1.7,1,"Reyes Suárez, Juan",1,,13,M,14,,2,Loja,0,10,13
1984,05/09/2024,12/09/2024,06/09/2024,Reunión coordinación — bienestar emocional,3,4,2,9,3,6,3.2,2,"Domínguez Suárez, Roberto",1,,13,M,8,,0,Loja,0,2,14
1985,18/03/2024,18/03/2024,18/03/2024,Actividad PS: violencia género,24,28,22,28,12,16,1.5,1,"Aguilar Navarro, Carlos",1,,13,M,8,,1,Loja,0,0,3
1986,26/08/2024,26/08/2024,28/08/2024,Mesa informativa: uso medicamento,19,25,17,40,14,26,1.9,1,"Reyes Suárez, Juan",1,,13,M,14,,1,Loja,0,6,6
1987,02/01/2024,12/03/2024,07/01/2024,IAHS,14,22,9,21,7,14,23.1,11,"González Ortiz, Carmen",1,,13,F,2,9,2,Loja,0,0,10
1988,17/10/2024,21/11/2024,17/10/2024,PITA,16,20,18,22,9,13,11.4,6,"Reyes Ruiz, Juan",1,,13,M,2,9,0,Loja,0,9,15
1989,30/10/2025,31/12/2025,04/11/2025,GRUSE,13,29,5,25,11,14,27.2,16,"Aguilar Navarro, Carlos",1,,13,M,8,,1,Loja,0,6,1
1990,18/09/2025,18/12/2025,18/09/2025,Programa educación maternal,11,11,22,8,0,8,26.6,14,"González Ortiz, Carmen",1,,13,F,2,9,2,Loja,1,2,11
1991,31/12/2024,15/04/2025,31/12/2024,Grupo diabetológico,7,12,10,20,10,10,30.4,16,"González Ortiz, Carmen",1,,13,F,2,9,1,Loja,0,13,1
1992,29/04/2024,29/04/2024,03/05/2024,Actividad PS: otras adicciones,24,18,12,12,3,9,1.5,1,"Aguilar Navarro, Carlos",1,,13,M,8,,2,Loja,0,10,14
1993,30/09/2024,09/12/2024,04/10/2024,Grupo dolor crónico,6,21,11,12,5,7,17.6,11,"Cabrera Gutiérrez, Amparo",1,,13,F,2,1,0,Loja,0,4,11
1994,14/09/2025,07/12/2025,15/09/2025,Rehabilitación cardiaca,9,4,7,25,14,11,31.2,13,"Reyes Pérez, Lucía",1,,13,F,2,4,0,Loja,1,4,4
1995,20/10/2024,15/12/2024,21/10/2024,IAHS,14,1,15,9,4,5,18.9,9,"González Ortiz, Carmen",1,,13,F,2,9,1,Loja,0,4,7
1996,12/03/2024,02/04/2024,12/03/2024,PITA,16,27,19,14,3,11,10.0,4,"González Ortiz, Carmen",1,,13,F,2,9,0,Loja,0,0,12
1997,01/08/2025,08/08/2025,05/08/2025,Sesión clínica: alimentación saludable,21,3,24,7,3,4,2.2,2,"Reyes Suárez, Juan",1,,13,M,14,,2,Loja,0,1,14
1998,16/03/2025,23/03/2025,17/03/2025,Sesión formativa: manejo enf. crónicas,22,16,25,23,8,15,3.6,2,"Flores Ruiz, Laura",1,,13,F,6,,2,Loja,1,14,1
1999,15/01/2025,05/02/2025,19/01/2025,Taller de consumo alcohol,23,6,4,10,4,6,10.8,4,"Aguilar Navarro, Carlos",1,,13,M,8,,2,Loja,0,6,10
2000,04/01/2025,04/01/2025,04/01/2025,Sesión formativa: enf. transmisibles,22,9,5,25,11,14,1.7,1,"González Ortiz, Carmen",1,,13,F,2,9,2,Loja,0,3,6
2001,16/05/2024,11/07/2024,20/05/2024,IAHS,14,6,12,10,3,7,18.0,9,"Reyes Pérez, Lucía",1,,13,F,2,4,2,Loja,0,4,10
2002,14/01/2024,28/04/2024,16/01/2024,PSIA,17,7,18,20,4,16,33.6,16,"Reyes Ruiz, Juan",1,,13,M,2,9,2,Loja,0,2,7
2003,20/06/2025,20/06/2025,24/06/2025,Charla sobre envejecimiento,0,10,8,12,6,6,0.5,1,"Cabrera Gutiérrez, Amparo",1,,13,F,2,1,0,Loja,0,8,15
2004,08/12/2025,31/12/2025,09/12/2025,Rehabilitación respiratoria,10,16,10,15,9,6,30.0,12,"Reyes Pérez, Lucía",1,,13,F,2,4,0,Loja,0,7,2
2005,01/12/2025,08/12/2025,01/12/2025,Reunión coordinación — uso medicamento,3,25,6,9,4,5,3.0,2,"Rubio Moreno, Verónica",1,,13,F,4,,2,Loja,0,4,9
2006,19/11/2024,07/01/2025,23/11/2024,Grupo cuidadoras,5,1,1,13,3,10,18.4,8,"Reyes Pérez, Lucía",1,,13,F,2,4,2,Loja,0,12,1
2007,03/09/2025,01/10/2025,04/09/2025,Taller de voluntades vitales,23,29,25,27,6,21,13.5,5,"Flores Ruiz, Laura",1,,13,F,6,,2,Loja,0,11,6
2008,17/06/2025,15/07/2025,22/06/2025,GRUSE,13,28,11,19,6,13,11.5,5,"Domínguez Suárez, Roberto",1,,13,M,8,,1,Loja,0,14,4
2009,11/03/2024,18/03/2024,12/03/2024,Sesión formativa: uso medicamento,22,25,23,18,9,9,3.6,2,"Reyes Suárez, Juan",1,,13,M,14,,0,Loja,0,5,7
2010,19/10/2025,26/10/2025,23/10/2025,Sesión clínica: parentalidad positiva,21,20,20,30,13,17,3.0,2,"Pérez López, Mónica",1,,13,F,7,,1,Loja,0,4,9
2011,24/11/2024,15/12/2024,27/11/2024,Rehabilitación cardiaca,9,9,2,8,5,3,8.0,4,"González Ortiz, Carmen",1,,13,F,2,9,2,Loja,1,10,0
2012,01/10/2025,10/12/2025,04/10/2025,PSIA,17,20,25,14,2,12,20.9,11,"Rodríguez Lara, Elena",1,,13,F,2,8,2,Loja,0,4,4
2013,04/08/2024,04/08/2024,04/08/2024,Actividad PS: bienestar emocional,24,4,16,15,3,12,1.4,1,"Domínguez Suárez, Roberto",1,,13,M,8,,1,Loja,0,0,2
2014,17/05/2025,17/05/2025,18/05/2025,Charla sobre enf. transmisibles,0,9,13,13,7,6,2.0,1,"Rodríguez Lara, Elena",1,,13,F,2,8,0,Loja,0,7,2
2015,11/03/2025,08/04/2025,11/03/2025,Grupo diabetológico,7,8,17,9,5,4,9.0,5,"Rodríguez Lara, Elena",1,,13,F,2,8,0,Loja,0,3,4
2016,08/11/2025,31/12/2025,09/11/2025,Rehabilitación respiratoria,10,4,14,21,11,10,25.5,15,"Cabrera Gutiérrez, Amparo",1,,13,F,2,1,0,Loja,0,9,14
2017,10/09/2024,10/09/2024,11/09/2024,Charla sobre sexualidad,0,24,8,27,6,21,0.7,1,"Domínguez Suárez, Roberto",1,,13,M,8,,1,Loja,1,4,10
2018,16/10/2024,04/12/2024,19/10/2024,Rehabilitación cardiaca,9,27,25,16,7,9,13.6,8,"Cabrera Gutiérrez, Amparo",1,,13,F,2,1,0,Loja,0,11,8
2019,15/12/2025,31/12/2025,16/12/2025,PIOBIN,15,10,9,25,10,15,18.7,11,"Cabrera Gutiérrez, Amparo",1,,13,F,2,1,1,Loja,0,5,6
2020,16/08/2024,16/08/2024,19/08/2024,Charla sobre lactancia materna,0,15,15,24,11,13,0.8,1,"Alonso Molina, Rocío",1,,14,F,7,,0,Maracena,0,1,6
2021,10/11/2024,10/11/2024,12/11/2024,Charla sobre consumo alcohol,0,6,1,24,12,12,1.7,1,"Castro Ramos, Ana",1,,14,F,6,,0,Maracena,0,7,11
2022,20/11/2025,31/12/2025,24/11/2025,Programa educación maternal,11,6,19,18,2,16,17.6,8,"Reyes Alonso, Irene",1,,14,F,2,7,0,Maracena,0,8,11
2023,27/04/2024,10/08/2024,01/05/2024,PSIA,17,9,6,19,4,15,35.2,16,"Carmona López, Virginia",1,,14,F,2,1,1,Maracena,0,13,9
2024,27/06/2024,03/10/2024,30/06/2024,GRAFA,12,18,19,8,2,6,25.5,15,"Navarro García, Tomás",1,,14,M,9,,0,Maracena,0,4,15
2025,01/02/2025,08/02/2025,05/02/2025,Sesión clínica: uso medicamento,21,25,22,20,6,14,3.8,2,"Castro Ramos, Ana",1,,14,F,6,,1,Maracena,0,1,4
2026,19/09/2025,03/10/2025,24/09/2025,Sesión formativa: manejo enf. crónicas,22,16,10,24,12,12,4.5,3,"Castro Ramos, Ana",1,,14,F,6,,1,Maracena,0,10,3
2027,12/05/2025,23/06/2025,15/05/2025,Taller de otras temáticas,23,30,1,22,6,16,21.0,7,"Castro Ramos, Ana",1,,14,F,6,,0,Maracena,0,12,11
2028,11/08/2024,29/09/2024,16/08/2024,PSIA,17,12,17,16,3,13,13.6,8,"Sánchez González, Pilar",1,,14,F,2,4,1,Maracena,0,9,6
2029,07/08/2025,07/08/2025,09/08/2025,Mesa informativa: IRAS,19,14,12,27,13,14,1.6,1,"Hidalgo Rubio, Verónica",1,,14,F,7,,1,Maracena,0,2,8
2030,23/06/2025,23/06/2025,28/06/2025,Sesión formativa: salud bucodental,22,23,19,20,9,11,1.9,1,"Navarro García, Tomás",1,,14,M,9,,2,Maracena,0,8,3
2031,24/11/2024,05/01/2025,24/11/2024,Grupo cuidadoras,5,27,14,17,5,12,11.2,7,"Reyes Martínez, Sara",1,,14,F,2,8,2,Maracena,0,13,10
2032,04/02/2025,04/02/2025,05/02/2025,Charla sobre consumo alcohol,0,6,3,56,23,33,1.6,1,"Carmona López, Virginia",1,,14,F,2,1,1,Maracena,0,4,14
2033,02/02/2024,09/02/2024,03/02/2024,Sesión clínica: alimentación saludable,21,3,16,16,5,11,2.2,2,"Castro Ramos, Ana",1,,14,F,6,,0,Maracena,0,8,15
2034,28/06/2024,16/08/2024,29/06/2024,PITA,16,4,14,21,6,15,16.0,8,"Reyes Martínez, Sara",1,,14,F,2,8,0,Maracena,0,9,9
2035,19/07/2024,20/09/2024,21/07/2024,PSIA,17,21,22,8,1,7,21.0,10,"Morales Vega, Pilar",1,,14,F,2,5,2,Maracena,0,12,11
2036,29/11/2024,29/11/2024,30/11/2024,Sesión formativa: activos salud,22,2,25,17,7,10,1.9,1,"Navarro García, Tomás",1,,14,M,9,,2,Maracena,0,5,14
2037,05/08/2024,18/11/2024,05/08/2024,Grupo dolor crónico,6,21,2,20,7,13,27.2,16,"Carmona López, Virginia",1,,14,F,2,1,1,Maracena,0,10,8
2038,25/04/2025,02/05/2025,29/04/2025,Sesión clínica: salud bucodental,21,23,4,9,2,7,3.8,2,"Romero Moreno, Carlos",1,,14,M,14,,0,Maracena,0,7,8
2039,27/05/2024,10/06/2024,27/05/2024,Taller de salud bucodental,23,23,25,17,8,9,9.0,3,"Romero Moreno, Carlos",1,,14,M,14,,1,Maracena,0,10,14
2040,04/10/2024,11/10/2024,08/10/2024,Actividad PS: parentalidad positiva,24,20,21,32,11,21,3.0,2,"Blanco Cabrera, Fernando",1,,14,M,8,,2,Maracena,0,11,14
2041,14/10/2025,14/10/2025,18/10/2025,Charla sobre act. física,0,1,8,38,13,25,1.8,1,"Hidalgo Rubio, Verónica",1,,14,F,7,,0,Maracena,0,3,14
2042,06/02/2025,06/02/2025,09/02/2025,Mesa informativa: uso medicamento,19,25,16,16,6,10,1.3,1,"Romero Moreno, Carlos",1,,14,M,14,,2,Maracena,0,11,9
2043,13/12/2025,27/12/2025,16/12/2025,Taller de higiene manos,23,11,24,30,8,22,6.9,3,"Sánchez González, Pilar",1,,14,F,2,4,0,Maracena,0,0,14
2044,03/11/2025,22/12/2025,05/11/2025,Taller de alimentación saludable,23,3,18,13,3,10,17.6,8,"Sánchez González, Pilar",1,,14,F,2,4,2,Maracena,0,6,7
2045,05/03/2025,21/05/2025,06/03/2025,Grupo diabetológico,7,7,11,10,4,6,19.2,12,"Sánchez González, Pilar",1,,14,F,2,4,0,Maracena,0,3,10
2046,18/04/2024,18/04/2024,19/04/2024,Mesa informativa: otras formas fumar,19,19,23,45,10,35,1.4,1,"Navarro García, Tomás",1,,14,M,9,,0,Maracena,0,11,7
2047,09/04/2024,09/04/2024,13/04/2024,Mesa informativa: lactancia materna,19,15,11,37,10,27,1.5,1,"Alonso Molina, Rocío",1,,14,F,7,,1,Maracena,0,11,10
2048,30/11/2025,31/12/2025,03/12/2025,IAHS,14,8,12,20,11,9,24.0,10,"Flores Aguilar, Verónica",1,,14,F,2,4,2,Maracena,0,8,7
2049,18/09/2024,16/10/2024,18/09/2024,Programa educación maternal,11,3,25,10,1,9,12.0,5,"Carmona López, Virginia",1,,14,F,2,1,2,Maracena,0,6,6
2050,16/12/2024,27/01/2025,21/12/2024,PIOBIN,15,15,19,18,7,11,15.4,7,"Flores Aguilar, Verónica",1,,14,F,2,4,0,Maracena,0,3,8
2051,03/03/2025,10/03/2025,03/03/2025,Sesión formativa: act. física,22,1,24,10,4,6,3.2,2,"Jiménez López, José",1,,14,M,15,,1,Maracena,0,4,1
2052,06/06/2024,25/07/2024,09/06/2024,GRAFA,12,2,23,8,4,4,13.6,8,"Navarro García, Tomás",1,,14,M,9,,1,Maracena,0,14,13
2053,21/03/2025,28/03/2025,22/03/2025,Actividad PS: manejo enf. crónicas,24,16,18,11,4,7,2.2,2,"Castro Ramos, Ana",1,,14,F,6,,0,Maracena,0,4,6
2054,02/02/2025,11/05/2025,02/02/2025,Grupo dolor crónico,6,29,25,22,4,18,30.0,15,"Reyes Martínez, Sara",1,,14,F,2,8,2,Maracena,0,1,2
2055,27/11/2024,27/11/2024,01/12/2024,Sesión formativa: consumo alcohol,22,6,25,21,11,10,1.2,1,"Pérez Cortés, Beatriz",1,,14,F,6,,2,Maracena,0,1,0
2056,02/03/2024,23/03/2024,04/03/2024,Taller de act. física,23,1,17,12,5,7,6.8,4,"Jiménez López, José",1,,14,M,15,,2,Maracena,0,11,3
2057,20/09/2025,20/09/2025,20/09/2025,Sesión formativa: otras temáticas,22,30,23,29,8,21,1.3,1,"Jiménez López, José",1,,14,M,15,,1,Maracena,0,2,6
2058,05/01/2025,05/01/2025,10/01/2025,Charla sobre vacunación,0,27,14,48,25,23,1.4,1,"Hidalgo Rubio, Verónica",1,,14,F,7,,1,Maracena,1,11,5
2059,02/05/2025,11/07/2025,07/05/2025,Rehabilitación respiratoria,10,21,10,22,11,11,20.9,11,"Reyes Martínez, Sara",1,,14,F,2,8,1,Maracena,1,13,9
2060,10/11/2025,10/11/2025,13/11/2025,Sesión clínica: act. física,21,1,5,24,12,12,1.5,1,"Pérez Cortés, Beatriz",1,,14,F,6,,0,Maracena,0,3,14
2061,02/12/2025,16/12/2025,04/12/2025,Sesión formativa: bienestar emocional,22,4,22,17,8,9,5.4,3,"Blanco Cabrera, Fernando",1,,14,M,8,,0,Maracena,0,5,10
2062,14/03/2024,21/03/2024,17/03/2024,Sesión formativa: prev. accidentes,22,21,16,13,5,8,2.8,2,"Alonso Molina, Rocío",1,,14,F,7,,1,Maracena,0,12,9
2063,23/01/2024,23/01/2024,27/01/2024,Mesa informativa: alimentación saludable,19,3,2,32,7,25,1.7,1,"Castro Ramos, Ana",1,,14,F,6,,1,Maracena,0,5,15
2064,12/07/2025,16/08/2025,13/07/2025,Taller de alimentación saludable,23,3,8,16,8,8,18.0,6,"Morales Vega, Pilar",1,,14,F,2,5,1,Maracena,0,4,8
2065,27/08/2024,27/08/2024,27/08/2024,Mesa informativa: uso medicamento,19,25,16,32,7,25,1.9,1,"Romero Moreno, Carlos",1,,14,M,14,,0,Maracena,0,11,3
2066,30/04/2025,14/05/2025,01/05/2025,Sesión clínica: vacunación,21,27,15,17,9,8,5.4,3,"Romero Moreno, Carlos",1,,14,M,14,,2,Maracena,1,7,2
2067,17/06/2024,24/06/2024,17/06/2024,Sesión formativa: lactancia materna,22,15,16,25,13,12,2.8,2,"Hidalgo Rubio, Verónica",1,,14,F,7,,0,Maracena,1,1,10
2068,24/08/2024,24/08/2024,26/08/2024,Reunión coordinación — bienestar emocional,3,4,13,6,2,4,1.1,1,"Reyes Martínez, Sara",1,,14,F,2,8,2,Maracena,0,12,10
2069,22/12/2025,29/12/2025,24/12/2025,Sesión formativa: salud bucodental,22,23,24,24,10,14,2.8,2,"Romero Moreno, Carlos",1,,14,M,14,,1,Maracena,1,1,6
2070,05/10/2024,07/12/2024,09/10/2024,Grupo dolor crónico,6,9,2,9,3,6,23.0,10,"Reyes Alonso, Irene",1,,14,F,2,7,0,Maracena,0,1,10
2071,09/10/2024,30/10/2024,10/10/2024,Actividad PS: tabaco,24,7,9,32,16,16,4.0,4,"Jiménez López, José",1,,14,M,15,,0,Maracena,0,5,7
2072,10/12/2024,10/12/2024,12/12/2024,Charla sobre salud bucodental,0,23,4,29,7,22,2.0,1,"Romero Moreno, Carlos",1,,14,M,14,,1,Maracena,0,1,7
2073,20/01/2025,20/01/2025,20/01/2025,Charla sobre parentalidad positiva,0,20,7,45,24,21,0.7,1,"Alonso Molina, Rocío",1,,14,F,7,,2,Maracena,0,8,1
2074,21/07/2025,21/07/2025,26/07/2025,Actividad PS: vacunación,4,27,23,13,4,9,1.2,1,"Castro Ramos, Ana",1,,14,F,6,,0,Maracena,0,2,15
2075,01/06/2024,01/06/2024,06/06/2024,Sesión clínica: vacunación,21,27,24,29,6,23,1.5,1,"Hidalgo Rubio, Verónica",1,,14,F,7,,2,Maracena,0,3,15
2076,08/10/2024,29/10/2024,13/10/2024,PITA,16,19,15,24,8,16,9.2,4,"Navarro García, Tomás",1,,14,M,9,,2,Maracena,0,3,12
2077,30/09/2025,14/10/2025,03/10/2025,Sesión formativa: bienestar emocional,22,4,7,27,15,12,3.3,3,"Castro Ramos, Ana",1,,14,F,6,,1,Maracena,0,7,6
2078,01/04/2025,01/04/2025,03/04/2025,Mesa informativa: vacunación,19,27,2,13,4,9,2.0,1,"Hidalgo Rubio, Verónica",1,,14,F,7,,2,Maracena,0,2,6
2079,15/07/2025,05/08/2025,16/07/2025,Mapeo de activos: tabaco,18,7,5,30,15,15,6.0,4,"Navarro García, Tomás",1,,14,M,9,,2,Maracena,0,5,10
2080,14/02/2025,25/04/2025,16/02/2025,PITA,16,7,6,13,5,8,16.5,11,"Sánchez González, Pilar",1,,14,F,2,4,2,Maracena,0,5,13
2081,29/09/2024,29/09/2024,30/09/2024,Charla sobre alimentación saludable,0,3,6,31,9,22,1.9,1,"Jiménez López, José",1,,14,M,15,,1,Maracena,1,1,2
2082,13/07/2025,20/07/2025,14/07/2025,Actividad PS: uso medicamento,4,25,3,11,4,7,3.2,2,"Castro Ramos, Ana",1,,14,F,6,,0,Maracena,0,13,5
2083,08/10/2024,07/01/2025,11/10/2024,Rehabilitación respiratoria,10,11,8,9,6,3,22.4,14,"Reyes Martínez, Sara",1,,14,F,2,8,0,Maracena,0,14,3
2084,11/02/2024,17/03/2024,15/02/2024,Grupo dolor crónico,6,13,17,17,8,9,10.8,6,"Gutiérrez Delgado, Víctor",1,,15,M,5,,0,Montefrío,1,6,6
2085,05/07/2024,16/08/2024,05/07/2024,PITA,16,3,25,8,3,5,15.4,7,"Fernández Ruiz, Isabel",1,,15,F,2,5,0,Montefrío,1,10,15
2086,01/01/2025,05/03/2025,04/01/2025,PSIA,17,16,10,9,2,7,23.0,10,"Ruiz Martínez, Patricia",1,,15,F,2,8,2,Montefrío,1,1,5
2087,19/03/2025,02/04/2025,20/03/2025,Reunión coordinación — bienestar emocional,3,4,6,4,1,3,4.2,3,"Torres Fuentes, Antonio",1,,15,M,15,,1,Montefrío,1,7,8
2088,19/04/2024,24/05/2024,24/04/2024,PSIA,17,29,23,24,2,22,13.8,6,"Hernández Castro, Ana",1,,15,F,2,3,1,Montefrío,1,7,10
2089,10/09/2025,10/09/2025,11/09/2025,Mesa informativa: vacunación,19,27,19,22,9,13,1.6,1,"Domínguez Cortés, Sofía",1,,15,F,6,,2,Montefrío,1,11,4
2090,06/05/2024,06/05/2024,10/05/2024,Charla sobre otras adicciones,0,18,3,59,21,38,1.8,1,"García López, Nuria",1,,15,F,4,,1,Montefrío,1,11,9
2091,13/04/2025,15/06/2025,18/04/2025,Rehabilitación cardiaca,9,6,12,13,8,5,23.0,10,"Ruiz Martínez, Patricia",1,,15,F,2,8,1,Montefrío,1,1,5
2092,19/02/2025,19/02/2025,19/02/2025,Charla sobre act. física,0,1,17,16,7,9,1.3,1,"Torres Fuentes, Antonio",1,,15,M,15,,0,Montefrío,1,14,6
2093,08/03/2024,08/03/2024,11/03/2024,Mesa informativa: consumo alcohol,19,6,14,53,18,35,1.0,1,"Domínguez Cortés, Sofía",1,,15,F,6,,1,Montefrío,1,4,11
2094,09/08/2025,09/08/2025,11/08/2025,Sesión formativa: otras formas fumar,22,19,10,6,3,3,1.2,1,"García López, Nuria",1,,15,F,4,,2,Montefrío,1,6,13
2095,22/10/2024,22/10/2024,26/10/2024,Charla sobre higiene postural,0,12,21,22,10,12,0.6,1,"Fernández Ruiz, Isabel",1,,15,F,2,5,0,Montefrío,1,14,7
2096,09/04/2024,04/06/2024,10/04/2024,IAHS,14,14,13,21,6,15,18.0,9,"Cruz Lara, José",1,,15,M,7,,0,Montefrío,1,3,14
2097,17/04/2024,26/06/2024,20/04/2024,PIOBIN,15,11,4,13,5,8,26.4,11,"Ruiz Martínez, Patricia",1,,15,F,2,8,1,Montefrío,1,13,3
2098,25/02/2025,18/03/2025,27/02/2025,Actividad PS: bienestar emocional,24,4,17,5,2,3,6.0,4,"Domínguez Cortés, Sofía",1,,15,F,6,,1,Montefrío,1,2,4
2099,21/12/2025,21/12/2025,24/12/2025,Charla sobre uso TRICs,0,26,19,28,9,19,0.9,1,"Pérez Delgado, Ramón",1,,15,M,9,,0,Montefrío,1,11,2
2100,01/12/2025,08/12/2025,02/12/2025,Actividad PS: manejo enf. crónicas,24,16,19,28,7,21,3.2,2,"Domínguez Cortés, Sofía",1,,15,F,6,,2,Montefrío,1,14,4
2101,18/04/2025,18/07/2025,18/04/2025,PIOBIN,15,9,17,21,10,11,30.8,14,"Fernández Ruiz, Isabel",1,,15,F,2,5,2,Montefrío,1,5,9
2102,26/12/2025,31/12/2025,28/12/2025,Rehabilitación cardiaca,9,20,13,22,10,12,14.4,9,"Fernández Ruiz, Isabel",1,,15,F,2,5,0,Montefrío,1,2,3
2103,30/12/2025,31/12/2025,02/01/2026,Actividad PS: otras temáticas,24,30,12,14,4,10,3.2,2,"Hernández Ortiz, Isabel",1,,15,F,6,,1,Montefrío,1,1,15
2104,04/06/2024,02/07/2024,05/06/2024,Ponencia: act. física,20,1,18,51,14,37,13.0,5,"Pérez Delgado, Ramón",1,,15,M,9,,0,Montefrío,1,10,11
2105,20/03/2025,03/07/2025,20/03/2025,Rehabilitación cardiaca,9,12,5,16,10,6,24.0,16,"Gutiérrez Delgado, Víctor",1,,15,M,5,,1,Montefrío,1,9,7
2106,27/09/2025,06/12/2025,28/09/2025,Grupo dolor crónico,6,7,8,12,4,8,27.5,11,"Hernández Castro, Ana",1,,15,F,2,3,1,Montefrío,1,1,8
2107,24/05/2024,06/09/2024,24/05/2024,PITA,16,11,9,8,4,4,40.0,16,"Fernández Ruiz, Isabel",1,,15,F,2,5,2,Montefrío,1,1,7
2108,31/01/2024,17/04/2024,05/02/2024,Grupo diabetológico,7,12,23,24,8,16,26.4,12,"Ruiz Martínez, Patricia",1,,15,F,2,8,1,Montefrío,1,13,6
2109,09/02/2024,09/02/2024,11/02/2024,Sesión formativa: tabaco,22,7,4,30,14,16,1.8,1,"Torres Fuentes, Antonio",1,,15,M,15,,1,Montefrío,1,8,5
2110,05/02/2024,19/02/2024,08/02/2024,Sesión clínica: primeros auxilios,21,22,16,22,9,13,4.2,3,"Gutiérrez Delgado, Víctor",1,,15,M,5,,0,Montefrío,1,8,7
2111,07/03/2025,14/03/2025,10/03/2025,Sesión formativa: vacunación,22,27,13,26,11,15,3.2,2,"García López, Nuria",1,,15,F,4,,2,Montefrío,1,13,15
2112,20/03/2025,03/04/2025,25/03/2025,Taller de lactancia materna,23,15,3,27,7,20,5.4,3,"Cruz Lara, José",1,,15,M,7,,2,Montefrío,1,5,0
2113,31/01/2024,07/02/2024,02/02/2024,Reunión coordinación — act. física,3,1,10,9,2,7,3.8,2,"Fernández Ruiz, Isabel",1,,15,F,2,5,0,Montefrío,1,10,5
2114,13/01/2024,13/04/2024,16/01/2024,Grupo cuidadoras,5,3,3,9,4,5,32.2,14,"Ruiz Martínez, Patricia",1,,15,F,2,8,0,Montefrío,1,3,13
2115,22/11/2025,22/11/2025,23/11/2025,Mesa informativa: alimentación saludable,19,3,16,38,16,22,0.6,1,"Cruz Lara, José",1,,15,M,7,,0,Montefrío,1,9,7
2116,16/03/2025,25/05/2025,20/03/2025,Grupo dolor crónico,6,11,1,8,3,5,17.6,11,"Ruiz Martínez, Patricia",1,,15,F,2,8,0,Montefrío,1,5,10
2117,05/10/2025,28/12/2025,07/10/2025,IAHS,14,20,23,15,7,8,31.2,13,"Cruz Lara, José",1,,15,M,7,,1,Montefrío,1,11,0
2118,10/06/2024,08/07/2024,11/06/2024,Rehabilitación cardiaca,9,7,8,23,15,8,11.5,5,"Ruiz Martínez, Patricia",1,,15,F,2,8,0,Montefrío,1,8,5
2119,04/12/2025,31/12/2025,06/12/2025,Rehabilitación respiratoria,10,9,6,16,10,6,26.6,14,"Ruiz Martínez, Patricia",1,,15,F,2,8,0,Montefrío,1,10,2
2120,04/04/2024,25/04/2024,07/04/2024,PIOBIN,15,2,13,25,14,11,7.2,4,"Pérez Delgado, Ramón",1,,15,M,9,,2,Montefrío,1,3,7
2121,03/08/2024,17/08/2024,05/08/2024,Reunión coordinación — otras formas fumar,3,19,18,2,1,1,4.2,3,"García López, Nuria",1,,15,F,4,,1,Montefrío,1,0,11
2122,13/08/2024,01/10/2024,16/08/2024,Rehabilitación cardiaca,9,7,22,21,11,10,15.2,8,"Hernández Castro, Ana",1,,15,F,2,3,2,Montefrío,1,0,9
2123,20/12/2024,03/01/2025,23/12/2024,Actividad PS: uso medicamento,24,25,7,20,10,10,5.1,3,"Domínguez Cortés, Sofía",1,,15,F,6,,2,Montefrío,1,7,7
2124,16/11/2025,31/12/2025,21/11/2025,Grupo cuidadoras,5,4,11,15,5,10,30.0,15,"Hernández Castro, Ana",1,,15,F,2,3,2,Montefrío,1,11,9
2125,31/01/2024,14/02/2024,03/02/2024,Taller de tabaco,23,7,20,10,4,6,5.1,3,"Fernández Ruiz, Isabel",1,,15,F,2,5,1,Montefrío,1,2,12
2126,12/10/2025,12/10/2025,16/10/2025,Sesión clínica: dolor crónico,21,8,9,26,10,16,1.1,1,"Gutiérrez Delgado, Víctor",1,,15,M,5,,2,Montefrío,1,2,6
2127,10/08/2025,14/09/2025,10/08/2025,PIOBIN,15,4,13,9,2,7,9.6,6,"Pérez Delgado, Ramón",1,,15,M,9,,1,Montefrío,1,2,8
2128,18/12/2025,18/12/2025,23/12/2025,Mesa informativa: tabaco,19,7,13,17,6,11,0.7,1,"Pérez Delgado, Ramón",1,,15,M,9,,1,Montefrío,1,6,4
2129,09/01/2024,23/01/2024,13/01/2024,Sesión formativa: vacunación,22,27,14,27,11,16,5.7,3,"Domínguez Cortés, Sofía",1,,15,F,6,,1,Montefrío,1,8,7
2130,13/04/2024,18/05/2024,17/04/2024,Rehabilitación cardiaca,9,22,15,23,12,11,11.4,6,"Hernández Castro, Ana",1,,15,F,2,3,0,Montefrío,1,5,5
2131,23/04/2024,07/05/2024,27/04/2024,Reunión coordinación — bienestar emocional,3,4,5,7,4,3,5.1,3,"Torres Fuentes, Antonio",1,,15,M,15,,1,Montefrío,1,1,7
2132,02/10/2024,01/01/2025,02/10/2024,Rehabilitación cardiaca,9,16,11,12,6,6,29.4,14,"Hernández Castro, Ana",1,,15,F,2,3,0,Montefrío,1,5,0
2133,10/02/2025,28/04/2025,15/02/2025,Grupo dolor crónico,6,6,12,17,8,9,26.4,12,"Fernández Ruiz, Isabel",1,,15,F,2,5,2,Montefrío,1,14,2
2134,13/04/2025,18/05/2025,16/04/2025,PIOBIN,15,22,7,19,4,15,10.8,6,"Fernández Ruiz, Isabel",1,,15,F,2,5,0,Montefrío,1,13,8
2135,02/09/2025,14/10/2025,06/09/2025,GRAFA,12,30,8,17,9,8,16.8,7,"Pérez Delgado, Ramón",1,,15,M,9,,1,Montefrío,1,6,4
2136,04/07/2025,25/07/2025,07/07/2025,Taller de manejo enf. crónicas,23,16,14,25,11,14,10.8,4,"Hernández Ortiz, Isabel",1,,15,F,6,,2,Montefrío,1,7,13
2137,03/08/2025,03/08/2025,08/08/2025,Sesión formativa: lactancia materna,22,15,18,14,4,10,1.8,1,"Blanco Morales, Concepción",1,,16,F,2,3,1,Ogíjares,0,11,6
2138,11/12/2025,11/12/2025,14/12/2025,Mesa informativa: voluntades vitales,19,29,21,46,21,25,1.3,1,"Romero Suárez, Dolores",1,,16,F,6,,0,Ogíjares,0,13,6
2139,18/12/2025,25/12/2025,21/12/2025,Sesión formativa: higiene postural,22,12,14,27,11,16,2.6,2,"Blanco Morales, Concepción",1,,16,F,2,3,0,Ogíjares,0,12,1
2140,14/08/2024,20/11/2024,18/08/2024,Grupo diabetológico,7,21,7,23,12,11,28.5,15,"Blanco Morales, Concepción",1,,16,F,2,3,0,Ogíjares,0,4,8
2141,13/10/2025,10/11/2025,18/10/2025,Ponencia: otras temáticas,20,30,5,51,25,26,5.5,5,"Medina López, David",1,,16,M,6,,1,Ogíjares,0,10,11
2142,28/03/2025,28/03/2025,28/03/2025,Charla sobre parentalidad positiva,0,20,22,44,12,32,1.7,1,"Carmona Montero, Sandra",1,,16,F,8,,0,Ogíjares,0,9,1
2143,08/04/2025,17/06/2025,12/04/2025,Rehabilitación respiratoria,10,11,14,16,9,7,24.2,11,"Molina Ruiz, Raquel",1,,16,F,2,2,1,Ogíjares,0,7,3
2144,18/01/2025,18/01/2025,20/01/2025,Actividad PS: bienestar emocional,24,4,2,20,4,16,1.3,1,"Carmona Montero, Sandra",1,,16,F,8,,2,Ogíjares,0,6,12
2145,02/11/2024,30/11/2024,04/11/2024,Ponencia: act. física,20,1,14,67,25,42,12.0,5,"Medina López, David",1,,16,M,6,,1,Ogíjares,0,6,1
2146,27/07/2024,27/07/2024,01/08/2024,Sesión formativa: higiene postural,22,12,19,18,4,14,1.3,1,"Ramos Rubio, David",1,,16,M,2,8,2,Ogíjares,0,8,0
2147,11/09/2024,30/10/2024,16/09/2024,Grupo cuidadoras,5,4,4,15,4,11,16.0,8,"Blanco Morales, Concepción",1,,16,F,2,3,1,Ogíjares,0,3,11
2148,23/04/2025,14/05/2025,24/04/2025,Reunión coordinación — higiene postural,3,12,25,10,3,7,4.0,4,"Ramos Rubio, David",1,,16,M,2,8,0,Ogíjares,0,13,14
2149,27/08/2024,27/08/2024,28/08/2024,Charla sobre alimentación saludable,0,3,17,47,16,31,1.6,1,"Ortiz Ramos, Isabel",1,,16,F,14,,2,Ogíjares,0,2,1
2150,26/01/2024,16/02/2024,26/01/2024,Taller de vacunación,23,27,22,23,6,17,10.0,4,"Medina López, David",1,,16,M,6,,0,Ogíjares,0,10,7
2151,26/12/2025,31/12/2025,29/12/2025,PITA,16,3,24,16,5,11,28.8,12,"Morales Cortés, Irene",1,,16,F,2,3,1,Ogíjares,0,8,1
2152,28/10/2025,11/11/2025,29/10/2025,Reunión coordinación — consumo alcohol,3,6,4,2,1,1,4.2,3,"Medina López, David",1,,16,M,6,,1,Ogíjares,0,4,1
2153,02/02/2024,02/02/2024,02/02/2024,Reunión coordinación — tabaco,3,7,9,4,2,2,1.9,1,"Medina López, David",1,,16,M,6,,0,Ogíjares,0,2,1
2154,04/05/2025,29/06/2025,08/05/2025,Grupo diabetológico,7,27,24,21,11,10,17.1,9,"Castro López, Pablo",1,,16,M,2,8,1,Ogíjares,1,14,14
2155,03/11/2025,24/11/2025,07/11/2025,Reunión coordinación — manejo enf. crónicas,3,16,5,6,2,4,4.8,4,"Martínez Ortiz, Rocío",1,,16,F,13,,1,Ogíjares,0,6,8
2156,20/12/2025,31/12/2025,20/12/2025,IAHS,14,21,3,19,8,11,8.0,4,"Blanco Morales, Concepción",1,,16,F,2,3,0,Ogíjares,0,0,12
2157,31/03/2025,26/05/2025,03/04/2025,Programa educación maternal,11,11,12,16,2,14,14.4,9,"Hidalgo Castro, Irene",1,,16,F,2,4,0,Ogíjares,0,8,1
2158,05/11/2024,12/11/2024,09/11/2024,Reunión coordinación — bienestar emocional,3,4,18,9,2,7,3.2,2,"Morales Cortés, Irene",1,,16,F,2,3,0,Ogíjares,0,4,13
2159,02/04/2025,25/06/2025,04/04/2025,Grupo cuidadoras,5,10,18,18,5,13,20.8,13,"Morales Cortés, Irene",1,,16,F,2,3,1,Ogíjares,0,10,12
2160,22/12/2025,22/12/2025,24/12/2025,Sesión formativa: envejecimiento,22,10,8,6,2,4,1.9,1,"Blanco Morales, Concepción",1,,16,F,2,3,0,Ogíjares,0,10,4
2161,20/08/2025,20/08/2025,25/08/2025,Actividad PS: sexualidad,24,24,10,15,6,9,1.8,1,"Carmona Montero, Sandra",1,,16,F,8,,2,Ogíjares,0,10,1
2162,29/09/2024,13/10/2024,03/10/2024,Sesión formativa: voluntades vitales,22,29,23,17,7,10,4.5,3,"Medina López, David",1,,16,M,6,,0,Ogíjares,0,11,10
2163,25/07/2024,25/07/2024,30/07/2024,Sesión formativa: otras temáticas,22,30,4,30,15,15,1.0,1,"Medina López, David",1,,16,M,6,,2,Ogíjares,0,11,12
2164,05/09/2025,07/11/2025,08/09/2025,Programa educación maternal,11,29,23,13,2,11,24.0,10,"Morales Cortés, Irene",1,,16,F,2,3,2,Ogíjares,0,4,13
2165,04/09/2024,04/09/2024,06/09/2024,Mesa informativa: voluntades vitales,19,29,15,19,8,11,1.0,1,"Medina López, David",1,,16,M,6,,0,Ogíjares,0,1,5
2166,15/10/2025,12/11/2025,17/10/2025,Rehabilitación cardiaca,9,22,5,10,6,4,10.5,5,"Moreno Jiménez, Rocío",1,,16,F,2,4,0,Ogíjares,0,13,14
2167,22/07/2025,21/10/2025,22/07/2025,GRUSE,13,5,1,11,6,5,30.8,14,"Carmona Montero, Sandra",1,,16,F,8,,2,Ogíjares,0,0,6
2168,16/05/2024,18/07/2024,20/05/2024,Rehabilitación cardiaca,9,8,21,16,11,5,25.0,10,"Morales Cortés, Irene",1,,16,F,2,3,0,Ogíjares,0,2,14
2169,27/02/2025,29/05/2025,27/02/2025,PSIA,17,9,12,13,2,11,25.2,14,"Hidalgo Castro, Irene",1,,16,F,2,4,2,Ogíjares,0,2,14
2170,15/02/2024,02/05/2024,17/02/2024,IAHS,14,9,18,21,5,16,27.6,12,"Morales Cortés, Irene",1,,16,F,2,3,1,Ogíjares,0,2,11
2171,16/12/2024,16/12/2024,21/12/2024,Mesa informativa: conducta suicida,19,5,9,53,20,33,0.6,1,"Martínez Ortiz, Rocío",1,,16,F,13,,0,Ogíjares,0,9,5
2172,27/06/2025,08/08/2025,28/06/2025,Taller de tabaco,23,7,3,13,5,8,18.2,7,"Medina López, David",1,,16,M,6,,0,Ogíjares,0,5,12
2173,15/03/2024,29/03/2024,17/03/2024,Sesión formativa: IRAS,22,14,12,21,7,14,3.6,3,"Martínez Ortiz, Rocío",1,,16,F,13,,0,Ogíjares,0,0,7
2174,01/03/2025,31/05/2025,01/03/2025,Rehabilitación respiratoria,10,29,3,11,6,5,25.2,14,"Morales Cortés, Irene",1,,16,F,2,3,0,Ogíjares,0,6,8
2175,31/08/2024,07/09/2024,04/09/2024,Actividad PS: tabaco,24,7,20,32,14,18,3.6,2,"Romero Suárez, Dolores",1,,16,F,6,,2,Ogíjares,0,8,8
2176,02/06/2024,14/07/2024,02/06/2024,Rehabilitación respiratoria,10,6,16,12,6,6,16.8,7,"Hidalgo Castro, Irene",1,,16,F,2,4,0,Ogíjares,0,2,9
2177,23/11/2025,31/12/2025,27/11/2025,PIOBIN,15,20,16,11,4,7,17.6,8,"Castro López, Pablo",1,,16,M,2,8,1,Ogíjares,0,9,11
2178,27/10/2025,31/12/2025,01/11/2025,Grupo EPOC/asma,8,11,15,24,10,14,20.4,12,"Molina Ruiz, Raquel",1,,16,F,2,2,1,Ogíjares,0,1,9
2179,30/09/2024,21/10/2024,30/09/2024,Taller de dolor crónico,23,8,11,23,10,13,10.0,4,"Molina Ruiz, Raquel",1,,16,F,2,2,0,Ogíjares,0,1,9
2180,11/02/2024,26/05/2024,11/02/2024,Rehabilitación respiratoria,10,9,10,19,13,6,35.2,16,"Moreno Jiménez, Rocío",1,,16,F,2,4,0,Ogíjares,0,14,7
2181,05/08/2024,12/08/2024,05/08/2024,Taller de primeros auxilios,23,22,9,21,6,15,4.6,2,"Castro López, Pablo",1,,16,M,2,8,2,Ogíjares,0,4,11
2182,14/06/2025,05/07/2025,14/06/2025,Reunión coordinación — lactancia materna,3,15,9,2,1,1,4.4,4,"Morales Cortés, Irene",1,,16,F,2,3,0,Ogíjares,0,3,12
2183,04/04/2024,27/06/2024,04/04/2024,PITA,16,3,16,20,5,15,29.9,13,"Castro López, Pablo",1,,16,M,2,8,1,Ogíjares,0,5,7
2184,27/04/2025,10/08/2025,28/04/2025,Grupo diabetológico,7,9,9,15,6,9,24.0,16,"Castro López, Pablo",1,,16,M,2,8,2,Ogíjares,0,13,13
2185,27/11/2024,04/12/2024,01/12/2024,Taller de higiene manos,23,11,18,15,4,11,5.8,2,"Hidalgo Castro, Irene",1,,16,F,2,4,2,Ogíjares,0,7,10
2186,02/01/2024,02/01/2024,06/01/2024,Reunión coordinación — bienestar emocional,3,4,6,10,3,7,1.5,1,"Medina López, David",1,,16,M,6,,0,Ogíjares,0,0,14
2187,04/05/2025,04/05/2025,08/05/2025,Charla sobre prev. accidentes,0,21,6,34,14,20,0.7,1,"Blanco Morales, Concepción",1,,16,F,2,3,2,Ogíjares,0,9,0
2188,04/11/2024,11/11/2024,04/11/2024,Actividad PS: conducta suicida,24,5,5,20,9,11,2.8,2,"Ruiz Montero, Elena",1,,16,F,13,,0,Ogíjares,0,10,13
2189,23/03/2025,30/03/2025,24/03/2025,Sesión clínica: otras temáticas,21,30,22,24,11,13,3.0,2,"López Cruz, Ramón",1,,16,M,6,,2,Ogíjares,0,0,1
2190,03/12/2024,21/01/2025,06/12/2024,PSIA,17,4,3,14,2,12,15.2,8,"Ramos Rubio, David",1,,16,M,2,8,0,Ogíjares,0,7,9
2191,13/09/2025,29/11/2025,14/09/2025,Grupo EPOC/asma,8,4,3,24,7,17,21.6,12,"Hidalgo Castro, Irene",1,,16,F,2,4,1,Ogíjares,0,11,4
2192,04/04/2024,04/04/2024,06/04/2024,Mesa informativa: salud bucodental,19,23,9,36,14,22,1.5,1,"Ortiz Ramos, Isabel",1,,16,F,14,,0,Ogíjares,0,5,1
2193,18/08/2025,18/08/2025,19/08/2025,Charla sobre manejo enf. crónicas,0,16,1,40,11,29,1.4,1,"Romero Suárez, Dolores",1,,16,F,6,,1,Ogíjares,0,1,7
2194,01/09/2025,01/09/2025,04/09/2025,Actividad PS: alimentación saludable,24,3,20,39,21,18,1.5,1,"Romero Suárez, Dolores",1,,16,F,6,,1,Ogíjares,1,3,14
2195,27/04/2024,11/05/2024,01/05/2024,Reunión coordinación — lactancia materna,3,15,22,6,3,3,5.7,3,"Ruiz Montero, Elena",1,,16,F,13,,0,Ogíjares,0,12,7
2196,14/10/2024,28/10/2024,19/10/2024,Sesión formativa: alimentación saludable,22,3,17,5,2,3,5.7,3,"Ortiz Ramos, Isabel",1,,16,F,14,,1,Ogíjares,0,5,2
2197,27/12/2024,03/01/2025,27/12/2024,Sesión formativa: consumo alcohol,22,6,11,19,5,14,2.2,2,"Carmona Montero, Sandra",1,,16,F,8,,2,Ogíjares,0,7,5
2198,10/03/2024,26/05/2024,14/03/2024,Rehabilitación respiratoria,10,15,23,17,11,6,24.0,12,"Morales Cortés, Irene",1,,16,F,2,3,1,Ogíjares,0,9,12
2199,04/10/2025,04/10/2025,07/10/2025,Sesión clínica: uso medicamento,21,25,12,6,2,4,1.2,1,"Ortiz Ramos, Isabel",1,,16,F,14,,1,Ogíjares,0,3,12
2200,16/07/2025,13/08/2025,19/07/2025,Rehabilitación cardiaca,9,11,7,23,13,10,12.5,5,"Ramos Rubio, David",1,,16,M,2,8,2,Ogíjares,0,0,9
2201,13/07/2024,26/10/2024,14/07/2024,PSIA,17,21,22,24,1,23,33.6,16,"Navarro Sánchez, Sandra",1,,16,F,2,3,2,Ogíjares,0,2,0
2202,03/09/2024,17/09/2024,04/09/2024,Sesión formativa: prev. accidentes,22,21,24,19,7,12,3.6,3,"Hidalgo Castro, Irene",1,,16,F,2,4,1,Ogíjares,0,11,14
2203,25/02/2024,17/03/2024,01/03/2024,Taller de consumo alcohol,23,6,25,12,4,8,6.8,4,"López Cruz, Ramón",1,,16,M,6,,1,Ogíjares,0,5,7
2204,05/07/2024,05/07/2024,06/07/2024,Mesa informativa: violencia género,19,28,25,56,17,39,1.1,1,"Ruiz Montero, Elena",1,,16,F,13,,0,Ogíjares,0,6,14
2205,15/01/2025,12/02/2025,18/01/2025,Ponencia: manejo enf. crónicas,20,16,25,86,36,50,10.5,5,"Medina López, David",1,,16,M,6,,1,Ogíjares,0,12,3
2206,08/10/2024,10/12/2024,09/10/2024,Grupo diabetológico,7,1,7,20,9,11,17.0,10,"Moreno Jiménez, Rocío",1,,16,F,2,4,1,Ogíjares,0,1,9
2207,28/10/2025,04/11/2025,30/10/2025,Reunión coordinación — manejo enf. crónicas,3,16,24,6,1,5,3.4,2,"Medina López, David",1,,16,M,6,,1,Ogíjares,0,3,9
2208,12/07/2025,04/10/2025,16/07/2025,Grupo dolor crónico,6,16,12,12,7,5,28.6,13,"Castro López, Pablo",1,,16,M,2,8,2,Ogíjares,0,1,13
2209,27/08/2024,27/08/2024,30/08/2024,Mesa informativa: alimentación saludable,19,3,10,23,6,17,1.2,1,"Medina López, David",1,,16,M,6,,2,Ogíjares,0,7,4
2210,10/08/2024,26/10/2024,15/08/2024,Grupo EPOC/asma,8,27,7,13,7,6,26.4,12,"Molina Ruiz, Raquel",1,,16,F,2,2,0,Ogíjares,0,10,5
2211,16/11/2025,16/11/2025,17/11/2025,Charla sobre manejo enf. crónicas,0,16,20,28,11,17,1.7,1,"Medina López, David",1,,16,M,6,,0,Ogíjares,0,2,2
2212,15/04/2024,29/04/2024,15/04/2024,Sesión formativa: bienestar emocional,22,4,2,17,9,8,3.0,3,"Delgado Aguilar, Antonio",1,,17,M,8,,2,Peligros,0,0,5
2213,17/10/2024,26/12/2024,22/10/2024,GRUSE,13,4,7,16,4,12,24.2,11,"Delgado Aguilar, Antonio",1,,17,M,8,,0,Peligros,1,1,5
2214,23/06/2025,14/07/2025,27/06/2025,Actividad PS: parentalidad positiva,24,20,15,9,4,5,7.2,4,"Moreno Suárez, Pilar",1,,17,F,13,,1,Peligros,0,0,7
2215,07/12/2025,07/12/2025,09/12/2025,Charla sobre tabaco,0,7,24,13,7,6,0.9,1,"Hidalgo Ortiz, Amparo",1,,17,F,15,,1,Peligros,0,10,1
2216,20/03/2025,20/03/2025,21/03/2025,Charla sobre voluntades vitales,0,29,3,26,6,20,1.7,1,"Delgado Aguilar, Antonio",1,,17,M,8,,0,Peligros,0,14,7
2217,09/02/2024,16/02/2024,11/02/2024,Actividad PS: consumo alcohol,24,6,21,26,13,13,2.6,2,"Hidalgo Ortiz, Amparo",1,,17,F,15,,1,Peligros,0,6,14
2218,05/09/2024,26/09/2024,07/09/2024,Actividad PS: bienestar emocional,24,4,5,32,15,17,4.8,4,"Delgado Aguilar, Antonio",1,,17,M,8,,2,Peligros,0,14,7
2219,23/03/2025,13/04/2025,28/03/2025,Reunión coordinación — violencia género,3,28,15,10,5,5,7.6,4,"Delgado Aguilar, Antonio",1,,17,M,8,,1,Peligros,0,5,10
2220,20/07/2025,10/08/2025,24/07/2025,Actividad PS: vacunación,1,27,19,64,19,45,5.2,4,"Fernández Rubio, Diego",1,,17,M,1,,0,Peligros,0,4,11
2221,22/05/2025,12/06/2025,27/05/2025,Ponencia: consumo alcohol,20,6,9,72,23,49,8.4,4,"Jiménez Martínez, Mercedes",1,,17,F,6,,1,Peligros,0,12,5
2222,15/04/2024,15/04/2024,17/04/2024,Actividad PS: higiene manos,24,11,1,26,7,19,1.9,1,"López Aguilar, Alberto",1,,17,M,11,,0,Peligros,0,7,0
2223,02/05/2025,30/05/2025,02/05/2025,Ponencia: prev. accidentes,20,21,15,87,37,50,12.5,5,"Fernández Rubio, Diego",1,,17,M,1,,1,Peligros,0,1,14
2224,29/01/2025,05/02/2025,03/02/2025,Sesión formativa: higiene manos,22,11,16,19,9,10,3.4,2,"Serrano Flores, Enrique",1,,17,M,3,,2,Peligros,0,9,5
2225,04/06/2024,18/06/2024,05/06/2024,Actividad PS: voluntades vitales,24,29,18,32,10,22,4.2,3,"Delgado Aguilar, Antonio",1,,17,M,8,,1,Peligros,0,14,3
2226,08/08/2025,03/10/2025,10/08/2025,IAHS,14,10,25,17,9,8,20.7,9,"Navarro Reyes, María",1,,17,F,2,2,0,Peligros,0,11,5
2227,25/10/2025,08/11/2025,26/10/2025,Actividad PS: lactancia materna,24,15,6,6,3,3,4.8,3,"Moreno Suárez, Pilar",1,,17,F,13,,1,Peligros,0,9,13
2228,29/10/2025,29/10/2025,31/10/2025,Mesa informativa: bienestar emocional,19,4,23,10,4,6,1.1,1,"Cruz Reyes, Salvador",1,,17,M,6,,1,Peligros,0,5,15
2229,10/06/2024,17/06/2024,15/06/2024,Reunión coordinación — conducta suicida,3,5,16,9,4,5,3.4,2,"Moreno Suárez, Pilar",1,,17,F,13,,1,Peligros,0,9,6
2230,12/01/2024,02/02/2024,13/01/2024,Actividad PS: consumo alcohol,24,6,12,19,8,11,4.4,4,"Hidalgo Ortiz, Amparo",1,,17,F,15,,1,Peligros,0,14,0
2231,24/01/2024,06/03/2024,29/01/2024,GRUSE,13,28,8,21,9,12,14.7,7,"Delgado Aguilar, Antonio",1,,17,M,8,,1,Peligros,1,13,13
2232,14/07/2025,14/07/2025,14/07/2025,Mapeo de activos: otras temáticas,18,30,6,22,9,13,1.0,1,"López Aguilar, Alberto",1,,17,M,11,,1,Peligros,0,2,13
2233,07/11/2025,26/12/2025,08/11/2025,Taller de parentalidad positiva,23,20,1,26,7,19,18.4,8,"Delgado Aguilar, Antonio",1,,17,M,8,,2,Peligros,0,0,6
2234,10/09/2024,10/09/2024,11/09/2024,Actividad PS: primeros auxilios,1,22,11,21,7,14,2.3,1,"López Aguilar, Alberto",1,,17,M,11,,0,Peligros,0,3,10
2235,25/08/2024,25/08/2024,30/08/2024,Charla sobre alimentación saludable,0,3,24,45,14,31,1.0,1,"Hidalgo Ortiz, Amparo",1,,17,F,15,,1,Peligros,0,1,11
2236,13/11/2025,20/11/2025,16/11/2025,Sesión formativa: bienestar emocional,22,4,3,8,4,4,3.0,2,"Delgado Aguilar, Antonio",1,,17,M,8,,0,Peligros,0,10,10
2237,05/02/2024,12/02/2024,06/02/2024,Actividad PS: vacunación,1,27,16,110,32,78,3.6,2,"Serrano Flores, Enrique",1,,17,M,3,,0,Peligros,0,8,4
2238,22/11/2024,22/11/2024,24/11/2024,Actividad PS: prev. accidentes,1,21,15,94,29,65,2.7,1,"Serrano Flores, Enrique",1,,17,M,3,,2,Peligros,0,1,12
2239,08/12/2025,08/12/2025,11/12/2025,Ponencia: bienestar emocional,20,4,6,62,24,38,2.7,1,"Jiménez Martínez, Mercedes",1,,17,F,6,,1,Peligros,0,12,5
2240,02/02/2024,05/04/2024,03/02/2024,PSIA,17,29,21,21,1,20,18.0,10,"Navarro Reyes, María",1,,17,F,2,2,0,Peligros,1,4,11
2241,12/01/2025,26/01/2025,15/01/2025,Taller de otras adicciones,23,18,2,10,3,7,7.8,3,"Delgado Aguilar, Antonio",1,,17,M,8,,1,Peligros,0,7,6
2242,03/07/2025,10/07/2025,08/07/2025,Ponencia: enf. transmisibles,20,9,23,50,20,30,2.6,2,"López Aguilar, Alberto",1,,17,M,11,,1,Peligros,0,3,8
2243,30/09/2024,18/11/2024,04/10/2024,Taller de tabaco,23,7,14,11,6,5,13.6,8,"Cruz Reyes, Salvador",1,,17,M,6,,1,Peligros,0,1,11
2244,06/12/2025,06/12/2025,06/12/2025,Mesa informativa: voluntades vitales,19,29,20,15,4,11,1.2,1,"Cruz Reyes, Salvador",1,,17,M,6,,1,Peligros,0,7,13
2245,23/11/2025,30/11/2025,27/11/2025,Ponencia: otras temáticas,20,30,5,105,53,52,5.6,2,"Jiménez Martínez, Mercedes",1,,17,F,6,,1,Peligros,0,0,8
2246,02/03/2025,02/03/2025,04/03/2025,Charla sobre conducta suicida,0,5,19,18,10,8,1.0,1,"Delgado Aguilar, Antonio",1,,17,M,8,,1,Peligros,0,3,5
2247,17/07/2024,07/08/2024,21/07/2024,Actividad PS: primeros auxilios,24,22,6,40,10,30,4.0,4,"López Aguilar, Alberto",1,,17,M,11,,2,Peligros,0,4,13
2248,03/02/2025,10/02/2025,07/02/2025,Sesión formativa: otras temáticas,22,30,25,8,4,4,3.4,2,"Cruz Reyes, Salvador",1,,17,M,6,,2,Peligros,0,7,14
2249,16/09/2024,14/10/2024,16/09/2024,Taller de consumo alcohol,23,6,10,21,9,12,11.5,5,"Navarro Reyes, María",1,,17,F,2,2,2,Peligros,0,6,9
2250,06/11/2024,13/11/2024,11/11/2024,Sesión formativa: alimentación saludable,22,3,14,27,6,21,2.8,2,"Cruz Reyes, Salvador",1,,17,M,6,,1,Peligros,0,11,3
2251,09/01/2025,09/01/2025,12/01/2025,Sesión formativa: sexualidad,22,24,19,28,8,20,1.2,1,"Moreno Suárez, Pilar",1,,17,F,13,,2,Peligros,0,13,1
2252,06/12/2024,03/01/2025,08/12/2024,Actividad PS: IRAS,1,14,18,44,12,32,6.0,5,"Fernández Rubio, Diego",1,,17,M,1,,0,Peligros,0,1,1
2253,20/03/2025,03/04/2025,20/03/2025,Reunión coordinación — sexualidad,3,24,6,2,1,1,6.0,3,"Delgado Aguilar, Antonio",1,,17,M,8,,2,Peligros,1,1,12
2254,06/07/2024,06/07/2024,06/07/2024,Sesión formativa: violencia género,22,28,5,18,10,8,1.3,1,"Delgado Aguilar, Antonio",1,,17,M,8,,1,Peligros,0,4,2
2255,05/04/2025,05/04/2025,08/04/2025,Mesa informativa: enf. transmisibles,19,9,3,40,21,19,1.0,1,"Serrano Flores, Enrique",1,,17,M,3,,2,Peligros,0,12,12
2256,29/07/2025,05/08/2025,30/07/2025,Actividad PS: consumo alcohol,24,6,7,40,19,21,2.8,2,"Hidalgo Ortiz, Amparo",1,,17,F,15,,1,Peligros,0,12,1
2257,17/08/2025,21/09/2025,18/08/2025,PITA,16,21,3,9,2,7,13.8,6,"Navarro Reyes, María",1,,17,F,2,2,0,Peligros,0,8,10
2258,18/01/2024,01/02/2024,18/01/2024,Actividad PS: parentalidad positiva,24,20,11,29,14,15,3.0,3,"Delgado Aguilar, Antonio",1,,17,M,8,,0,Peligros,0,10,4
2259,16/04/2024,21/05/2024,21/04/2024,Taller de voluntades vitales,23,29,9,10,4,6,9.6,6,"Navarro Reyes, María",1,,17,F,2,2,0,Peligros,0,10,4
2260,20/03/2024,03/04/2024,24/03/2024,Sesión formativa: parentalidad positiva,22,20,24,21,9,12,3.3,3,"Navarro Reyes, María",1,,17,F,2,2,2,Peligros,0,6,13
2261,05/10/2025,12/10/2025,10/10/2025,Actividad PS: otras temáticas,4,30,1,39,21,18,2.2,2,"Jiménez Martínez, Mercedes",1,,17,F,6,,0,Peligros,0,12,15
2262,09/10/2024,09/10/2024,11/10/2024,Sesión formativa: violencia género,22,28,16,29,10,19,1.1,1,"Delgado Aguilar, Antonio",1,,17,M,8,,2,Peligros,0,8,2
2263,14/06/2024,14/06/2024,17/06/2024,Sesión formativa: violencia género,22,28,22,6,3,3,1.4,1,"Moreno Suárez, Pilar",1,,17,F,13,,1,Peligros,0,0,13
2264,21/06/2025,12/07/2025,25/06/2025,Taller de manejo enf. crónicas,23,16,18,24,12,12,11.2,4,"Molina Díaz, Rosa",1,,18,F,6,,1,Pinos Puente,0,14,13
2265,31/01/2024,10/04/2024,31/01/2024,Rehabilitación respiratoria,10,7,3,10,6,4,23.1,11,"Fernández Jiménez, Mónica",1,,18,F,2,6,0,Pinos Puente,0,7,4
2266,19/07/2024,09/08/2024,21/07/2024,Taller de uso medicamento,23,25,7,15,7,8,8.4,4,"Flores Lara, Pedro",1,,18,M,6,,2,Pinos Puente,0,2,0
2267,22/06/2024,22/06/2024,24/06/2024,Mesa informativa: alimentación saludable,19,3,17,44,20,24,0.7,1,"Flores Lara, Pedro",1,,18,M,6,,2,Pinos Puente,0,9,13
2268,28/04/2025,02/06/2025,02/05/2025,Programa educación maternal,11,1,2,18,0,18,15.0,6,"Fernández Jiménez, Mónica",1,,18,F,2,6,2,Pinos Puente,0,4,9
2269,14/02/2025,11/04/2025,16/02/2025,PSIA,17,4,5,18,0,18,21.6,9,"Alonso Montero, Inmaculada",1,,18,F,2,3,0,Pinos Puente,0,3,1
2270,16/07/2025,16/07/2025,20/07/2025,Mesa informativa: prev. accidentes,19,21,25,60,31,29,1.9,1,"Alonso Guerrero, Laura",1,,18,F,11,,0,Pinos Puente,0,0,11
2271,04/10/2025,04/10/2025,07/10/2025,Charla sobre act. física,0,1,7,53,18,35,2.0,1,"López Hernández, Irene",1,,18,F,6,,2,Pinos Puente,0,10,2
2272,30/05/2025,13/06/2025,03/06/2025,Sesión clínica: prev. accidentes,21,21,5,13,6,7,3.6,3,"Ortiz Montero, Enrique",1,,18,M,7,,0,Pinos Puente,0,2,10
2273,18/03/2024,01/04/2024,18/03/2024,Sesión clínica: manejo enf. crónicas,21,16,21,22,6,16,3.6,3,"Molina Díaz, Rosa",1,,18,F,6,,2,Pinos Puente,0,9,5
2274,01/11/2024,10/01/2025,05/11/2024,Rehabilitación cardiaca,9,9,5,9,5,4,20.9,11,"Vargas Guerrero, Irene",1,,18,F,2,5,2,Pinos Puente,0,14,7
2275,31/03/2025,07/04/2025,02/04/2025,Reunión coordinación — otras adicciones,3,18,25,6,1,5,4.0,2,"Alonso González, Nuria",1,,18,F,8,,0,Pinos Puente,0,3,1
2276,04/04/2025,04/04/2025,09/04/2025,Mesa informativa: otras temáticas,19,30,1,54,13,41,1.3,1,"Aguilar Vega, Marta",1,,18,F,9,,0,Pinos Puente,0,5,5
2277,09/09/2024,30/09/2024,12/09/2024,PIOBIN,15,12,24,8,2,6,9.6,4,"Alonso Montero, Inmaculada",1,,18,F,2,3,1,Pinos Puente,0,0,7
2278,09/04/2024,30/04/2024,14/04/2024,Grupo cuidadoras,5,9,12,10,4,6,6.8,4,"Ortiz Montero, Enrique",1,,18,M,7,,0,Pinos Puente,0,7,0
2279,02/07/2024,02/07/2024,02/07/2024,Mesa informativa: otras temáticas,19,30,21,32,15,17,1.1,1,"Alonso Guerrero, Laura",1,,18,F,11,,1,Pinos Puente,0,2,2
2280,25/02/2024,10/03/2024,25/02/2024,Reunión coordinación — voluntades vitales,3,29,5,6,2,4,3.3,3,"Alonso Montero, Inmaculada",1,,18,F,2,3,2,Pinos Puente,0,9,1
2281,11/02/2025,11/02/2025,11/02/2025,Sesión formativa: parentalidad positiva,22,20,24,30,11,19,1.9,1,"Romero Suárez, Carmen",1,,18,F,13,,1,Pinos Puente,0,5,7
2282,26/10/2025,07/12/2025,28/10/2025,IAHS,14,20,24,11,2,9,11.9,7,"Ruiz Vargas, David",1,,18,M,9,,2,Pinos Puente,0,5,1
2283,08/10/2024,12/11/2024,08/10/2024,GRUSE,13,4,7,19,10,9,13.2,6,"Alonso González, Nuria",1,,18,F,8,,1,Pinos Puente,0,1,3
2284,13/07/2024,12/10/2024,15/07/2024,GRAFA,12,26,19,19,4,15,33.6,14,"Ruiz Vargas, David",1,,18,M,9,,1,Pinos Puente,0,8,15
2285,18/10/2025,08/11/2025,18/10/2025,Mapeo de activos: uso TRICs,18,26,22,35,17,18,4.4,4,"Ruiz Vargas, David",1,,18,M,9,,2,Pinos Puente,0,12,10
2286,27/08/2024,01/10/2024,01/09/2024,Ponencia: parentalidad positiva,20,20,16,71,24,47,18.0,6,"Aguilar Vega, Marta",1,,18,F,9,,0,Pinos Puente,0,10,4
2287,31/01/2024,27/03/2024,02/02/2024,PIOBIN,15,16,3,18,9,9,15.3,9,"Vargas Guerrero, Irene",1,,18,F,2,5,0,Pinos Puente,0,11,9
2288,06/12/2025,06/12/2025,10/12/2025,Mesa informativa: alimentación saludable,19,3,8,48,17,31,1.2,1,"Molina Díaz, Rosa",1,,18,F,6,,1,Pinos Puente,0,13,6
2289,16/03/2024,18/05/2024,19/03/2024,Programa educación maternal,11,7,10,16,1,15,23.0,10,"Moreno Jiménez, Rosa",1,,18,F,2,7,0,Pinos Puente,0,7,14
2290,15/09/2025,22/09/2025,17/09/2025,Actividad PS: tabaco,4,7,10,17,9,8,3.4,2,"López Hernández, Irene",1,,18,F,6,,0,Pinos Puente,0,8,0
2291,21/04/2025,05/05/2025,23/04/2025,Reunión coordinación — consumo alcohol,3,6,13,3,1,2,3.6,3,"Moreno Jiménez, Rosa",1,,18,F,2,7,1,Pinos Puente,0,1,4
2292,26/03/2024,16/04/2024,29/03/2024,Mapeo de activos: bienestar emocional,18,4,4,35,10,25,5.6,4,"Romero Suárez, Carmen",1,,18,F,13,,1,Pinos Puente,0,11,11
2293,04/03/2025,04/03/2025,05/03/2025,Mesa informativa: consumo alcohol,19,6,18,10,4,6,1.4,1,"Romero Suárez, Carmen",1,,18,F,13,,0,Pinos Puente,0,6,4
2294,08/12/2024,05/01/2025,09/12/2024,Grupo cuidadoras,5,21,18,20,10,10,8.5,5,"Ortiz Montero, Enrique",1,,18,M,7,,0,Pinos Puente,0,14,1
2295,29/05/2024,31/07/2024,31/05/2024,PIOBIN,15,4,12,15,7,8,23.0,10,"Ruiz Vargas, David",1,,18,M,9,,0,Pinos Puente,1,1,15
2296,16/12/2025,31/12/2025,19/12/2025,GRAFA,12,4,15,23,5,18,20.9,11,"Aguilar Vega, Marta",1,,18,F,9,,2,Pinos Puente,0,1,9
2297,02/05/2025,16/05/2025,05/05/2025,Sesión clínica: act. física,21,1,1,15,5,10,3.9,3,"Espinosa García, Ana",1,,18,F,6,,2,Pinos Puente,0,9,13
2298,29/08/2024,12/09/2024,02/09/2024,Reunión coordinación — primeros auxilios,3,22,7,5,1,4,5.7,3,"Vargas Guerrero, Irene",1,,18,F,2,5,2,Pinos Puente,0,3,13
2299,18/03/2025,01/04/2025,18/03/2025,Reunión coordinación — enf. transmisibles,3,9,9,4,1,3,3.0,3,"Vargas Guerrero, Irene",1,,18,F,2,5,0,Pinos Puente,0,13,14
2300,27/04/2025,27/04/2025,02/05/2025,Sesión formativa: bienestar emocional,22,4,14,21,11,10,1.0,1,"Moreno Jiménez, Rosa",1,,18,F,2,7,1,Pinos Puente,0,11,15
2301,31/01/2024,31/01/2024,31/01/2024,Sesión clínica: voluntades vitales,21,29,2,27,9,18,1.5,1,"Espinosa García, Ana",1,,18,F,6,,1,Pinos Puente,0,2,4
2302,24/02/2025,24/02/2025,24/02/2025,Mesa informativa: enf. transmisibles,19,9,18,18,6,12,1.6,1,"Alonso Guerrero, Laura",1,,18,F,11,,0,Pinos Puente,0,13,5
2303,02/03/2025,02/03/2025,02/03/2025,Mesa informativa: alimentación saludable,19,3,23,43,18,25,1.3,1,"Molina Díaz, Rosa",1,,18,F,6,,0,Pinos Puente,0,7,8
2304,06/05/2024,06/05/2024,06/05/2024,Sesión clínica: otras temáticas,21,30,15,8,2,6,1.0,1,"Molina Díaz, Rosa",1,,18,F,6,,1,Pinos Puente,0,5,0
2305,31/07/2024,11/09/2024,01/08/2024,Grupo cuidadoras,5,3,10,25,8,17,13.3,7,"Ortiz Montero, Enrique",1,,18,M,7,,1,Pinos Puente,0,7,11
2306,20/08/2025,27/08/2025,24/08/2025,Actividad PS: manejo enf. crónicas,24,16,3,39,21,18,4.0,2,"Espinosa García, Ana",1,,18,F,6,,0,Pinos Puente,0,7,14
2307,28/06/2025,28/06/2025,02/07/2025,Mesa informativa: alimentación saludable,19,3,9,11,4,7,1.2,1,"López Hernández, Irene",1,,18,F,6,,1,Pinos Puente,0,7,1
2308,03/02/2024,10/02/2024,04/02/2024,Sesión formativa: voluntades vitales,22,29,19,29,9,20,3.8,2,"Suárez Domínguez, Enrique",1,,18,M,6,,0,Pinos Puente,0,10,2
2309,25/10/2025,01/11/2025,28/10/2025,Actividad PS: parentalidad positiva,24,20,25,14,3,11,3.8,2,"Alonso González, Nuria",1,,18,F,8,,1,Pinos Puente,0,2,9
2310,04/08/2024,27/10/2024,06/08/2024,IAHS,14,10,6,12,5,7,23.4,13,"Vargas Guerrero, Irene",1,,18,F,2,5,2,Pinos Puente,0,0,1
2311,19/12/2024,20/03/2025,19/12/2024,Grupo cuidadoras,5,3,5,13,5,8,28.0,14,"Vargas Guerrero, Irene",1,,18,F,2,5,0,Pinos Puente,0,11,0
2312,27/04/2025,03/08/2025,28/04/2025,PITA,16,20,12,14,6,8,27.0,15,"Ruiz Vargas, David",1,,18,M,9,,1,Pinos Puente,0,0,12
2313,09/06/2025,18/08/2025,14/06/2025,IAHS,14,9,20,25,8,17,22.0,11,"Ortiz Montero, Enrique",1,,18,M,7,,2,Pinos Puente,0,14,0
2314,27/06/2025,11/07/2025,28/06/2025,Sesión clínica: uso medicamento,21,25,16,29,8,21,3.6,3,"Flores Lara, Pedro",1,,18,M,6,,0,Pinos Puente,0,0,4
2315,19/06/2025,10/07/2025,19/06/2025,Ponencia: vacunación,20,27,22,76,20,56,11.6,4,"Espinosa García, Ana",1,,18,F,6,,0,Pinos Puente,0,11,10
2316,19/07/2024,25/10/2024,20/07/2024,PITA,16,7,16,21,11,10,24.0,15,"Vargas Guerrero, Irene",1,,18,F,2,5,0,Pinos Puente,0,14,4
2317,20/03/2024,27/03/2024,23/03/2024,Reunión coordinación — bienestar emocional,3,4,4,4,2,2,3.0,2,"Romero Suárez, Carmen",1,,18,F,13,,2,Pinos Puente,0,7,7
2318,08/04/2024,10/06/2024,08/04/2024,Grupo EPOC/asma,8,12,18,22,6,16,15.0,10,"Moreno Jiménez, Rosa",1,,18,F,2,7,2,Pinos Puente,0,14,4
2319,29/04/2024,22/07/2024,02/05/2024,GRUSE,13,24,14,10,5,5,20.8,13,"Alonso González, Nuria",1,,18,F,8,,0,Pinos Puente,0,6,13
2320,21/08/2024,11/09/2024,21/08/2024,Actividad PS: consumo alcohol,4,6,4,18,9,9,4.4,4,"Flores Lara, Pedro",1,,18,M,6,,0,Pinos Puente,0,10,1
2321,03/02/2025,10/03/2025,07/02/2025,Rehabilitación cardiaca,9,9,13,14,7,7,13.2,6,"Alonso Montero, Inmaculada",1,,18,F,2,3,0,Pinos Puente,0,13,15
2322,22/02/2024,29/02/2024,22/02/2024,Actividad PS: consumo alcohol,24,6,16,24,9,15,3.4,2,"Espinosa García, Ana",1,,18,F,6,,1,Pinos Puente,0,9,11
2323,16/01/2024,23/01/2024,17/01/2024,Actividad PS: uso medicamento,4,25,18,35,13,22,3.4,2,"López Hernández, Irene",1,,18,F,6,,2,Pinos Puente,0,13,6
2324,29/05/2024,17/07/2024,03/06/2024,IAHS,14,26,4,10,5,5,16.8,8,"Ruiz Vargas, David",1,,18,M,9,,2,Pinos Puente,0,5,5
2325,07/08/2024,06/11/2024,09/08/2024,PIOBIN,15,29,7,14,7,7,29.4,14,"Vargas Guerrero, Irene",1,,18,F,2,5,2,Pinos Puente,0,3,1
2326,08/06/2025,22/06/2025,10/06/2025,Actividad PS: alimentación saludable,24,3,16,12,4,8,4.2,3,"Suárez Domínguez, Enrique",1,,18,M,6,,0,Pinos Puente,0,12,9
2327,14/09/2025,14/09/2025,18/09/2025,Charla sobre parentalidad positiva,0,20,17,27,9,18,0.6,1,"Alonso Montero, Inmaculada",1,,18,F,2,3,2,Pinos Puente,0,11,5
2328,16/09/2025,30/09/2025,16/09/2025,Mapeo de activos: IRAS,18,14,16,13,7,6,4.2,3,"Alonso Guerrero, Laura",1,,18,F,11,,0,Pinos Puente,0,14,12
2329,21/08/2025,11/09/2025,26/08/2025,Actividad PS: bienestar emocional,24,4,24,36,19,17,7.2,4,"Suárez Domínguez, Enrique",1,,18,M,6,,1,Pinos Puente,0,9,10
2330,20/10/2025,20/10/2025,20/10/2025,Charla sobre sexualidad,0,24,12,10,3,7,1.4,1,"Romero Suárez, Carmen",1,,18,F,13,,0,Pinos Puente,0,0,14
2331,19/10/2024,19/10/2024,20/10/2024,Charla sobre otras temáticas,0,30,22,39,20,19,1.7,1,"Suárez Domínguez, Enrique",1,,18,M,6,,0,Pinos Puente,0,13,12
2332,12/09/2024,03/10/2024,17/09/2024,Programa educación maternal,11,4,10,9,0,9,8.0,4,"Ortiz Montero, Enrique",1,,18,M,7,,1,Pinos Puente,0,12,7
2333,18/12/2025,25/12/2025,21/12/2025,Sesión formativa: enf. transmisibles,22,9,10,13,6,7,2.4,2,"Fuentes Serrano, Amparo",1,,19,F,2,9,0,Santa Fe,0,9,13
2334,22/11/2025,22/11/2025,24/11/2025,Sesión clínica: otras formas fumar,21,19,20,28,10,18,1.9,1,"Torres Domínguez, Isabel",1,,19,F,4,,1,Santa Fe,0,8,2
2335,27/08/2024,01/10/2024,30/08/2024,Grupo dolor crónico,6,6,19,10,4,6,13.2,6,"Guerrero Delgado, Concepción",1,,19,F,2,8,1,Santa Fe,0,1,12
2336,07/05/2025,11/06/2025,12/05/2025,Rehabilitación respiratoria,10,9,16,12,7,5,10.8,6,"Cabrera Castro, Sandra",1,,19,F,2,2,2,Santa Fe,0,9,13
2337,02/10/2025,23/10/2025,05/10/2025,Actividad PS: bienestar emocional,24,4,11,6,1,5,6.4,4,"Moreno Ruiz, Rafael",1,,19,M,8,,2,Santa Fe,0,9,12
2338,04/06/2024,18/06/2024,05/06/2024,Reunión coordinación — conducta suicida,3,5,11,5,2,3,3.6,3,"Ramos Castro, Marta",1,,19,F,8,,0,Santa Fe,0,1,10
2339,11/01/2025,18/01/2025,15/01/2025,Sesión formativa: IRAS,22,14,19,14,8,6,2.8,2,"Hidalgo Martínez, Pilar",1,,19,F,7,,0,Santa Fe,0,3,4
2340,11/12/2025,31/12/2025,14/12/2025,Programa educación maternal,11,20,14,16,0,16,18.4,8,"Hidalgo Martínez, Pilar",1,,19,F,7,,0,Santa Fe,0,1,10
2341,29/10/2024,26/11/2024,30/10/2024,Grupo diabetológico,7,4,12,12,3,9,11.0,5,"Guerrero Delgado, Concepción",1,,19,F,2,8,0,Santa Fe,0,10,6
2342,19/02/2024,18/03/2024,21/02/2024,PIOBIN,15,7,10,22,7,15,10.0,5,"Guerrero Delgado, Concepción",1,,19,F,2,8,1,Santa Fe,0,0,0
2343,09/10/2024,09/10/2024,09/10/2024,Mapeo de activos: parentalidad positiva,18,20,23,10,4,6,1.2,1,"Vargas Domínguez, Virginia",1,,19,F,13,,0,Santa Fe,0,3,15
2344,26/05/2025,16/06/2025,31/05/2025,Reunión coordinación — consumo alcohol,3,6,10,10,4,6,4.8,4,"Torres Domínguez, Isabel",1,,19,F,4,,2,Santa Fe,0,10,9
2345,09/08/2024,06/09/2024,12/08/2024,Ponencia: IRAS,20,14,13,93,45,48,8.5,5,"Domínguez Guerrero, Marta",1,,19,F,11,,1,Santa Fe,0,2,13
2346,05/07/2025,12/07/2025,06/07/2025,Ponencia: otras temáticas,20,30,5,108,46,62,5.4,2,"Domínguez Guerrero, Marta",1,,19,F,11,,0,Santa Fe,0,7,15
2347,15/08/2024,15/08/2024,16/08/2024,Sesión clínica: bienestar emocional,21,4,3,18,9,9,1.0,1,"Vargas Cruz, Mario",1,,19,M,6,,0,Santa Fe,0,8,0
2348,07/07/2025,15/09/2025,07/07/2025,Programa educación maternal,11,22,19,23,2,21,17.6,11,"Fuentes Serrano, Amparo",1,,19,F,2,9,2,Santa Fe,0,10,2
2349,04/08/2025,06/10/2025,04/08/2025,PIOBIN,15,21,21,15,6,9,22.0,10,"Reyes Espinosa, Lucía",1,,19,F,2,4,2,Santa Fe,0,0,8
2350,30/04/2024,07/05/2024,01/05/2024,Reunión coordinación — primeros auxilios,3,22,9,8,4,4,2.4,2,"Reyes Espinosa, Lucía",1,,19,F,2,4,0,Santa Fe,0,8,1
2351,16/10/2025,31/12/2025,18/10/2025,Rehabilitación cardiaca,9,29,14,8,5,3,36.0,15,"Guerrero Delgado, Concepción",1,,19,F,2,8,0,Santa Fe,0,13,2
2352,08/09/2024,08/09/2024,10/09/2024,Reunión coordinación — prev. accidentes,3,21,17,4,2,2,1.2,1,"Ruiz Reyes, Manuel",1,,19,M,5,,0,Santa Fe,0,13,15
2353,10/03/2024,31/03/2024,14/03/2024,Actividad PS: uso medicamento,4,25,20,28,12,16,4.4,4,"Vargas Cruz, Mario",1,,19,M,6,,1,Santa Fe,0,11,13
2354,10/11/2024,01/12/2024,14/11/2024,Ponencia: manejo enf. crónicas,20,16,21,56,28,28,7.6,4,"Vargas Cruz, Mario",1,,19,M,6,,1,Santa Fe,0,8,7
2355,07/05/2024,23/07/2024,10/05/2024,GRUSE,13,18,8,16,4,12,24.0,12,"Moreno Ruiz, Rafael",1,,19,M,8,,0,Santa Fe,0,12,6
2356,27/03/2025,27/03/2025,31/03/2025,Mesa informativa: parentalidad positiva,19,20,22,51,16,35,1.2,1,"Serrano Rodríguez, Nuria",1,,19,F,7,,2,Santa Fe,0,8,2
2357,07/08/2025,07/08/2025,11/08/2025,Charla sobre primeros auxilios,0,22,5,32,9,23,0.6,1,"Reyes Espinosa, Lucía",1,,19,F,2,4,1,Santa Fe,0,11,12
2358,19/02/2024,08/04/2024,20/02/2024,Grupo diabetológico,7,7,22,10,3,7,14.4,8,"Reyes Espinosa, Lucía",1,,19,F,2,4,2,Santa Fe,0,1,2
2359,23/02/2024,08/03/2024,27/02/2024,Reunión coordinación — uso medicamento,3,25,24,3,2,1,5.1,3,"Vargas Cruz, Mario",1,,19,M,6,,0,Santa Fe,0,14,8
2360,16/07/2024,30/07/2024,19/07/2024,Actividad PS: manejo enf. crónicas,4,16,19,29,15,14,6.0,3,"Vargas Cruz, Mario",1,,19,M,6,,2,Santa Fe,0,13,9
2361,26/06/2025,17/07/2025,01/07/2025,Reunión coordinación — lactancia materna,3,15,13,7,2,5,6.0,4,"Reyes Espinosa, Lucía",1,,19,F,2,4,0,Santa Fe,0,5,11
2362,03/12/2025,31/12/2025,05/12/2025,GRUSE,13,18,23,16,5,11,28.6,13,"Ramos Castro, Marta",1,,19,F,8,,0,Santa Fe,0,7,4
2363,13/05/2024,24/06/2024,13/05/2024,Programa educación maternal,11,1,19,10,1,9,10.5,7,"Serrano Rodríguez, Nuria",1,,19,F,7,,0,Santa Fe,0,2,6
2364,26/11/2024,03/12/2024,30/11/2024,Reunión coordinación — manejo enf. crónicas,3,16,14,8,3,5,3.0,2,"Torres Domínguez, Isabel",1,,19,F,4,,1,Santa Fe,0,7,9
2365,27/07/2025,27/07/2025,29/07/2025,Mesa informativa: otras temáticas,19,30,25,41,14,27,1.9,1,"Vargas Cruz, Mario",1,,19,M,6,,1,Santa Fe,0,11,8
2366,25/02/2025,25/02/2025,02/03/2025,Charla sobre conducta suicida,0,5,22,38,19,19,1.9,1,"Ramos Castro, Marta",1,,19,F,8,,0,Santa Fe,0,6,8
2367,21/04/2025,21/04/2025,25/04/2025,Mesa informativa: uso medicamento,19,25,8,14,5,9,0.8,1,"Torres Domínguez, Isabel",1,,19,F,4,,2,Santa Fe,0,4,0
2368,29/06/2025,03/08/2025,30/06/2025,Rehabilitación cardiaca,9,12,2,9,5,4,12.0,6,"Ruiz Reyes, Manuel",1,,19,M,5,,0,Santa Fe,0,5,14
2369,23/09/2025,11/11/2025,27/09/2025,IAHS,14,21,12,11,3,8,14.4,8,"Hidalgo Martínez, Pilar",1,,19,F,7,,1,Santa Fe,0,5,12
2370,31/05/2025,31/05/2025,04/06/2025,Mesa informativa: act. física,19,1,9,24,12,12,0.9,1,"Hidalgo Martínez, Pilar",1,,19,F,7,,0,Santa Fe,0,5,11
2371,19/07/2024,19/07/2024,24/07/2024,Charla sobre otras formas fumar,0,19,17,49,25,24,1.9,1,"Torres Domínguez, Isabel",1,,19,F,4,,2,Santa Fe,0,10,4
2372,30/04/2024,11/06/2024,01/05/2024,Programa educación maternal,11,9,3,22,2,20,12.6,7,"Hidalgo Martínez, Pilar",1,,19,F,7,,1,Santa Fe,0,0,10
2373,29/06/2024,06/07/2024,29/06/2024,Actividad PS: voluntades vitales,4,29,10,40,16,24,2.2,2,"Domínguez García, Carmen",1,,19,F,6,,2,Santa Fe,0,12,5
2374,04/11/2025,09/12/2025,09/11/2025,Taller de alimentación saludable,23,3,23,28,7,21,14.4,6,"Serrano Rodríguez, Nuria",1,,19,F,7,,1,Santa Fe,0,8,0
2375,09/12/2024,23/12/2024,10/12/2024,Reunión coordinación — vacunación,3,27,11,2,1,1,5.1,3,"Vargas Cruz, Mario",1,,19,M,6,,0,Santa Fe,0,11,6
2376,10/01/2025,24/01/2025,10/01/2025,Sesión clínica: menopausia,21,17,15,16,5,11,3.3,3,"Torres Domínguez, Isabel",1,,19,F,4,,0,Santa Fe,0,10,3
2377,23/09/2025,23/09/2025,25/09/2025,Charla sobre higiene manos,0,11,16,34,10,24,1.4,1,"Guerrero Delgado, Concepción",1,,19,F,2,8,1,Santa Fe,1,4,1
2378,09/12/2024,23/12/2024,14/12/2024,Taller de parentalidad positiva,23,20,24,22,10,12,8.4,3,"Moreno Ruiz, Rafael",1,,19,M,8,,0,Santa Fe,0,3,5
2379,22/05/2024,05/06/2024,27/05/2024,Sesión formativa: incontinencia,22,13,5,18,4,14,4.8,3,"Ruiz Reyes, Manuel",1,,19,M,5,,1,Santa Fe,0,9,4
2380,13/07/2025,17/08/2025,17/07/2025,Grupo EPOC/asma,8,4,24,22,10,12,14.4,6,"Reyes Espinosa, Lucía",1,,19,F,2,4,0,Santa Fe,0,0,7
2381,26/12/2025,26/12/2025,31/12/2025,Sesión formativa: sexualidad,22,24,25,21,5,16,1.7,1,"Vargas Domínguez, Virginia",1,,19,F,13,,1,Santa Fe,0,5,8
2382,26/05/2025,02/06/2025,28/05/2025,Sesión formativa: otras adicciones,22,18,8,14,7,7,3.4,2,"Torres Domínguez, Isabel",1,,19,F,4,,1,Santa Fe,0,4,14
2383,26/05/2024,26/05/2024,27/05/2024,Charla sobre alimentación saludable,0,3,24,43,14,29,1.4,1,"Vargas Cruz, Mario",1,,19,M,6,,2,Santa Fe,0,12,15
2384,18/06/2025,25/06/2025,22/06/2025,Reunión coordinación — otras temáticas,3,30,15,4,2,2,2.4,2,"Domínguez García, Carmen",1,,19,F,6,,1,Santa Fe,1,6,10
2385,01/06/2025,20/07/2025,02/06/2025,Taller de dolor crónico,23,8,2,24,8,16,24.0,8,"Ruiz Reyes, Manuel",1,,19,M,5,,0,Santa Fe,0,1,4
2386,25/09/2024,08/01/2025,28/09/2024,Grupo cuidadoras,5,15,24,11,6,5,36.8,16,"Hidalgo Martínez, Pilar",1,,19,F,7,,0,Santa Fe,0,3,4
2387,08/06/2025,22/06/2025,09/06/2025,Reunión coordinación — envejecimiento,3,10,5,7,3,4,4.5,3,"Fuentes Serrano, Amparo",1,,19,F,2,9,0,Santa Fe,0,7,14
2388,09/01/2024,20/02/2024,11/01/2024,GRUSE,13,29,11,21,7,14,14.0,7,"Moreno Ruiz, Rafael",1,,19,M,8,,0,Santa Fe,0,2,0
2389,02/05/2025,16/05/2025,05/05/2025,Sesión clínica: otras adicciones,21,18,23,15,6,9,4.8,3,"Torres Domínguez, Isabel",1,,19,F,4,,0,Santa Fe,0,1,1
2390,08/04/2025,29/04/2025,09/04/2025,GRUSE,13,28,12,11,2,9,6.4,4,"Vargas Domínguez, Virginia",1,,19,F,13,,0,Santa Fe,0,4,0
2391,14/09/2024,28/09/2024,14/09/2024,Actividad PS: act. física,4,1,7,15,3,12,3.9,3,"Vargas Cruz, Mario",1,,19,M,6,,1,Santa Fe,0,10,5
2392,12/06/2025,12/06/2025,17/06/2025,Charla sobre vacunación,0,27,10,52,23,29,0.7,1,"Hidalgo Martínez, Pilar",1,,19,F,7,,1,Santa Fe,1,10,9
2393,27/04/2024,25/05/2024,29/04/2024,GRUSE,13,18,2,21,8,13,11.5,5,"Moreno Ruiz, Rafael",1,,19,M,8,,1,Santa Fe,0,3,11
2394,04/04/2025,25/04/2025,06/04/2025,Mapeo de activos: primeros auxilios,18,22,21,36,15,21,7.2,4,"Domínguez Guerrero, Marta",1,,19,F,11,,1,Santa Fe,1,9,6
2395,27/04/2024,27/04/2024,28/04/2024,Mesa informativa: parentalidad positiva,19,20,19,45,22,23,1.9,1,"Vargas Domínguez, Virginia",1,,19,F,13,,2,Santa Fe,0,9,7
2396,25/09/2025,27/11/2025,29/09/2025,PIOBIN,15,12,6,9,2,7,17.0,10,"Fuentes Serrano, Amparo",1,,19,F,2,9,2,Santa Fe,0,14,4
2397,19/11/2024,14/01/2025,19/11/2024,Rehabilitación respiratoria,10,7,13,22,15,7,13.5,9,"Cabrera Castro, Sandra",1,,19,F,2,2,1,Santa Fe,0,11,5
2398,08/06/2025,10/08/2025,12/06/2025,IAHS,14,1,10,17,3,14,22.0,10,"Serrano Rodríguez, Nuria",1,,19,F,7,,0,Santa Fe,0,1,14
2399,27/07/2024,03/08/2024,28/07/2024,Sesión clínica: uso medicamento,21,25,22,16,6,10,4.0,2,"Domínguez García, Carmen",1,,19,F,6,,1,Santa Fe,0,7,15
2400,27/11/2024,26/02/2025,28/11/2024,Rehabilitación cardiaca,9,21,21,17,9,8,23.8,14,"Ruiz Reyes, Manuel",1,,19,M,5,,1,Santa Fe,0,1,13
2401,26/10/2024,26/10/2024,27/10/2024,Charla sobre alimentación saludable,0,3,11,51,25,26,1.3,1,"Reyes Espinosa, Lucía",1,,19,F,2,4,2,Santa Fe,0,5,1
2402,01/07/2025,14/10/2025,05/07/2025,Grupo dolor crónico,6,22,7,10,5,5,32.0,16,"Ruiz Reyes, Manuel",1,,19,M,5,,2,Santa Fe,0,14,3
2403,03/10/2025,10/10/2025,05/10/2025,Sesión formativa: IRAS,22,14,4,15,5,10,3.6,2,"Cortés Hidalgo, Fernando",1,,20,M,1,,2,Valle Lecrín,0,1,4
2404,10/09/2024,10/09/2024,15/09/2024,Mesa informativa: voluntades vitales,19,29,22,10,5,5,1.4,1,"Cortés López, Silvia",1,,20,F,6,,2,Valle Lecrín,0,13,11
2405,29/08/2024,19/09/2024,02/09/2024,PIOBIN,15,27,14,25,5,20,8.0,4,"Flores Sánchez, Sara",1,,20,F,2,4,2,Valle Lecrín,0,5,14
2406,15/03/2025,15/03/2025,17/03/2025,Charla sobre enf. transmisibles,0,9,1,47,14,33,1.6,1,"Flores Rubio, Ana",1,,20,F,2,2,2,Valle Lecrín,0,8,13
2407,04/04/2025,06/06/2025,09/04/2025,Rehabilitación respiratoria,10,20,22,11,7,4,15.0,10,"Flores Sánchez, Sara",1,,20,F,2,4,0,Valle Lecrín,0,2,2
2408,31/07/2025,31/07/2025,05/08/2025,Charla sobre bienestar emocional,0,4,19,18,7,11,1.5,1,"Molina García, Juan",1,,20,M,2,2,1,Valle Lecrín,0,2,0
2409,03/07/2024,03/07/2024,03/07/2024,Actividad PS: otras temáticas,4,30,9,40,20,20,1.4,1,"Ortiz Alonso, Alberto",1,,20,M,6,,0,Valle Lecrín,0,12,0
2410,01/05/2025,01/05/2025,01/05/2025,Charla sobre vacunación,0,27,12,36,11,25,1.4,1,"Molina García, Juan",1,,20,M,2,2,0,Valle Lecrín,0,7,7
2411,28/06/2025,23/08/2025,29/06/2025,Rehabilitación respiratoria,10,20,8,13,9,4,16.2,9,"Aguilar Ruiz, Pilar",1,,20,F,2,6,0,Valle Lecrín,0,9,13
2412,06/04/2025,06/04/2025,11/04/2025,Sesión formativa: otras temáticas,22,30,2,28,8,20,1.6,1,"Romero Carmona, Nuria",1,,20,F,9,,0,Valle Lecrín,0,4,0
2413,28/09/2025,05/10/2025,28/09/2025,Sesión clínica: otras temáticas,21,30,18,21,8,13,3.4,2,"Cortés López, Silvia",1,,20,F,6,,1,Valle Lecrín,0,13,0
2414,21/09/2024,04/01/2025,25/09/2024,Programa educación maternal,11,8,16,8,1,7,40.0,16,"Molina García, Juan",1,,20,M,2,2,1,Valle Lecrín,0,11,14
2415,12/06/2025,03/07/2025,16/06/2025,Reunión coordinación — bienestar emocional,3,4,8,5,2,3,8.0,4,"Aguilar Ruiz, Pilar",1,,20,F,2,6,1,Valle Lecrín,1,1,1
2416,31/10/2025,31/12/2025,31/10/2025,PSIA,17,3,23,24,4,20,23.8,14,"Romero Carmona, Nuria",1,,20,F,9,,0,Valle Lecrín,0,1,12
2417,12/11/2025,19/11/2025,15/11/2025,Sesión formativa: alimentación saludable,22,3,22,7,4,3,2.0,2,"Cortés López, Silvia",1,,20,F,6,,2,Valle Lecrín,0,9,12
2418,14/11/2024,02/01/2025,15/11/2024,Rehabilitación cardiaca,9,11,23,13,7,6,16.0,8,"Flores Sánchez, Sara",1,,20,F,2,4,2,Valle Lecrín,0,13,12
2419,04/11/2024,25/11/2024,05/11/2024,Reunión coordinación — vacunación,3,27,12,5,2,3,4.0,4,"Cortés López, Silvia",1,,20,F,6,,1,Valle Lecrín,0,10,9
2420,14/10/2025,04/11/2025,17/10/2025,Reunión coordinación — consumo alcohol,3,6,21,10,3,7,7.2,4,"Cortés López, Silvia",1,,20,F,6,,1,Valle Lecrín,0,12,2
2421,24/04/2024,17/07/2024,26/04/2024,PIOBIN,15,29,5,9,3,6,22.1,13,"Flores Sánchez, Sara",1,,20,F,2,4,0,Valle Lecrín,0,4,8
2422,09/10/2025,09/10/2025,12/10/2025,Mesa informativa: tabaco,19,7,7,50,17,33,1.5,1,"Cortés López, Silvia",1,,20,F,6,,1,Valle Lecrín,0,5,4
2423,18/10/2024,25/10/2024,22/10/2024,Ponencia: otras formas fumar,20,19,13,63,16,47,3.2,2,"Romero Carmona, Nuria",1,,20,F,9,,1,Valle Lecrín,0,2,4
2424,25/04/2024,25/04/2024,25/04/2024,Actividad PS: consumo alcohol,4,6,25,36,8,28,1.3,1,"Cortés López, Silvia",1,,20,F,6,,1,Valle Lecrín,0,5,9
2425,19/08/2024,11/11/2024,23/08/2024,Grupo dolor crónico,6,12,6,10,5,5,23.4,13,"Flores Sánchez, Sara",1,,20,F,2,4,2,Valle Lecrín,0,7,0
2426,05/04/2025,07/06/2025,05/04/2025,PIOBIN,15,24,6,8,3,5,24.0,10,"Romero Carmona, Nuria",1,,20,F,9,,2,Valle Lecrín,0,4,12
2427,21/06/2025,05/07/2025,24/06/2025,Actividad PS: tabaco,4,7,18,23,12,11,4.2,3,"Ortiz Alonso, Alberto",1,,20,M,6,,2,Valle Lecrín,0,9,3
2428,02/10/2025,23/10/2025,05/10/2025,Grupo dolor crónico,6,11,6,20,6,14,6.4,4,"Aguilar Ruiz, Pilar",1,,20,F,2,6,2,Valle Lecrín,0,10,13
2429,01/06/2024,20/07/2024,02/06/2024,Grupo diabetológico,7,15,21,17,3,14,14.4,8,"Molina García, Juan",1,,20,M,2,2,1,Valle Lecrín,1,8,14
2430,30/11/2025,07/12/2025,01/12/2025,Sesión formativa: IRAS,22,14,16,10,5,5,2.4,2,"Cortés Hidalgo, Fernando",1,,20,M,1,,2,Valle Lecrín,0,9,5
2431,24/07/2025,16/10/2025,29/07/2025,PIOBIN,15,9,13,11,5,6,26.0,13,"Flores Sánchez, Sara",1,,20,F,2,4,0,Valle Lecrín,0,3,9
2432,05/10/2025,05/10/2025,05/10/2025,Sesión formativa: primeros auxilios,22,22,25,26,7,19,1.5,1,"Molina García, Juan",1,,20,M,2,2,2,Valle Lecrín,0,5,2
2433,18/10/2024,13/12/2024,21/10/2024,GRUSE,13,6,6,22,11,11,19.8,9,"Romero Carmona, Nuria",1,,20,F,9,,1,Valle Lecrín,0,13,12
2434,23/07/2024,23/07/2024,25/07/2024,Ponencia: otras temáticas,20,30,7,63,31,32,2.4,1,"Cortés Hidalgo, Fernando",1,,20,M,1,,0,Valle Lecrín,0,8,3
2435,13/06/2024,20/06/2024,14/06/2024,Reunión coordinación — enf. transmisibles,3,9,9,10,3,7,3.6,2,"Molina García, Juan",1,,20,M,2,2,2,Valle Lecrín,0,9,12
2436,05/10/2025,30/11/2025,05/10/2025,PITA,16,6,9,23,5,18,18.0,9,"Romero Carmona, Nuria",1,,20,F,9,,2,Valle Lecrín,0,7,1
2437,28/09/2025,28/09/2025,30/09/2025,Charla sobre lactancia materna,0,15,9,56,17,39,0.5,1,"Flores Sánchez, Sara",1,,20,F,2,4,1,Valle Lecrín,0,0,11
2438,28/03/2025,28/03/2025,30/03/2025,Mesa informativa: IRAS,19,14,18,25,7,18,0.8,1,"Cortés Hidalgo, Fernando",1,,20,M,1,,0,Valle Lecrín,0,6,13
2439,13/05/2024,01/07/2024,18/05/2024,Programa educación maternal,11,29,2,14,0,14,18.4,8,"Molina García, Juan",1,,20,M,2,2,1,Valle Lecrín,0,0,7
2440,24/05/2024,24/05/2024,28/05/2024,Sesión clínica: act. física,21,1,20,14,3,11,1.4,1,"Cortés López, Silvia",1,,20,F,6,,2,Valle Lecrín,0,7,11
2441,25/10/2024,25/10/2024,29/10/2024,Mapeo de activos: tabaco,18,7,24,24,5,19,1.7,1,"Romero Carmona, Nuria",1,,20,F,9,,0,Valle Lecrín,1,10,5
2442,28/06/2024,28/06/2024,01/07/2024,Mesa informativa: act. física,19,1,15,43,9,34,1.6,1,"Cortés Hidalgo, Fernando",1,,20,M,1,,0,Valle Lecrín,0,0,9
2443,01/10/2025,10/12/2025,02/10/2025,Programa educación maternal,11,6,16,13,0,13,26.4,11,"Flores Sánchez, Sara",1,,20,F,2,4,1,Valle Lecrín,0,13,5
2444,12/11/2025,12/11/2025,17/11/2025,Sesión clínica: otras temáticas,21,30,3,29,13,16,1.7,1,"Ortiz Alonso, Alberto",1,,20,M,6,,1,Valle Lecrín,0,1,6
2445,05/08/2024,07/10/2024,06/08/2024,PSIA,17,27,9,16,1,15,21.0,10,"Aguilar Ruiz, Pilar",1,,20,F,2,6,0,Valle Lecrín,0,10,2
2446,26/10/2025,23/11/2025,29/10/2025,Taller de manejo enf. crónicas,23,16,11,13,7,6,9.5,5,"Ortiz Alonso, Alberto",1,,20,M,6,,0,Valle Lecrín,1,14,2
2447,26/03/2024,18/06/2024,28/03/2024,Grupo cuidadoras,5,22,8,13,5,8,24.7,13,"Molina García, Juan",1,,20,M,2,2,1,Valle Lecrín,0,3,6
2448,05/09/2024,26/09/2024,07/09/2024,Taller de lactancia materna,23,15,8,18,6,12,6.4,4,"Flores Rubio, Ana",1,,20,F,2,2,2,Valle Lecrín,0,12,0
2449,31/05/2024,14/06/2024,01/06/2024,Taller de prev. accidentes,23,21,25,15,7,8,6.0,3,"Flores Sánchez, Sara",1,,20,F,2,4,1,Valle Lecrín,1,8,13
2450,29/05/2024,26/06/2024,02/06/2024,Grupo diabetológico,7,9,11,21,10,11,12.0,5,"Flores Sánchez, Sara",1,,20,F,2,4,2,Valle Lecrín,0,12,13
2451,08/10/2024,08/10/2024,09/10/2024,Actividad PS: consumo alcohol,24,6,10,18,10,8,1.8,1,"Ortiz Alonso, Alberto",1,,20,M,6,,2,Valle Lecrín,0,12,15
2452,31/07/2025,14/08/2025,01/08/2025,Actividad PS: manejo enf. crónicas,4,16,9,5,2,3,4.2,3,"Cortés López, Silvia",1,,20,F,6,,1,Valle Lecrín,0,4,1
2453,20/03/2024,20/03/2024,20/03/2024,Sesión formativa: prev. accidentes,22,21,15,20,10,10,1.7,1,"Romero Carmona, Nuria",1,,20,F,9,,1,Valle Lecrín,0,0,11
2454,11/04/2025,25/07/2025,12/04/2025,PIOBIN,15,22,9,8,3,5,30.4,16,"Aguilar Ruiz, Pilar",1,,20,F,2,6,2,Valle Lecrín,0,2,11
2455,09/12/2024,23/12/2024,14/12/2024,Sesión formativa: act. física,22,1,21,17,8,9,4.2,3,"Cortés Hidalgo, Fernando",1,,20,M,1,,1,Valle Lecrín,0,14,12
2456,19/08/2025,26/08/2025,24/08/2025,Sesión formativa: consumo alcohol,22,6,2,30,6,24,2.4,2,"Flores Rubio, Ana",1,,20,F,2,2,0,Valle Lecrín,1,7,14
2457,23/12/2025,31/12/2025,24/12/2025,Ponencia: tabaco,20,7,25,80,29,51,8.0,5,"Ortiz Alonso, Alberto",1,,20,M,6,,0,Valle Lecrín,0,8,0
2458,01/05/2025,14/08/2025,03/05/2025,IAHS,14,4,21,9,3,6,30.4,16,"Molina García, Juan",1,,20,M,2,2,1,Valle Lecrín,0,4,13
2459,04/09/2024,09/10/2024,06/09/2024,Taller de manejo enf. crónicas,23,16,8,27,13,14,13.8,6,"Aguilar Ruiz, Pilar",1,,20,F,2,6,0,Valle Lecrín,0,8,15
2460,27/05/2025,17/06/2025,29/05/2025,Reunión coordinación — vacunación,3,27,9,4,2,2,6.0,4,"Aguilar Ruiz, Pilar",1,,20,F,2,6,0,Valle Lecrín,0,10,8
2461,29/10/2025,26/11/2025,03/11/2025,Grupo diabetológico,7,20,21,20,4,16,10.5,5,"Flores Sánchez, Sara",1,,20,F,2,4,1,Valle Lecrín,0,12,12
2462,29/01/2024,19/02/2024,30/01/2024,PIOBIN,15,16,20,11,3,8,7.2,4,"Flores Rubio, Ana",1,,20,F,2,2,1,Valle Lecrín,0,4,10
2463,24/06/2024,24/06/2024,29/06/2024,Reunión coordinación — tabaco,3,7,2,10,4,6,1.8,1,"Cortés López, Silvia",1,,20,F,6,,1,Valle Lecrín,0,12,4
2464,22/02/2024,25/04/2024,22/02/2024,GRUSE,13,2,5,25,7,18,23.0,10,"Romero Carmona, Nuria",1,,20,F,9,,1,Valle Lecrín,0,4,10
2465,25/11/2025,16/12/2025,29/11/2025,Taller de bienestar emocional,23,4,1,20,7,13,8.8,4,"Ortiz Alonso, Alberto",1,,20,M,6,,1,Valle Lecrín,0,2,8
2466,21/03/2024,21/03/2024,22/03/2024,Sesión formativa: act. física,22,1,16,26,6,20,1.8,1,"Cortés López, Silvia",1,,20,F,6,,1,Valle Lecrín,0,12,10
2467,04/08/2025,17/11/2025,05/08/2025,PSIA,17,3,22,12,1,11,38.4,16,"Aguilar Ruiz, Pilar",1,,20,F,2,6,0,Valle Lecrín,0,4,8
2468,20/02/2024,20/02/2024,24/02/2024,Charla sobre act. física,0,1,7,20,5,15,1.7,1,"Cortés López, Silvia",1,,20,F,6,,0,Valle Lecrín,1,11,9
2469,11/04/2025,18/04/2025,15/04/2025,Actividad PS: act. física,24,1,7,14,7,7,3.2,2,"Cortés Hidalgo, Fernando",1,,20,M,1,,2,Valle Lecrín,0,5,13
2470,21/07/2025,28/07/2025,25/07/2025,Actividad PS: act. física,24,1,17,30,11,19,2.4,2,"Cortés Hidalgo, Fernando",1,,20,M,1,,0,Valle Lecrín,0,0,7
2471,18/07/2025,25/07/2025,19/07/2025,Sesión clínica: otras temáticas,21,30,11,21,8,13,2.6,2,"Cortés López, Silvia",1,,20,F,6,,2,Valle Lecrín,0,8,2
2472,07/09/2024,28/09/2024,08/09/2024,Taller de consumo alcohol,23,6,11,27,11,16,10.0,4,"Molina García, Juan",1,,20,M,2,2,2,Valle Lecrín,0,13,5
2473,07/07/2024,20/10/2024,10/07/2024,PIOBIN,15,12,25,14,4,10,27.2,16,"Flores Sánchez, Sara",1,,20,F,2,4,0,Valle Lecrín,0,13,8
2474,21/11/2025,26/12/2025,22/11/2025,Grupo EPOC/asma,8,20,1,10,4,6,13.8,6,"Molina García, Juan",1,,20,M,2,2,2,Valle Lecrín,1,0,9
2475,14/09/2025,21/09/2025,17/09/2025,Sesión formativa: manejo enf. crónicas,22,16,13,21,12,9,2.0,2,"Cortés López, Silvia",1,,20,F,6,,0,Valle Lecrín,0,8,1
2476,25/04/2025,08/08/2025,26/04/2025,PITA,16,22,12,16,6,10,38.4,16,"Aguilar Ruiz, Pilar",1,,20,F,2,6,0,Valle Lecrín,0,10,3
2477,18/02/2025,18/02/2025,18/02/2025,Mesa informativa: prev. accidentes,19,21,19,17,7,10,0.6,1,"Cortés Hidalgo, Fernando",1,,20,M,1,,2,Valle Lecrín,0,4,11
2478,05/10/2024,26/10/2024,05/10/2024,Actividad PS: alimentación saludable,24,3,19,11,3,8,4.8,4,"Cortés López, Silvia",1,,20,F,6,,0,Valle Lecrín,0,5,14
2479,26/08/2024,09/12/2024,31/08/2024,PSIA,17,8,15,17,3,14,28.8,16,"Flores Rubio, Ana",1,,20,F,2,2,0,Valle Lecrín,0,12,8
2480,23/02/2024,08/03/2024,23/02/2024,Actividad PS: prev. accidentes,24,21,25,20,9,11,3.6,3,"Cortés Hidalgo, Fernando",1,,20,M,1,,2,Valle Lecrín,0,3,14
2481,30/08/2024,30/08/2024,31/08/2024,Ponencia: salud bucodental,20,23,6,50,13,37,2.2,1,"Romero Carmona, Nuria",1,,20,F,9,,0,Valle Lecrín,0,13,3
2482,07/02/2025,21/02/2025,07/02/2025,Actividad PS: bienestar emocional,4,4,17,35,14,21,5.7,3,"Cortés López, Silvia",1,,20,F,6,,0,Valle Lecrín,1,0,0
2483,22/03/2025,29/03/2025,22/03/2025,Reunión coordinación — voluntades vitales,3,29,5,10,4,6,3.8,2,"Aguilar Ruiz, Pilar",1,,20,F,2,6,0,Valle Lecrín,0,4,14
2484,07/02/2025,21/03/2025,07/02/2025,PSIA,17,29,14,21,4,17,16.1,7,"Flores Sánchez, Sara",1,,20,F,2,4,0,Valle Lecrín,0,2,14
